ISO-10303-21;
HEADER;
/* Generated by software containing ST-Developer
 * from STEP Tools, Inc. (www.steptools.com) 
 */

FILE_DESCRIPTION(
/* description */ (''),
/* implementation_level */ '2;1');

FILE_NAME(
/* name */ 'BOTTOM.step',
/* time_stamp */ '2026-09-28T19:06:41+05:30',
/* author */ (''),
/* organization */ (''),
/* preprocessor_version */ 'ST-DEVELOPER v20.2',
/* originating_system */ 'Autodesk Translation Framework v15.15.0.0',
/* authorisation */ '');

FILE_SCHEMA (('AUTOMOTIVE_DESIGN { 1 0 10303 214 3 1 1 }'));
ENDSEC;

DATA;
#10=MECHANICAL_DESIGN_GEOMETRIC_PRESENTATION_REPRESENTATION('',(#13),#6745);
#11=SHAPE_REPRESENTATION_RELATIONSHIP('SRR','None',#6752,#12);
#12=ADVANCED_BREP_SHAPE_REPRESENTATION('',(#14),#6744);
#13=STYLED_ITEM('',(#6762),#14);
#14=MANIFOLD_SOLID_BREP('BOTTOM',#4190);
#15=FACE_BOUND('',#382,.T.);
#16=FACE_BOUND('',#386,.T.);
#17=FACE_BOUND('',#390,.T.);
#18=FACE_BOUND('',#403,.T.);
#19=FACE_BOUND('',#404,.T.);
#20=FACE_BOUND('',#433,.T.);
#21=FACE_BOUND('',#434,.T.);
#22=FACE_BOUND('',#501,.T.);
#23=FACE_BOUND('',#502,.T.);
#24=FACE_BOUND('',#503,.T.);
#25=FACE_BOUND('',#504,.T.);
#26=FACE_BOUND('',#505,.T.);
#27=FACE_BOUND('',#506,.T.);
#28=FACE_BOUND('',#507,.T.);
#29=FACE_BOUND('',#508,.T.);
#30=FACE_BOUND('',#509,.T.);
#31=FACE_BOUND('',#551,.T.);
#32=FACE_BOUND('',#552,.T.);
#33=FACE_BOUND('',#553,.T.);
#34=CYLINDRICAL_SURFACE('',#4259,2.04147621555016);
#35=CYLINDRICAL_SURFACE('',#4264,2.99999999999999);
#36=CYLINDRICAL_SURFACE('',#4272,2.04147621555016);
#37=CYLINDRICAL_SURFACE('',#4318,0.750000000000002);
#38=CYLINDRICAL_SURFACE('',#4322,0.749999999999993);
#39=CYLINDRICAL_SURFACE('',#4325,1.25);
#40=CYLINDRICAL_SURFACE('',#4330,0.75);
#41=CYLINDRICAL_SURFACE('',#4333,1.25);
#42=CYLINDRICAL_SURFACE('',#4338,1.25);
#43=CYLINDRICAL_SURFACE('',#4341,0.75);
#44=CYLINDRICAL_SURFACE('',#4345,0.749999999999993);
#45=CYLINDRICAL_SURFACE('',#4349,1.25);
#46=CYLINDRICAL_SURFACE('',#4353,0.750000000000002);
#47=CYLINDRICAL_SURFACE('',#4356,1.25);
#48=CYLINDRICAL_SURFACE('',#4360,1.25);
#49=CYLINDRICAL_SURFACE('',#4363,0.75);
#50=CYLINDRICAL_SURFACE('',#4367,0.749999999999993);
#51=CYLINDRICAL_SURFACE('',#4370,1.25);
#52=CYLINDRICAL_SURFACE('',#4421,0.75);
#53=CYLINDRICAL_SURFACE('',#4426,0.75);
#54=CYLINDRICAL_SURFACE('',#4431,0.75);
#55=CYLINDRICAL_SURFACE('',#4436,0.75);
#56=CYLINDRICAL_SURFACE('',#4441,0.75);
#57=CIRCLE('',#4256,2.04147621555016);
#58=CIRCLE('',#4258,2.04147621555016);
#59=CIRCLE('',#4260,2.04147621555016);
#60=CIRCLE('',#4262,2.99999999999999);
#61=CIRCLE('',#4263,2.04147621555016);
#62=CIRCLE('',#4265,2.99999999999999);
#63=CIRCLE('',#4266,2.99999999999999);
#64=CIRCLE('',#4267,2.99999999999999);
#65=CIRCLE('',#4268,2.99999999999999);
#66=CIRCLE('',#4301,0.749999999999993);
#67=CIRCLE('',#4303,0.75);
#68=CIRCLE('',#4304,0.75);
#69=CIRCLE('',#4306,0.749999999999993);
#70=CIRCLE('',#4308,0.749999999999993);
#71=CIRCLE('',#4310,0.75);
#72=CIRCLE('',#4311,0.75);
#73=CIRCLE('',#4313,0.75);
#74=CIRCLE('',#4314,0.75);
#75=CIRCLE('',#4316,0.750000000000002);
#76=CIRCLE('',#4319,0.750000000000002);
#77=CIRCLE('',#4320,0.750000000000002);
#78=CIRCLE('',#4323,0.749999999999993);
#79=CIRCLE('',#4324,0.749999999999993);
#80=CIRCLE('',#4326,1.25);
#81=CIRCLE('',#4327,1.25);
#82=CIRCLE('',#4331,0.75);
#83=CIRCLE('',#4332,0.75);
#84=CIRCLE('',#4334,1.25);
#85=CIRCLE('',#4335,1.25);
#86=CIRCLE('',#4339,1.25);
#87=CIRCLE('',#4340,1.25);
#88=CIRCLE('',#4342,0.75);
#89=CIRCLE('',#4343,0.75);
#90=CIRCLE('',#4346,0.749999999999993);
#91=CIRCLE('',#4347,0.749999999999993);
#92=CIRCLE('',#4348,0.749999999999993);
#93=CIRCLE('',#4350,1.25);
#94=CIRCLE('',#4351,1.25);
#95=CIRCLE('',#4354,0.750000000000002);
#96=CIRCLE('',#4355,0.750000000000002);
#97=CIRCLE('',#4357,1.25);
#98=CIRCLE('',#4358,1.25);
#99=CIRCLE('',#4361,1.25);
#100=CIRCLE('',#4362,1.25);
#101=CIRCLE('',#4364,0.75);
#102=CIRCLE('',#4365,0.75);
#103=CIRCLE('',#4368,0.749999999999993);
#104=CIRCLE('',#4369,0.749999999999993);
#105=CIRCLE('',#4371,1.25);
#106=CIRCLE('',#4372,1.25);
#107=CIRCLE('',#4422,0.75);
#108=CIRCLE('',#4423,0.75);
#109=CIRCLE('',#4427,0.75);
#110=CIRCLE('',#4428,0.75);
#111=CIRCLE('',#4432,0.75);
#112=CIRCLE('',#4433,0.75);
#113=CIRCLE('',#4437,0.75);
#114=CIRCLE('',#4438,0.75);
#115=CIRCLE('',#4442,0.75);
#116=CIRCLE('',#4443,0.75);
#117=FACE_OUTER_BOUND('',#327,.T.);
#118=FACE_OUTER_BOUND('',#328,.T.);
#119=FACE_OUTER_BOUND('',#329,.T.);
#120=FACE_OUTER_BOUND('',#330,.T.);
#121=FACE_OUTER_BOUND('',#331,.T.);
#122=FACE_OUTER_BOUND('',#332,.T.);
#123=FACE_OUTER_BOUND('',#333,.T.);
#124=FACE_OUTER_BOUND('',#334,.T.);
#125=FACE_OUTER_BOUND('',#335,.T.);
#126=FACE_OUTER_BOUND('',#336,.T.);
#127=FACE_OUTER_BOUND('',#337,.T.);
#128=FACE_OUTER_BOUND('',#338,.T.);
#129=FACE_OUTER_BOUND('',#339,.T.);
#130=FACE_OUTER_BOUND('',#340,.T.);
#131=FACE_OUTER_BOUND('',#341,.T.);
#132=FACE_OUTER_BOUND('',#342,.T.);
#133=FACE_OUTER_BOUND('',#343,.T.);
#134=FACE_OUTER_BOUND('',#344,.T.);
#135=FACE_OUTER_BOUND('',#345,.T.);
#136=FACE_OUTER_BOUND('',#346,.T.);
#137=FACE_OUTER_BOUND('',#347,.T.);
#138=FACE_OUTER_BOUND('',#348,.T.);
#139=FACE_OUTER_BOUND('',#349,.T.);
#140=FACE_OUTER_BOUND('',#350,.T.);
#141=FACE_OUTER_BOUND('',#351,.T.);
#142=FACE_OUTER_BOUND('',#352,.T.);
#143=FACE_OUTER_BOUND('',#353,.T.);
#144=FACE_OUTER_BOUND('',#354,.T.);
#145=FACE_OUTER_BOUND('',#355,.T.);
#146=FACE_OUTER_BOUND('',#356,.T.);
#147=FACE_OUTER_BOUND('',#357,.T.);
#148=FACE_OUTER_BOUND('',#358,.T.);
#149=FACE_OUTER_BOUND('',#359,.T.);
#150=FACE_OUTER_BOUND('',#360,.T.);
#151=FACE_OUTER_BOUND('',#361,.T.);
#152=FACE_OUTER_BOUND('',#362,.T.);
#153=FACE_OUTER_BOUND('',#363,.T.);
#154=FACE_OUTER_BOUND('',#364,.T.);
#155=FACE_OUTER_BOUND('',#365,.T.);
#156=FACE_OUTER_BOUND('',#366,.T.);
#157=FACE_OUTER_BOUND('',#367,.T.);
#158=FACE_OUTER_BOUND('',#368,.T.);
#159=FACE_OUTER_BOUND('',#369,.T.);
#160=FACE_OUTER_BOUND('',#370,.T.);
#161=FACE_OUTER_BOUND('',#371,.T.);
#162=FACE_OUTER_BOUND('',#372,.T.);
#163=FACE_OUTER_BOUND('',#373,.T.);
#164=FACE_OUTER_BOUND('',#374,.T.);
#165=FACE_OUTER_BOUND('',#375,.T.);
#166=FACE_OUTER_BOUND('',#376,.T.);
#167=FACE_OUTER_BOUND('',#377,.T.);
#168=FACE_OUTER_BOUND('',#378,.T.);
#169=FACE_OUTER_BOUND('',#379,.T.);
#170=FACE_OUTER_BOUND('',#380,.T.);
#171=FACE_OUTER_BOUND('',#381,.T.);
#172=FACE_OUTER_BOUND('',#383,.T.);
#173=FACE_OUTER_BOUND('',#384,.T.);
#174=FACE_OUTER_BOUND('',#385,.T.);
#175=FACE_OUTER_BOUND('',#387,.T.);
#176=FACE_OUTER_BOUND('',#388,.T.);
#177=FACE_OUTER_BOUND('',#389,.T.);
#178=FACE_OUTER_BOUND('',#391,.T.);
#179=FACE_OUTER_BOUND('',#392,.T.);
#180=FACE_OUTER_BOUND('',#393,.T.);
#181=FACE_OUTER_BOUND('',#394,.T.);
#182=FACE_OUTER_BOUND('',#395,.T.);
#183=FACE_OUTER_BOUND('',#396,.T.);
#184=FACE_OUTER_BOUND('',#397,.T.);
#185=FACE_OUTER_BOUND('',#398,.T.);
#186=FACE_OUTER_BOUND('',#399,.T.);
#187=FACE_OUTER_BOUND('',#400,.T.);
#188=FACE_OUTER_BOUND('',#401,.T.);
#189=FACE_OUTER_BOUND('',#402,.T.);
#190=FACE_OUTER_BOUND('',#405,.T.);
#191=FACE_OUTER_BOUND('',#406,.T.);
#192=FACE_OUTER_BOUND('',#407,.T.);
#193=FACE_OUTER_BOUND('',#408,.T.);
#194=FACE_OUTER_BOUND('',#409,.T.);
#195=FACE_OUTER_BOUND('',#410,.T.);
#196=FACE_OUTER_BOUND('',#411,.T.);
#197=FACE_OUTER_BOUND('',#412,.T.);
#198=FACE_OUTER_BOUND('',#413,.T.);
#199=FACE_OUTER_BOUND('',#414,.T.);
#200=FACE_OUTER_BOUND('',#415,.T.);
#201=FACE_OUTER_BOUND('',#416,.T.);
#202=FACE_OUTER_BOUND('',#417,.T.);
#203=FACE_OUTER_BOUND('',#418,.T.);
#204=FACE_OUTER_BOUND('',#419,.T.);
#205=FACE_OUTER_BOUND('',#420,.T.);
#206=FACE_OUTER_BOUND('',#421,.T.);
#207=FACE_OUTER_BOUND('',#422,.T.);
#208=FACE_OUTER_BOUND('',#423,.T.);
#209=FACE_OUTER_BOUND('',#424,.T.);
#210=FACE_OUTER_BOUND('',#425,.T.);
#211=FACE_OUTER_BOUND('',#426,.T.);
#212=FACE_OUTER_BOUND('',#427,.T.);
#213=FACE_OUTER_BOUND('',#428,.T.);
#214=FACE_OUTER_BOUND('',#429,.T.);
#215=FACE_OUTER_BOUND('',#430,.T.);
#216=FACE_OUTER_BOUND('',#431,.T.);
#217=FACE_OUTER_BOUND('',#432,.T.);
#218=FACE_OUTER_BOUND('',#435,.T.);
#219=FACE_OUTER_BOUND('',#436,.T.);
#220=FACE_OUTER_BOUND('',#437,.T.);
#221=FACE_OUTER_BOUND('',#438,.T.);
#222=FACE_OUTER_BOUND('',#439,.T.);
#223=FACE_OUTER_BOUND('',#440,.T.);
#224=FACE_OUTER_BOUND('',#441,.T.);
#225=FACE_OUTER_BOUND('',#442,.T.);
#226=FACE_OUTER_BOUND('',#443,.T.);
#227=FACE_OUTER_BOUND('',#444,.T.);
#228=FACE_OUTER_BOUND('',#445,.T.);
#229=FACE_OUTER_BOUND('',#446,.T.);
#230=FACE_OUTER_BOUND('',#447,.T.);
#231=FACE_OUTER_BOUND('',#448,.T.);
#232=FACE_OUTER_BOUND('',#449,.T.);
#233=FACE_OUTER_BOUND('',#450,.T.);
#234=FACE_OUTER_BOUND('',#451,.T.);
#235=FACE_OUTER_BOUND('',#452,.T.);
#236=FACE_OUTER_BOUND('',#453,.T.);
#237=FACE_OUTER_BOUND('',#454,.T.);
#238=FACE_OUTER_BOUND('',#455,.T.);
#239=FACE_OUTER_BOUND('',#456,.T.);
#240=FACE_OUTER_BOUND('',#457,.T.);
#241=FACE_OUTER_BOUND('',#458,.T.);
#242=FACE_OUTER_BOUND('',#459,.T.);
#243=FACE_OUTER_BOUND('',#460,.T.);
#244=FACE_OUTER_BOUND('',#461,.T.);
#245=FACE_OUTER_BOUND('',#462,.T.);
#246=FACE_OUTER_BOUND('',#463,.T.);
#247=FACE_OUTER_BOUND('',#464,.T.);
#248=FACE_OUTER_BOUND('',#465,.T.);
#249=FACE_OUTER_BOUND('',#466,.T.);
#250=FACE_OUTER_BOUND('',#467,.T.);
#251=FACE_OUTER_BOUND('',#468,.T.);
#252=FACE_OUTER_BOUND('',#469,.T.);
#253=FACE_OUTER_BOUND('',#470,.T.);
#254=FACE_OUTER_BOUND('',#471,.T.);
#255=FACE_OUTER_BOUND('',#472,.T.);
#256=FACE_OUTER_BOUND('',#473,.T.);
#257=FACE_OUTER_BOUND('',#474,.T.);
#258=FACE_OUTER_BOUND('',#475,.T.);
#259=FACE_OUTER_BOUND('',#476,.T.);
#260=FACE_OUTER_BOUND('',#477,.T.);
#261=FACE_OUTER_BOUND('',#478,.T.);
#262=FACE_OUTER_BOUND('',#479,.T.);
#263=FACE_OUTER_BOUND('',#480,.T.);
#264=FACE_OUTER_BOUND('',#481,.T.);
#265=FACE_OUTER_BOUND('',#482,.T.);
#266=FACE_OUTER_BOUND('',#483,.T.);
#267=FACE_OUTER_BOUND('',#484,.T.);
#268=FACE_OUTER_BOUND('',#485,.T.);
#269=FACE_OUTER_BOUND('',#486,.T.);
#270=FACE_OUTER_BOUND('',#487,.T.);
#271=FACE_OUTER_BOUND('',#488,.T.);
#272=FACE_OUTER_BOUND('',#489,.T.);
#273=FACE_OUTER_BOUND('',#490,.T.);
#274=FACE_OUTER_BOUND('',#491,.T.);
#275=FACE_OUTER_BOUND('',#492,.T.);
#276=FACE_OUTER_BOUND('',#493,.T.);
#277=FACE_OUTER_BOUND('',#494,.T.);
#278=FACE_OUTER_BOUND('',#495,.T.);
#279=FACE_OUTER_BOUND('',#496,.T.);
#280=FACE_OUTER_BOUND('',#497,.T.);
#281=FACE_OUTER_BOUND('',#498,.T.);
#282=FACE_OUTER_BOUND('',#499,.T.);
#283=FACE_OUTER_BOUND('',#500,.T.);
#284=FACE_OUTER_BOUND('',#510,.T.);
#285=FACE_OUTER_BOUND('',#511,.T.);
#286=FACE_OUTER_BOUND('',#512,.T.);
#287=FACE_OUTER_BOUND('',#513,.T.);
#288=FACE_OUTER_BOUND('',#514,.T.);
#289=FACE_OUTER_BOUND('',#515,.T.);
#290=FACE_OUTER_BOUND('',#516,.T.);
#291=FACE_OUTER_BOUND('',#517,.T.);
#292=FACE_OUTER_BOUND('',#518,.T.);
#293=FACE_OUTER_BOUND('',#519,.T.);
#294=FACE_OUTER_BOUND('',#520,.T.);
#295=FACE_OUTER_BOUND('',#521,.T.);
#296=FACE_OUTER_BOUND('',#522,.T.);
#297=FACE_OUTER_BOUND('',#523,.T.);
#298=FACE_OUTER_BOUND('',#524,.T.);
#299=FACE_OUTER_BOUND('',#525,.T.);
#300=FACE_OUTER_BOUND('',#526,.T.);
#301=FACE_OUTER_BOUND('',#527,.T.);
#302=FACE_OUTER_BOUND('',#528,.T.);
#303=FACE_OUTER_BOUND('',#529,.T.);
#304=FACE_OUTER_BOUND('',#530,.T.);
#305=FACE_OUTER_BOUND('',#531,.T.);
#306=FACE_OUTER_BOUND('',#532,.T.);
#307=FACE_OUTER_BOUND('',#533,.T.);
#308=FACE_OUTER_BOUND('',#534,.T.);
#309=FACE_OUTER_BOUND('',#535,.T.);
#310=FACE_OUTER_BOUND('',#536,.T.);
#311=FACE_OUTER_BOUND('',#537,.T.);
#312=FACE_OUTER_BOUND('',#538,.T.);
#313=FACE_OUTER_BOUND('',#539,.T.);
#314=FACE_OUTER_BOUND('',#540,.T.);
#315=FACE_OUTER_BOUND('',#541,.T.);
#316=FACE_OUTER_BOUND('',#542,.T.);
#317=FACE_OUTER_BOUND('',#543,.T.);
#318=FACE_OUTER_BOUND('',#544,.T.);
#319=FACE_OUTER_BOUND('',#545,.T.);
#320=FACE_OUTER_BOUND('',#546,.T.);
#321=FACE_OUTER_BOUND('',#547,.T.);
#322=FACE_OUTER_BOUND('',#548,.T.);
#323=FACE_OUTER_BOUND('',#549,.T.);
#324=FACE_OUTER_BOUND('',#550,.T.);
#325=FACE_OUTER_BOUND('',#554,.T.);
#326=FACE_OUTER_BOUND('',#555,.T.);
#327=EDGE_LOOP('',(#2605,#2606,#2607,#2608));
#328=EDGE_LOOP('',(#2609,#2610,#2611,#2612));
#329=EDGE_LOOP('',(#2613,#2614,#2615,#2616,#2617));
#330=EDGE_LOOP('',(#2618,#2619,#2620,#2621));
#331=EDGE_LOOP('',(#2622,#2623,#2624,#2625));
#332=EDGE_LOOP('',(#2626,#2627,#2628,#2629,#2630));
#333=EDGE_LOOP('',(#2631,#2632,#2633,#2634));
#334=EDGE_LOOP('',(#2635,#2636,#2637,#2638));
#335=EDGE_LOOP('',(#2639,#2640,#2641,#2642,#2643));
#336=EDGE_LOOP('',(#2644,#2645,#2646,#2647));
#337=EDGE_LOOP('',(#2648,#2649,#2650,#2651));
#338=EDGE_LOOP('',(#2652,#2653,#2654,#2655,#2656));
#339=EDGE_LOOP('',(#2657,#2658,#2659,#2660));
#340=EDGE_LOOP('',(#2661,#2662,#2663,#2664));
#341=EDGE_LOOP('',(#2665,#2666,#2667,#2668,#2669));
#342=EDGE_LOOP('',(#2670,#2671,#2672,#2673,#2674,#2675,#2676,#2677,#2678,
#2679,#2680,#2681,#2682,#2683,#2684,#2685,#2686,#2687,#2688,#2689,#2690,
#2691,#2692,#2693,#2694,#2695,#2696,#2697,#2698));
#343=EDGE_LOOP('',(#2699,#2700,#2701,#2702));
#344=EDGE_LOOP('',(#2703,#2704,#2705,#2706));
#345=EDGE_LOOP('',(#2707,#2708,#2709,#2710));
#346=EDGE_LOOP('',(#2711,#2712,#2713,#2714));
#347=EDGE_LOOP('',(#2715,#2716,#2717,#2718));
#348=EDGE_LOOP('',(#2719,#2720,#2721,#2722));
#349=EDGE_LOOP('',(#2723,#2724,#2725,#2726));
#350=EDGE_LOOP('',(#2727,#2728,#2729,#2730));
#351=EDGE_LOOP('',(#2731,#2732,#2733,#2734));
#352=EDGE_LOOP('',(#2735,#2736,#2737,#2738));
#353=EDGE_LOOP('',(#2739,#2740,#2741,#2742,#2743,#2744,#2745,#2746));
#354=EDGE_LOOP('',(#2747,#2748,#2749,#2750));
#355=EDGE_LOOP('',(#2751,#2752,#2753,#2754));
#356=EDGE_LOOP('',(#2755,#2756,#2757,#2758,#2759,#2760,#2761,#2762));
#357=EDGE_LOOP('',(#2763,#2764,#2765,#2766,#2767));
#358=EDGE_LOOP('',(#2768,#2769,#2770,#2771,#2772,#2773,#2774,#2775));
#359=EDGE_LOOP('',(#2776,#2777,#2778,#2779));
#360=EDGE_LOOP('',(#2780,#2781,#2782,#2783));
#361=EDGE_LOOP('',(#2784,#2785,#2786,#2787,#2788,#2789,#2790,#2791));
#362=EDGE_LOOP('',(#2792,#2793,#2794,#2795,#2796));
#363=EDGE_LOOP('',(#2797,#2798,#2799,#2800,#2801,#2802,#2803,#2804));
#364=EDGE_LOOP('',(#2805,#2806,#2807,#2808));
#365=EDGE_LOOP('',(#2809,#2810,#2811,#2812));
#366=EDGE_LOOP('',(#2813,#2814,#2815,#2816,#2817,#2818,#2819,#2820));
#367=EDGE_LOOP('',(#2821,#2822,#2823,#2824,#2825));
#368=EDGE_LOOP('',(#2826,#2827,#2828,#2829,#2830,#2831,#2832,#2833));
#369=EDGE_LOOP('',(#2834,#2835,#2836,#2837));
#370=EDGE_LOOP('',(#2838,#2839,#2840,#2841));
#371=EDGE_LOOP('',(#2842,#2843,#2844,#2845,#2846,#2847,#2848,#2849));
#372=EDGE_LOOP('',(#2850,#2851,#2852,#2853,#2854));
#373=EDGE_LOOP('',(#2855,#2856,#2857,#2858,#2859,#2860,#2861,#2862));
#374=EDGE_LOOP('',(#2863,#2864,#2865,#2866));
#375=EDGE_LOOP('',(#2867,#2868,#2869,#2870));
#376=EDGE_LOOP('',(#2871,#2872,#2873,#2874,#2875,#2876,#2877,#2878));
#377=EDGE_LOOP('',(#2879,#2880,#2881,#2882,#2883));
#378=EDGE_LOOP('',(#2884));
#379=EDGE_LOOP('',(#2885));
#380=EDGE_LOOP('',(#2886,#2887,#2888,#2889));
#381=EDGE_LOOP('',(#2890));
#382=EDGE_LOOP('',(#2891));
#383=EDGE_LOOP('',(#2892,#2893,#2894,#2895,#2896,#2897,#2898,#2899,#2900,
#2901));
#384=EDGE_LOOP('',(#2902,#2903,#2904,#2905));
#385=EDGE_LOOP('',(#2906,#2907,#2908,#2909,#2910,#2911,#2912,#2913,#2914,
#2915,#2916,#2917,#2918,#2919,#2920,#2921,#2922,#2923));
#386=EDGE_LOOP('',(#2924,#2925,#2926,#2927));
#387=EDGE_LOOP('',(#2928,#2929,#2930,#2931));
#388=EDGE_LOOP('',(#2932,#2933,#2934,#2935));
#389=EDGE_LOOP('',(#2936,#2937,#2938,#2939,#2940,#2941,#2942,#2943));
#390=EDGE_LOOP('',(#2944));
#391=EDGE_LOOP('',(#2945,#2946,#2947,#2948));
#392=EDGE_LOOP('',(#2949,#2950,#2951,#2952,#2953,#2954,#2955,#2956,#2957));
#393=EDGE_LOOP('',(#2958,#2959,#2960,#2961));
#394=EDGE_LOOP('',(#2962,#2963,#2964,#2965));
#395=EDGE_LOOP('',(#2966,#2967,#2968,#2969));
#396=EDGE_LOOP('',(#2970,#2971,#2972,#2973));
#397=EDGE_LOOP('',(#2974,#2975,#2976,#2977,#2978,#2979,#2980,#2981,#2982,
#2983));
#398=EDGE_LOOP('',(#2984,#2985,#2986,#2987));
#399=EDGE_LOOP('',(#2988,#2989,#2990,#2991));
#400=EDGE_LOOP('',(#2992,#2993,#2994,#2995));
#401=EDGE_LOOP('',(#2996,#2997,#2998,#2999,#3000,#3001));
#402=EDGE_LOOP('',(#3002,#3003,#3004,#3005));
#403=EDGE_LOOP('',(#3006,#3007,#3008,#3009));
#404=EDGE_LOOP('',(#3010,#3011,#3012,#3013));
#405=EDGE_LOOP('',(#3014,#3015,#3016,#3017));
#406=EDGE_LOOP('',(#3018,#3019,#3020,#3021));
#407=EDGE_LOOP('',(#3022,#3023,#3024,#3025));
#408=EDGE_LOOP('',(#3026,#3027,#3028,#3029,#3030,#3031,#3032,#3033));
#409=EDGE_LOOP('',(#3034,#3035,#3036,#3037));
#410=EDGE_LOOP('',(#3038,#3039,#3040,#3041));
#411=EDGE_LOOP('',(#3042,#3043,#3044,#3045,#3046,#3047,#3048,#3049));
#412=EDGE_LOOP('',(#3050,#3051,#3052,#3053));
#413=EDGE_LOOP('',(#3054,#3055,#3056,#3057));
#414=EDGE_LOOP('',(#3058,#3059,#3060,#3061,#3062,#3063,#3064,#3065));
#415=EDGE_LOOP('',(#3066,#3067,#3068,#3069));
#416=EDGE_LOOP('',(#3070,#3071,#3072,#3073));
#417=EDGE_LOOP('',(#3074,#3075,#3076,#3077,#3078,#3079,#3080,#3081));
#418=EDGE_LOOP('',(#3082,#3083,#3084,#3085,#3086,#3087,#3088,#3089));
#419=EDGE_LOOP('',(#3090,#3091));
#420=EDGE_LOOP('',(#3092,#3093,#3094,#3095));
#421=EDGE_LOOP('',(#3096,#3097,#3098));
#422=EDGE_LOOP('',(#3099,#3100,#3101));
#423=EDGE_LOOP('',(#3102,#3103,#3104));
#424=EDGE_LOOP('',(#3105,#3106,#3107,#3108));
#425=EDGE_LOOP('',(#3109,#3110));
#426=EDGE_LOOP('',(#3111,#3112,#3113,#3114,#3115,#3116,#3117,#3118,#3119,
#3120,#3121,#3122,#3123,#3124,#3125,#3126));
#427=EDGE_LOOP('',(#3127,#3128,#3129,#3130));
#428=EDGE_LOOP('',(#3131));
#429=EDGE_LOOP('',(#3132,#3133,#3134,#3135,#3136));
#430=EDGE_LOOP('',(#3137,#3138,#3139,#3140));
#431=EDGE_LOOP('',(#3141,#3142,#3143,#3144));
#432=EDGE_LOOP('',(#3145,#3146,#3147,#3148,#3149,#3150,#3151,#3152,#3153,
#3154,#3155,#3156,#3157,#3158,#3159,#3160,#3161,#3162,#3163,#3164,#3165,
#3166,#3167,#3168,#3169,#3170));
#433=EDGE_LOOP('',(#3171,#3172,#3173,#3174));
#434=EDGE_LOOP('',(#3175,#3176,#3177,#3178,#3179,#3180));
#435=EDGE_LOOP('',(#3181,#3182,#3183,#3184,#3185,#3186));
#436=EDGE_LOOP('',(#3187,#3188,#3189,#3190));
#437=EDGE_LOOP('',(#3191,#3192,#3193,#3194));
#438=EDGE_LOOP('',(#3195,#3196,#3197,#3198,#3199,#3200,#3201,#3202,#3203,
#3204,#3205,#3206,#3207,#3208,#3209,#3210));
#439=EDGE_LOOP('',(#3211,#3212,#3213,#3214));
#440=EDGE_LOOP('',(#3215,#3216,#3217,#3218,#3219,#3220));
#441=EDGE_LOOP('',(#3221,#3222,#3223,#3224));
#442=EDGE_LOOP('',(#3225,#3226,#3227,#3228,#3229,#3230));
#443=EDGE_LOOP('',(#3231,#3232,#3233,#3234));
#444=EDGE_LOOP('',(#3235,#3236,#3237,#3238,#3239));
#445=EDGE_LOOP('',(#3240,#3241,#3242,#3243,#3244));
#446=EDGE_LOOP('',(#3245,#3246,#3247,#3248));
#447=EDGE_LOOP('',(#3249,#3250,#3251,#3252));
#448=EDGE_LOOP('',(#3253,#3254,#3255,#3256));
#449=EDGE_LOOP('',(#3257,#3258,#3259,#3260,#3261,#3262));
#450=EDGE_LOOP('',(#3263,#3264,#3265,#3266));
#451=EDGE_LOOP('',(#3267,#3268,#3269,#3270,#3271));
#452=EDGE_LOOP('',(#3272,#3273,#3274,#3275));
#453=EDGE_LOOP('',(#3276,#3277,#3278,#3279));
#454=EDGE_LOOP('',(#3280,#3281,#3282,#3283));
#455=EDGE_LOOP('',(#3284,#3285,#3286,#3287));
#456=EDGE_LOOP('',(#3288,#3289,#3290,#3291,#3292));
#457=EDGE_LOOP('',(#3293,#3294,#3295,#3296,#3297));
#458=EDGE_LOOP('',(#3298,#3299,#3300,#3301,#3302,#3303,#3304,#3305));
#459=EDGE_LOOP('',(#3306,#3307,#3308,#3309));
#460=EDGE_LOOP('',(#3310,#3311,#3312,#3313));
#461=EDGE_LOOP('',(#3314,#3315,#3316,#3317));
#462=EDGE_LOOP('',(#3318,#3319,#3320,#3321));
#463=EDGE_LOOP('',(#3322,#3323,#3324,#3325));
#464=EDGE_LOOP('',(#3326,#3327,#3328,#3329));
#465=EDGE_LOOP('',(#3330,#3331,#3332,#3333));
#466=EDGE_LOOP('',(#3334,#3335,#3336,#3337));
#467=EDGE_LOOP('',(#3338,#3339,#3340,#3341));
#468=EDGE_LOOP('',(#3342,#3343,#3344,#3345));
#469=EDGE_LOOP('',(#3346,#3347,#3348,#3349));
#470=EDGE_LOOP('',(#3350,#3351,#3352,#3353));
#471=EDGE_LOOP('',(#3354,#3355,#3356,#3357));
#472=EDGE_LOOP('',(#3358,#3359,#3360,#3361));
#473=EDGE_LOOP('',(#3362,#3363,#3364,#3365));
#474=EDGE_LOOP('',(#3366,#3367,#3368,#3369));
#475=EDGE_LOOP('',(#3370,#3371,#3372,#3373));
#476=EDGE_LOOP('',(#3374,#3375,#3376,#3377,#3378));
#477=EDGE_LOOP('',(#3379,#3380,#3381,#3382));
#478=EDGE_LOOP('',(#3383,#3384,#3385,#3386,#3387));
#479=EDGE_LOOP('',(#3388,#3389,#3390,#3391));
#480=EDGE_LOOP('',(#3392,#3393,#3394,#3395));
#481=EDGE_LOOP('',(#3396,#3397,#3398,#3399,#3400));
#482=EDGE_LOOP('',(#3401,#3402,#3403,#3404,#3405));
#483=EDGE_LOOP('',(#3406,#3407,#3408,#3409));
#484=EDGE_LOOP('',(#3410,#3411,#3412,#3413,#3414,#3415,#3416,#3417));
#485=EDGE_LOOP('',(#3418,#3419,#3420,#3421));
#486=EDGE_LOOP('',(#3422,#3423,#3424,#3425,#3426,#3427,#3428,#3429));
#487=EDGE_LOOP('',(#3430,#3431,#3432,#3433,#3434,#3435,#3436,#3437));
#488=EDGE_LOOP('',(#3438,#3439,#3440,#3441,#3442,#3443));
#489=EDGE_LOOP('',(#3444,#3445,#3446,#3447,#3448,#3449));
#490=EDGE_LOOP('',(#3450,#3451,#3452,#3453));
#491=EDGE_LOOP('',(#3454,#3455,#3456,#3457));
#492=EDGE_LOOP('',(#3458,#3459,#3460,#3461));
#493=EDGE_LOOP('',(#3462,#3463,#3464,#3465,#3466,#3467,#3468,#3469));
#494=EDGE_LOOP('',(#3470,#3471,#3472,#3473,#3474,#3475,#3476,#3477));
#495=EDGE_LOOP('',(#3478,#3479,#3480,#3481));
#496=EDGE_LOOP('',(#3482,#3483,#3484,#3485,#3486,#3487,#3488,#3489,#3490,
#3491,#3492,#3493,#3494,#3495,#3496,#3497));
#497=EDGE_LOOP('',(#3498,#3499,#3500,#3501));
#498=EDGE_LOOP('',(#3502,#3503,#3504,#3505));
#499=EDGE_LOOP('',(#3506,#3507,#3508,#3509,#3510,#3511,#3512,#3513,#3514,
#3515,#3516,#3517,#3518,#3519,#3520,#3521,#3522,#3523,#3524,#3525,#3526,
#3527,#3528,#3529,#3530,#3531,#3532,#3533,#3534));
#500=EDGE_LOOP('',(#3535,#3536,#3537,#3538,#3539,#3540,#3541,#3542,#3543,
#3544,#3545,#3546));
#501=EDGE_LOOP('',(#3547));
#502=EDGE_LOOP('',(#3548,#3549,#3550,#3551,#3552,#3553,#3554,#3555,#3556,
#3557,#3558,#3559,#3560,#3561,#3562,#3563,#3564,#3565,#3566,#3567,#3568,
#3569));
#503=EDGE_LOOP('',(#3570));
#504=EDGE_LOOP('',(#3571));
#505=EDGE_LOOP('',(#3572));
#506=EDGE_LOOP('',(#3573));
#507=EDGE_LOOP('',(#3574));
#508=EDGE_LOOP('',(#3575));
#509=EDGE_LOOP('',(#3576));
#510=EDGE_LOOP('',(#3577,#3578,#3579,#3580));
#511=EDGE_LOOP('',(#3581,#3582,#3583,#3584,#3585,#3586,#3587));
#512=EDGE_LOOP('',(#3588,#3589,#3590,#3591));
#513=EDGE_LOOP('',(#3592,#3593,#3594,#3595));
#514=EDGE_LOOP('',(#3596,#3597,#3598,#3599,#3600,#3601,#3602));
#515=EDGE_LOOP('',(#3603,#3604,#3605,#3606));
#516=EDGE_LOOP('',(#3607,#3608,#3609,#3610));
#517=EDGE_LOOP('',(#3611,#3612,#3613,#3614,#3615,#3616,#3617));
#518=EDGE_LOOP('',(#3618,#3619,#3620,#3621));
#519=EDGE_LOOP('',(#3622,#3623,#3624,#3625));
#520=EDGE_LOOP('',(#3626,#3627,#3628,#3629,#3630,#3631,#3632));
#521=EDGE_LOOP('',(#3633,#3634,#3635,#3636));
#522=EDGE_LOOP('',(#3637,#3638,#3639,#3640));
#523=EDGE_LOOP('',(#3641,#3642,#3643,#3644));
#524=EDGE_LOOP('',(#3645,#3646,#3647,#3648,#3649,#3650,#3651));
#525=EDGE_LOOP('',(#3652,#3653,#3654,#3655));
#526=EDGE_LOOP('',(#3656,#3657,#3658,#3659,#3660,#3661,#3662));
#527=EDGE_LOOP('',(#3663,#3664,#3665,#3666));
#528=EDGE_LOOP('',(#3667,#3668,#3669,#3670));
#529=EDGE_LOOP('',(#3671,#3672,#3673,#3674));
#530=EDGE_LOOP('',(#3675,#3676,#3677,#3678));
#531=EDGE_LOOP('',(#3679,#3680,#3681,#3682));
#532=EDGE_LOOP('',(#3683,#3684,#3685,#3686,#3687,#3688,#3689));
#533=EDGE_LOOP('',(#3690,#3691,#3692,#3693));
#534=EDGE_LOOP('',(#3694,#3695,#3696,#3697));
#535=EDGE_LOOP('',(#3698,#3699,#3700,#3701));
#536=EDGE_LOOP('',(#3702,#3703,#3704,#3705));
#537=EDGE_LOOP('',(#3706,#3707,#3708,#3709));
#538=EDGE_LOOP('',(#3710,#3711,#3712,#3713));
#539=EDGE_LOOP('',(#3714,#3715,#3716,#3717));
#540=EDGE_LOOP('',(#3718,#3719,#3720,#3721,#3722,#3723,#3724));
#541=EDGE_LOOP('',(#3725,#3726,#3727,#3728));
#542=EDGE_LOOP('',(#3729,#3730,#3731,#3732));
#543=EDGE_LOOP('',(#3733,#3734,#3735,#3736));
#544=EDGE_LOOP('',(#3737,#3738,#3739,#3740));
#545=EDGE_LOOP('',(#3741,#3742,#3743,#3744,#3745,#3746,#3747));
#546=EDGE_LOOP('',(#3748,#3749,#3750,#3751));
#547=EDGE_LOOP('',(#3752,#3753,#3754,#3755));
#548=EDGE_LOOP('',(#3756,#3757,#3758,#3759));
#549=EDGE_LOOP('',(#3760,#3761,#3762,#3763,#3764,#3765,#3766));
#550=EDGE_LOOP('',(#3767,#3768,#3769,#3770,#3771,#3772));
#551=EDGE_LOOP('',(#3773,#3774,#3775,#3776));
#552=EDGE_LOOP('',(#3777,#3778,#3779,#3780));
#553=EDGE_LOOP('',(#3781,#3782,#3783,#3784));
#554=EDGE_LOOP('',(#3785,#3786,#3787,#3788));
#555=EDGE_LOOP('',(#3789,#3790,#3791,#3792));
#556=LINE('',#5554,#1090);
#557=LINE('',#5556,#1091);
#558=LINE('',#5558,#1092);
#559=LINE('',#5559,#1093);
#560=LINE('',#5562,#1094);
#561=LINE('',#5564,#1095);
#562=LINE('',#5565,#1096);
#563=LINE('',#5568,#1097);
#564=LINE('',#5570,#1098);
#565=LINE('',#5571,#1099);
#566=LINE('',#5575,#1100);
#567=LINE('',#5577,#1101);
#568=LINE('',#5579,#1102);
#569=LINE('',#5580,#1103);
#570=LINE('',#5583,#1104);
#571=LINE('',#5585,#1105);
#572=LINE('',#5586,#1106);
#573=LINE('',#5589,#1107);
#574=LINE('',#5591,#1108);
#575=LINE('',#5592,#1109);
#576=LINE('',#5596,#1110);
#577=LINE('',#5598,#1111);
#578=LINE('',#5600,#1112);
#579=LINE('',#5601,#1113);
#580=LINE('',#5604,#1114);
#581=LINE('',#5606,#1115);
#582=LINE('',#5607,#1116);
#583=LINE('',#5610,#1117);
#584=LINE('',#5612,#1118);
#585=LINE('',#5613,#1119);
#586=LINE('',#5617,#1120);
#587=LINE('',#5619,#1121);
#588=LINE('',#5621,#1122);
#589=LINE('',#5622,#1123);
#590=LINE('',#5625,#1124);
#591=LINE('',#5627,#1125);
#592=LINE('',#5628,#1126);
#593=LINE('',#5631,#1127);
#594=LINE('',#5633,#1128);
#595=LINE('',#5634,#1129);
#596=LINE('',#5638,#1130);
#597=LINE('',#5640,#1131);
#598=LINE('',#5642,#1132);
#599=LINE('',#5643,#1133);
#600=LINE('',#5646,#1134);
#601=LINE('',#5648,#1135);
#602=LINE('',#5649,#1136);
#603=LINE('',#5652,#1137);
#604=LINE('',#5654,#1138);
#605=LINE('',#5655,#1139);
#606=LINE('',#5658,#1140);
#607=LINE('',#5660,#1141);
#608=LINE('',#5662,#1142);
#609=LINE('',#5663,#1143);
#610=LINE('',#5665,#1144);
#611=LINE('',#5667,#1145);
#612=LINE('',#5668,#1146);
#613=LINE('',#5670,#1147);
#614=LINE('',#5672,#1148);
#615=LINE('',#5673,#1149);
#616=LINE('',#5675,#1150);
#617=LINE('',#5677,#1151);
#618=LINE('',#5678,#1152);
#619=LINE('',#5680,#1153);
#620=LINE('',#5682,#1154);
#621=LINE('',#5684,#1155);
#622=LINE('',#5686,#1156);
#623=LINE('',#5688,#1157);
#624=LINE('',#5689,#1158);
#625=LINE('',#5692,#1159);
#626=LINE('',#5694,#1160);
#627=LINE('',#5695,#1161);
#628=LINE('',#5698,#1162);
#629=LINE('',#5700,#1163);
#630=LINE('',#5701,#1164);
#631=LINE('',#5704,#1165);
#632=LINE('',#5706,#1166);
#633=LINE('',#5707,#1167);
#634=LINE('',#5710,#1168);
#635=LINE('',#5712,#1169);
#636=LINE('',#5713,#1170);
#637=LINE('',#5716,#1171);
#638=LINE('',#5718,#1172);
#639=LINE('',#5719,#1173);
#640=LINE('',#5722,#1174);
#641=LINE('',#5724,#1175);
#642=LINE('',#5725,#1176);
#643=LINE('',#5728,#1177);
#644=LINE('',#5730,#1178);
#645=LINE('',#5731,#1179);
#646=LINE('',#5734,#1180);
#647=LINE('',#5736,#1181);
#648=LINE('',#5737,#1182);
#649=LINE('',#5740,#1183);
#650=LINE('',#5742,#1184);
#651=LINE('',#5743,#1185);
#652=LINE('',#5746,#1186);
#653=LINE('',#5748,#1187);
#654=LINE('',#5749,#1188);
#655=LINE('',#5752,#1189);
#656=LINE('',#5754,#1190);
#657=LINE('',#5755,#1191);
#658=LINE('',#5758,#1192);
#659=LINE('',#5760,#1193);
#660=LINE('',#5761,#1194);
#661=LINE('',#5764,#1195);
#662=LINE('',#5766,#1196);
#663=LINE('',#5767,#1197);
#664=LINE('',#5770,#1198);
#665=LINE('',#5771,#1199);
#666=LINE('',#5772,#1200);
#667=LINE('',#5777,#1201);
#668=LINE('',#5779,#1202);
#669=LINE('',#5780,#1203);
#670=LINE('',#5781,#1204);
#671=LINE('',#5784,#1205);
#672=LINE('',#5786,#1206);
#673=LINE('',#5787,#1207);
#674=LINE('',#5790,#1208);
#675=LINE('',#5792,#1209);
#676=LINE('',#5793,#1210);
#677=LINE('',#5795,#1211);
#678=LINE('',#5796,#1212);
#679=LINE('',#5800,#1213);
#680=LINE('',#5802,#1214);
#681=LINE('',#5803,#1215);
#682=LINE('',#5806,#1216);
#683=LINE('',#5808,#1217);
#684=LINE('',#5809,#1218);
#685=LINE('',#5812,#1219);
#686=LINE('',#5814,#1220);
#687=LINE('',#5815,#1221);
#688=LINE('',#5817,#1222);
#689=LINE('',#5818,#1223);
#690=LINE('',#5822,#1224);
#691=LINE('',#5824,#1225);
#692=LINE('',#5825,#1226);
#693=LINE('',#5828,#1227);
#694=LINE('',#5830,#1228);
#695=LINE('',#5831,#1229);
#696=LINE('',#5834,#1230);
#697=LINE('',#5836,#1231);
#698=LINE('',#5837,#1232);
#699=LINE('',#5839,#1233);
#700=LINE('',#5840,#1234);
#701=LINE('',#5844,#1235);
#702=LINE('',#5846,#1236);
#703=LINE('',#5847,#1237);
#704=LINE('',#5850,#1238);
#705=LINE('',#5852,#1239);
#706=LINE('',#5853,#1240);
#707=LINE('',#5856,#1241);
#708=LINE('',#5858,#1242);
#709=LINE('',#5859,#1243);
#710=LINE('',#5861,#1244);
#711=LINE('',#5862,#1245);
#712=LINE('',#5872,#1246);
#713=LINE('',#5882,#1247);
#714=LINE('',#5886,#1248);
#715=LINE('',#5889,#1249);
#716=LINE('',#5893,#1250);
#717=LINE('',#5897,#1251);
#718=LINE('',#5899,#1252);
#719=LINE('',#5900,#1253);
#720=LINE('',#5903,#1254);
#721=LINE('',#5905,#1255);
#722=LINE('',#5907,#1256);
#723=LINE('',#5909,#1257);
#724=LINE('',#5911,#1258);
#725=LINE('',#5913,#1259);
#726=LINE('',#5915,#1260);
#727=LINE('',#5917,#1261);
#728=LINE('',#5919,#1262);
#729=LINE('',#5921,#1263);
#730=LINE('',#5923,#1264);
#731=LINE('',#5925,#1265);
#732=LINE('',#5927,#1266);
#733=LINE('',#5929,#1267);
#734=LINE('',#5931,#1268);
#735=LINE('',#5932,#1269);
#736=LINE('',#5935,#1270);
#737=LINE('',#5937,#1271);
#738=LINE('',#5939,#1272);
#739=LINE('',#5940,#1273);
#740=LINE('',#5943,#1274);
#741=LINE('',#5944,#1275);
#742=LINE('',#5946,#1276);
#743=LINE('',#5949,#1277);
#744=LINE('',#5951,#1278);
#745=LINE('',#5953,#1279);
#746=LINE('',#5955,#1280);
#747=LINE('',#5956,#1281);
#748=LINE('',#5959,#1282);
#749=LINE('',#5960,#1283);
#750=LINE('',#5963,#1284);
#751=LINE('',#5965,#1285);
#752=LINE('',#5967,#1286);
#753=LINE('',#5969,#1287);
#754=LINE('',#5971,#1288);
#755=LINE('',#5972,#1289);
#756=LINE('',#5974,#1290);
#757=LINE('',#5976,#1291);
#758=LINE('',#5977,#1292);
#759=LINE('',#5979,#1293);
#760=LINE('',#5983,#1294);
#761=LINE('',#5984,#1295);
#762=LINE('',#5986,#1296);
#763=LINE('',#5987,#1297);
#764=LINE('',#5991,#1298);
#765=LINE('',#5993,#1299);
#766=LINE('',#5995,#1300);
#767=LINE('',#5996,#1301);
#768=LINE('',#6000,#1302);
#769=LINE('',#6002,#1303);
#770=LINE('',#6004,#1304);
#771=LINE('',#6005,#1305);
#772=LINE('',#6009,#1306);
#773=LINE('',#6011,#1307);
#774=LINE('',#6013,#1308);
#775=LINE('',#6014,#1309);
#776=LINE('',#6018,#1310);
#777=LINE('',#6020,#1311);
#778=LINE('',#6022,#1312);
#779=LINE('',#6024,#1313);
#780=LINE('',#6026,#1314);
#781=LINE('',#6027,#1315);
#782=LINE('',#6030,#1316);
#783=LINE('',#6031,#1317);
#784=LINE('',#6034,#1318);
#785=LINE('',#6036,#1319);
#786=LINE('',#6038,#1320);
#787=LINE('',#6039,#1321);
#788=LINE('',#6042,#1322);
#789=LINE('',#6044,#1323);
#790=LINE('',#6046,#1324);
#791=LINE('',#6047,#1325);
#792=LINE('',#6049,#1326);
#793=LINE('',#6052,#1327);
#794=LINE('',#6054,#1328);
#795=LINE('',#6055,#1329);
#796=LINE('',#6057,#1330);
#797=LINE('',#6058,#1331);
#798=LINE('',#6061,#1332);
#799=LINE('',#6062,#1333);
#800=LINE('',#6063,#1334);
#801=LINE('',#6066,#1335);
#802=LINE('',#6068,#1336);
#803=LINE('',#6069,#1337);
#804=LINE('',#6071,#1338);
#805=LINE('',#6072,#1339);
#806=LINE('',#6074,#1340);
#807=LINE('',#6076,#1341);
#808=LINE('',#6077,#1342);
#809=LINE('',#6080,#1343);
#810=LINE('',#6082,#1344);
#811=LINE('',#6083,#1345);
#812=LINE('',#6085,#1346);
#813=LINE('',#6086,#1347);
#814=LINE('',#6088,#1348);
#815=LINE('',#6090,#1349);
#816=LINE('',#6093,#1350);
#817=LINE('',#6095,#1351);
#818=LINE('',#6097,#1352);
#819=LINE('',#6098,#1353);
#820=LINE('',#6103,#1354);
#821=LINE('',#6109,#1355);
#822=LINE('',#6111,#1356);
#823=LINE('',#6118,#1357);
#824=LINE('',#6119,#1358);
#825=LINE('',#6125,#1359);
#826=LINE('',#6126,#1360);
#827=LINE('',#6130,#1361);
#828=LINE('',#6137,#1362);
#829=LINE('',#6142,#1363);
#830=LINE('',#6147,#1364);
#831=LINE('',#6150,#1365);
#832=LINE('',#6152,#1366);
#833=LINE('',#6154,#1367);
#834=LINE('',#6156,#1368);
#835=LINE('',#6157,#1369);
#836=LINE('',#6159,#1370);
#837=LINE('',#6161,#1371);
#838=LINE('',#6162,#1372);
#839=LINE('',#6164,#1373);
#840=LINE('',#6166,#1374);
#841=LINE('',#6168,#1375);
#842=LINE('',#6170,#1376);
#843=LINE('',#6171,#1377);
#844=LINE('',#6176,#1378);
#845=LINE('',#6181,#1379);
#846=LINE('',#6189,#1380);
#847=LINE('',#6191,#1381);
#848=LINE('',#6194,#1382);
#849=LINE('',#6196,#1383);
#850=LINE('',#6198,#1384);
#851=LINE('',#6199,#1385);
#852=LINE('',#6201,#1386);
#853=LINE('',#6203,#1387);
#854=LINE('',#6205,#1388);
#855=LINE('',#6207,#1389);
#856=LINE('',#6208,#1390);
#857=LINE('',#6210,#1391);
#858=LINE('',#6212,#1392);
#859=LINE('',#6214,#1393);
#860=LINE('',#6216,#1394);
#861=LINE('',#6218,#1395);
#862=LINE('',#6220,#1396);
#863=LINE('',#6222,#1397);
#864=LINE('',#6224,#1398);
#865=LINE('',#6226,#1399);
#866=LINE('',#6228,#1400);
#867=LINE('',#6229,#1401);
#868=LINE('',#6232,#1402);
#869=LINE('',#6234,#1403);
#870=LINE('',#6236,#1404);
#871=LINE('',#6237,#1405);
#872=LINE('',#6240,#1406);
#873=LINE('',#6242,#1407);
#874=LINE('',#6244,#1408);
#875=LINE('',#6246,#1409);
#876=LINE('',#6248,#1410);
#877=LINE('',#6249,#1411);
#878=LINE('',#6252,#1412);
#879=LINE('',#6260,#1413);
#880=LINE('',#6263,#1414);
#881=LINE('',#6265,#1415);
#882=LINE('',#6266,#1416);
#883=LINE('',#6269,#1417);
#884=LINE('',#6270,#1418);
#885=LINE('',#6272,#1419);
#886=LINE('',#6274,#1420);
#887=LINE('',#6276,#1421);
#888=LINE('',#6278,#1422);
#889=LINE('',#6279,#1423);
#890=LINE('',#6281,#1424);
#891=LINE('',#6283,#1425);
#892=LINE('',#6284,#1426);
#893=LINE('',#6290,#1427);
#894=LINE('',#6293,#1428);
#895=LINE('',#6296,#1429);
#896=LINE('',#6300,#1430);
#897=LINE('',#6301,#1431);
#898=LINE('',#6307,#1432);
#899=LINE('',#6316,#1433);
#900=LINE('',#6327,#1434);
#901=LINE('',#6331,#1435);
#902=LINE('',#6334,#1436);
#903=LINE('',#6338,#1437);
#904=LINE('',#6347,#1438);
#905=LINE('',#6349,#1439);
#906=LINE('',#6351,#1440);
#907=LINE('',#6352,#1441);
#908=LINE('',#6356,#1442);
#909=LINE('',#6358,#1443);
#910=LINE('',#6360,#1444);
#911=LINE('',#6361,#1445);
#912=LINE('',#6364,#1446);
#913=LINE('',#6365,#1447);
#914=LINE('',#6366,#1448);
#915=LINE('',#6369,#1449);
#916=LINE('',#6370,#1450);
#917=LINE('',#6371,#1451);
#918=LINE('',#6373,#1452);
#919=LINE('',#6375,#1453);
#920=LINE('',#6377,#1454);
#921=LINE('',#6378,#1455);
#922=LINE('',#6382,#1456);
#923=LINE('',#6384,#1457);
#924=LINE('',#6386,#1458);
#925=LINE('',#6387,#1459);
#926=LINE('',#6390,#1460);
#927=LINE('',#6392,#1461);
#928=LINE('',#6393,#1462);
#929=LINE('',#6397,#1463);
#930=LINE('',#6399,#1464);
#931=LINE('',#6401,#1465);
#932=LINE('',#6402,#1466);
#933=LINE('',#6405,#1467);
#934=LINE('',#6407,#1468);
#935=LINE('',#6408,#1469);
#936=LINE('',#6411,#1470);
#937=LINE('',#6413,#1471);
#938=LINE('',#6414,#1472);
#939=LINE('',#6416,#1473);
#940=LINE('',#6417,#1474);
#941=LINE('',#6420,#1475);
#942=LINE('',#6421,#1476);
#943=LINE('',#6425,#1477);
#944=LINE('',#6427,#1478);
#945=LINE('',#6429,#1479);
#946=LINE('',#6430,#1480);
#947=LINE('',#6433,#1481);
#948=LINE('',#6435,#1482);
#949=LINE('',#6436,#1483);
#950=LINE('',#6439,#1484);
#951=LINE('',#6441,#1485);
#952=LINE('',#6442,#1486);
#953=LINE('',#6444,#1487);
#954=LINE('',#6445,#1488);
#955=LINE('',#6450,#1489);
#956=LINE('',#6452,#1490);
#957=LINE('',#6454,#1491);
#958=LINE('',#6455,#1492);
#959=LINE('',#6457,#1493);
#960=LINE('',#6458,#1494);
#961=LINE('',#6460,#1495);
#962=LINE('',#6462,#1496);
#963=LINE('',#6465,#1497);
#964=LINE('',#6466,#1498);
#965=LINE('',#6467,#1499);
#966=LINE('',#6469,#1500);
#967=LINE('',#6472,#1501);
#968=LINE('',#6473,#1502);
#969=LINE('',#6475,#1503);
#970=LINE('',#6478,#1504);
#971=LINE('',#6480,#1505);
#972=LINE('',#6481,#1506);
#973=LINE('',#6483,#1507);
#974=LINE('',#6485,#1508);
#975=LINE('',#6489,#1509);
#976=LINE('',#6490,#1510);
#977=LINE('',#6493,#1511);
#978=LINE('',#6494,#1512);
#979=LINE('',#6496,#1513);
#980=LINE('',#6497,#1514);
#981=LINE('',#6498,#1515);
#982=LINE('',#6500,#1516);
#983=LINE('',#6502,#1517);
#984=LINE('',#6506,#1518);
#985=LINE('',#6508,#1519);
#986=LINE('',#6509,#1520);
#987=LINE('',#6512,#1521);
#988=LINE('',#6514,#1522);
#989=LINE('',#6515,#1523);
#990=LINE('',#6517,#1524);
#991=LINE('',#6518,#1525);
#992=LINE('',#6521,#1526);
#993=LINE('',#6523,#1527);
#994=LINE('',#6524,#1528);
#995=LINE('',#6526,#1529);
#996=LINE('',#6528,#1530);
#997=LINE('',#6529,#1531);
#998=LINE('',#6531,#1532);
#999=LINE('',#6532,#1533);
#1000=LINE('',#6535,#1534);
#1001=LINE('',#6537,#1535);
#1002=LINE('',#6544,#1536);
#1003=LINE('',#6547,#1537);
#1004=LINE('',#6550,#1538);
#1005=LINE('',#6552,#1539);
#1006=LINE('',#6554,#1540);
#1007=LINE('',#6555,#1541);
#1008=LINE('',#6556,#1542);
#1009=LINE('',#6559,#1543);
#1010=LINE('',#6560,#1544);
#1011=LINE('',#6566,#1545);
#1012=LINE('',#6569,#1546);
#1013=LINE('',#6572,#1547);
#1014=LINE('',#6574,#1548);
#1015=LINE('',#6576,#1549);
#1016=LINE('',#6577,#1550);
#1017=LINE('',#6578,#1551);
#1018=LINE('',#6581,#1552);
#1019=LINE('',#6582,#1553);
#1020=LINE('',#6588,#1554);
#1021=LINE('',#6591,#1555);
#1022=LINE('',#6594,#1556);
#1023=LINE('',#6596,#1557);
#1024=LINE('',#6598,#1558);
#1025=LINE('',#6600,#1559);
#1026=LINE('',#6602,#1560);
#1027=LINE('',#6603,#1561);
#1028=LINE('',#6606,#1562);
#1029=LINE('',#6607,#1563);
#1030=LINE('',#6613,#1564);
#1031=LINE('',#6616,#1565);
#1032=LINE('',#6619,#1566);
#1033=LINE('',#6621,#1567);
#1034=LINE('',#6623,#1568);
#1035=LINE('',#6625,#1569);
#1036=LINE('',#6627,#1570);
#1037=LINE('',#6628,#1571);
#1038=LINE('',#6631,#1572);
#1039=LINE('',#6632,#1573);
#1040=LINE('',#6638,#1574);
#1041=LINE('',#6641,#1575);
#1042=LINE('',#6644,#1576);
#1043=LINE('',#6646,#1577);
#1044=LINE('',#6647,#1578);
#1045=LINE('',#6650,#1579);
#1046=LINE('',#6652,#1580);
#1047=LINE('',#6654,#1581);
#1048=LINE('',#6656,#1582);
#1049=LINE('',#6657,#1583);
#1050=LINE('',#6660,#1584);
#1051=LINE('',#6661,#1585);
#1052=LINE('',#6663,#1586);
#1053=LINE('',#6665,#1587);
#1054=LINE('',#6666,#1588);
#1055=LINE('',#6668,#1589);
#1056=LINE('',#6672,#1590);
#1057=LINE('',#6673,#1591);
#1058=LINE('',#6676,#1592);
#1059=LINE('',#6677,#1593);
#1060=LINE('',#6680,#1594);
#1061=LINE('',#6681,#1595);
#1062=LINE('',#6684,#1596);
#1063=LINE('',#6686,#1597);
#1064=LINE('',#6688,#1598);
#1065=LINE('',#6689,#1599);
#1066=LINE('',#6691,#1600);
#1067=LINE('',#6693,#1601);
#1068=LINE('',#6696,#1602);
#1069=LINE('',#6697,#1603);
#1070=LINE('',#6700,#1604);
#1071=LINE('',#6701,#1605);
#1072=LINE('',#6705,#1606);
#1073=LINE('',#6706,#1607);
#1074=LINE('',#6707,#1608);
#1075=LINE('',#6709,#1609);
#1076=LINE('',#6711,#1610);
#1077=LINE('',#6713,#1611);
#1078=LINE('',#6717,#1612);
#1079=LINE('',#6720,#1613);
#1080=LINE('',#6721,#1614);
#1081=LINE('',#6724,#1615);
#1082=LINE('',#6725,#1616);
#1083=LINE('',#6727,#1617);
#1084=LINE('',#6730,#1618);
#1085=LINE('',#6731,#1619);
#1086=LINE('',#6734,#1620);
#1087=LINE('',#6735,#1621);
#1088=LINE('',#6737,#1622);
#1089=LINE('',#6739,#1623);
#1090=VECTOR('',#4478,10.);
#1091=VECTOR('',#4479,10.);
#1092=VECTOR('',#4480,10.);
#1093=VECTOR('',#4481,10.);
#1094=VECTOR('',#4484,10.);
#1095=VECTOR('',#4485,10.);
#1096=VECTOR('',#4486,10.);
#1097=VECTOR('',#4489,10.);
#1098=VECTOR('',#4490,10.);
#1099=VECTOR('',#4491,10.);
#1100=VECTOR('',#4494,10.);
#1101=VECTOR('',#4495,10.);
#1102=VECTOR('',#4496,10.);
#1103=VECTOR('',#4497,10.);
#1104=VECTOR('',#4500,10.);
#1105=VECTOR('',#4501,10.);
#1106=VECTOR('',#4502,10.);
#1107=VECTOR('',#4505,10.);
#1108=VECTOR('',#4506,10.);
#1109=VECTOR('',#4507,10.);
#1110=VECTOR('',#4510,10.);
#1111=VECTOR('',#4511,10.);
#1112=VECTOR('',#4512,10.);
#1113=VECTOR('',#4513,10.);
#1114=VECTOR('',#4516,10.);
#1115=VECTOR('',#4517,10.);
#1116=VECTOR('',#4518,10.);
#1117=VECTOR('',#4521,10.);
#1118=VECTOR('',#4522,10.);
#1119=VECTOR('',#4523,10.);
#1120=VECTOR('',#4526,10.);
#1121=VECTOR('',#4527,10.);
#1122=VECTOR('',#4528,10.);
#1123=VECTOR('',#4529,10.);
#1124=VECTOR('',#4532,10.);
#1125=VECTOR('',#4533,10.);
#1126=VECTOR('',#4534,10.);
#1127=VECTOR('',#4537,10.);
#1128=VECTOR('',#4538,10.);
#1129=VECTOR('',#4539,10.);
#1130=VECTOR('',#4542,10.);
#1131=VECTOR('',#4543,10.);
#1132=VECTOR('',#4544,10.);
#1133=VECTOR('',#4545,10.);
#1134=VECTOR('',#4548,10.);
#1135=VECTOR('',#4549,10.);
#1136=VECTOR('',#4550,10.);
#1137=VECTOR('',#4553,10.);
#1138=VECTOR('',#4554,10.);
#1139=VECTOR('',#4555,10.);
#1140=VECTOR('',#4558,10.);
#1141=VECTOR('',#4559,10.);
#1142=VECTOR('',#4560,10.);
#1143=VECTOR('',#4561,10.);
#1144=VECTOR('',#4562,10.);
#1145=VECTOR('',#4563,10.);
#1146=VECTOR('',#4564,10.);
#1147=VECTOR('',#4565,10.);
#1148=VECTOR('',#4566,10.);
#1149=VECTOR('',#4567,10.);
#1150=VECTOR('',#4568,10.);
#1151=VECTOR('',#4569,10.);
#1152=VECTOR('',#4570,10.);
#1153=VECTOR('',#4571,10.);
#1154=VECTOR('',#4572,10.);
#1155=VECTOR('',#4573,10.);
#1156=VECTOR('',#4574,10.);
#1157=VECTOR('',#4575,10.);
#1158=VECTOR('',#4576,10.);
#1159=VECTOR('',#4579,10.);
#1160=VECTOR('',#4580,10.);
#1161=VECTOR('',#4581,10.);
#1162=VECTOR('',#4584,10.);
#1163=VECTOR('',#4585,10.);
#1164=VECTOR('',#4586,10.);
#1165=VECTOR('',#4589,10.);
#1166=VECTOR('',#4590,10.);
#1167=VECTOR('',#4591,10.);
#1168=VECTOR('',#4594,10.);
#1169=VECTOR('',#4595,10.);
#1170=VECTOR('',#4596,10.);
#1171=VECTOR('',#4599,10.);
#1172=VECTOR('',#4600,10.);
#1173=VECTOR('',#4601,10.);
#1174=VECTOR('',#4604,10.);
#1175=VECTOR('',#4605,10.);
#1176=VECTOR('',#4606,10.);
#1177=VECTOR('',#4609,10.);
#1178=VECTOR('',#4610,10.);
#1179=VECTOR('',#4611,10.);
#1180=VECTOR('',#4614,10.);
#1181=VECTOR('',#4615,10.);
#1182=VECTOR('',#4616,10.);
#1183=VECTOR('',#4619,10.);
#1184=VECTOR('',#4620,10.);
#1185=VECTOR('',#4621,10.);
#1186=VECTOR('',#4624,10.);
#1187=VECTOR('',#4625,10.);
#1188=VECTOR('',#4626,10.);
#1189=VECTOR('',#4629,10.);
#1190=VECTOR('',#4630,10.);
#1191=VECTOR('',#4631,10.);
#1192=VECTOR('',#4634,10.);
#1193=VECTOR('',#4635,10.);
#1194=VECTOR('',#4636,10.);
#1195=VECTOR('',#4639,10.);
#1196=VECTOR('',#4640,10.);
#1197=VECTOR('',#4641,10.);
#1198=VECTOR('',#4644,10.);
#1199=VECTOR('',#4645,10.);
#1200=VECTOR('',#4646,10.);
#1201=VECTOR('',#4651,10.);
#1202=VECTOR('',#4652,10.);
#1203=VECTOR('',#4653,10.);
#1204=VECTOR('',#4654,10.);
#1205=VECTOR('',#4657,10.);
#1206=VECTOR('',#4658,10.);
#1207=VECTOR('',#4659,10.);
#1208=VECTOR('',#4662,10.);
#1209=VECTOR('',#4663,10.);
#1210=VECTOR('',#4664,10.);
#1211=VECTOR('',#4667,10.);
#1212=VECTOR('',#4668,10.);
#1213=VECTOR('',#4673,10.);
#1214=VECTOR('',#4674,10.);
#1215=VECTOR('',#4675,10.);
#1216=VECTOR('',#4678,10.);
#1217=VECTOR('',#4679,10.);
#1218=VECTOR('',#4680,10.);
#1219=VECTOR('',#4683,10.);
#1220=VECTOR('',#4684,10.);
#1221=VECTOR('',#4685,10.);
#1222=VECTOR('',#4688,10.);
#1223=VECTOR('',#4689,10.);
#1224=VECTOR('',#4694,10.);
#1225=VECTOR('',#4695,10.);
#1226=VECTOR('',#4696,10.);
#1227=VECTOR('',#4699,10.);
#1228=VECTOR('',#4700,10.);
#1229=VECTOR('',#4701,10.);
#1230=VECTOR('',#4704,10.);
#1231=VECTOR('',#4705,10.);
#1232=VECTOR('',#4706,10.);
#1233=VECTOR('',#4709,10.);
#1234=VECTOR('',#4710,10.);
#1235=VECTOR('',#4715,10.);
#1236=VECTOR('',#4716,10.);
#1237=VECTOR('',#4717,10.);
#1238=VECTOR('',#4720,10.);
#1239=VECTOR('',#4721,10.);
#1240=VECTOR('',#4722,10.);
#1241=VECTOR('',#4725,10.);
#1242=VECTOR('',#4726,10.);
#1243=VECTOR('',#4727,10.);
#1244=VECTOR('',#4730,10.);
#1245=VECTOR('',#4731,10.);
#1246=VECTOR('',#4744,2.04147621555016);
#1247=VECTOR('',#4755,10.);
#1248=VECTOR('',#4758,10.);
#1249=VECTOR('',#4761,2.99999999999999);
#1250=VECTOR('',#4764,10.);
#1251=VECTOR('',#4769,10.);
#1252=VECTOR('',#4770,10.);
#1253=VECTOR('',#4771,10.);
#1254=VECTOR('',#4774,10.);
#1255=VECTOR('',#4775,10.);
#1256=VECTOR('',#4776,10.);
#1257=VECTOR('',#4777,10.);
#1258=VECTOR('',#4778,10.);
#1259=VECTOR('',#4779,10.);
#1260=VECTOR('',#4780,10.);
#1261=VECTOR('',#4781,10.);
#1262=VECTOR('',#4782,10.);
#1263=VECTOR('',#4783,10.);
#1264=VECTOR('',#4784,10.);
#1265=VECTOR('',#4785,10.);
#1266=VECTOR('',#4786,10.);
#1267=VECTOR('',#4787,10.);
#1268=VECTOR('',#4788,10.);
#1269=VECTOR('',#4789,10.);
#1270=VECTOR('',#4790,10.);
#1271=VECTOR('',#4791,10.);
#1272=VECTOR('',#4792,10.);
#1273=VECTOR('',#4793,10.);
#1274=VECTOR('',#4796,10.);
#1275=VECTOR('',#4797,10.);
#1276=VECTOR('',#4800,2.04147621555016);
#1277=VECTOR('',#4803,10.);
#1278=VECTOR('',#4804,10.);
#1279=VECTOR('',#4805,10.);
#1280=VECTOR('',#4806,10.);
#1281=VECTOR('',#4807,10.);
#1282=VECTOR('',#4810,10.);
#1283=VECTOR('',#4811,10.);
#1284=VECTOR('',#4814,10.);
#1285=VECTOR('',#4815,10.);
#1286=VECTOR('',#4816,10.);
#1287=VECTOR('',#4817,10.);
#1288=VECTOR('',#4818,10.);
#1289=VECTOR('',#4819,10.);
#1290=VECTOR('',#4822,10.);
#1291=VECTOR('',#4825,10.);
#1292=VECTOR('',#4826,10.);
#1293=VECTOR('',#4829,10.);
#1294=VECTOR('',#4834,10.);
#1295=VECTOR('',#4835,10.);
#1296=VECTOR('',#4836,10.);
#1297=VECTOR('',#4837,10.);
#1298=VECTOR('',#4840,10.);
#1299=VECTOR('',#4841,10.);
#1300=VECTOR('',#4842,10.);
#1301=VECTOR('',#4843,10.);
#1302=VECTOR('',#4846,10.);
#1303=VECTOR('',#4847,10.);
#1304=VECTOR('',#4848,10.);
#1305=VECTOR('',#4849,10.);
#1306=VECTOR('',#4852,10.);
#1307=VECTOR('',#4853,10.);
#1308=VECTOR('',#4854,10.);
#1309=VECTOR('',#4855,10.);
#1310=VECTOR('',#4858,10.);
#1311=VECTOR('',#4859,10.);
#1312=VECTOR('',#4860,10.);
#1313=VECTOR('',#4861,10.);
#1314=VECTOR('',#4862,10.);
#1315=VECTOR('',#4863,10.);
#1316=VECTOR('',#4866,10.);
#1317=VECTOR('',#4867,10.);
#1318=VECTOR('',#4868,10.);
#1319=VECTOR('',#4869,10.);
#1320=VECTOR('',#4870,10.);
#1321=VECTOR('',#4871,10.);
#1322=VECTOR('',#4872,10.);
#1323=VECTOR('',#4873,10.);
#1324=VECTOR('',#4874,10.);
#1325=VECTOR('',#4875,10.);
#1326=VECTOR('',#4878,10.);
#1327=VECTOR('',#4881,10.);
#1328=VECTOR('',#4882,10.);
#1329=VECTOR('',#4883,10.);
#1330=VECTOR('',#4886,10.);
#1331=VECTOR('',#4887,10.);
#1332=VECTOR('',#4890,10.);
#1333=VECTOR('',#4891,10.);
#1334=VECTOR('',#4892,10.);
#1335=VECTOR('',#4895,10.);
#1336=VECTOR('',#4896,10.);
#1337=VECTOR('',#4897,10.);
#1338=VECTOR('',#4900,10.);
#1339=VECTOR('',#4901,10.);
#1340=VECTOR('',#4904,10.);
#1341=VECTOR('',#4905,10.);
#1342=VECTOR('',#4906,10.);
#1343=VECTOR('',#4909,10.);
#1344=VECTOR('',#4910,10.);
#1345=VECTOR('',#4911,10.);
#1346=VECTOR('',#4914,10.);
#1347=VECTOR('',#4915,10.);
#1348=VECTOR('',#4918,10.);
#1349=VECTOR('',#4921,10.);
#1350=VECTOR('',#4926,10.);
#1351=VECTOR('',#4929,10.);
#1352=VECTOR('',#4930,10.);
#1353=VECTOR('',#4931,10.);
#1354=VECTOR('',#4936,10.);
#1355=VECTOR('',#4941,10.);
#1356=VECTOR('',#4942,10.);
#1357=VECTOR('',#4949,10.);
#1358=VECTOR('',#4950,10.);
#1359=VECTOR('',#4955,10.);
#1360=VECTOR('',#4956,10.);
#1361=VECTOR('',#4959,10.);
#1362=VECTOR('',#4966,10.);
#1363=VECTOR('',#4971,10.);
#1364=VECTOR('',#4976,10.);
#1365=VECTOR('',#4979,10.);
#1366=VECTOR('',#4980,10.);
#1367=VECTOR('',#4981,10.);
#1368=VECTOR('',#4982,10.);
#1369=VECTOR('',#4983,10.);
#1370=VECTOR('',#4984,10.);
#1371=VECTOR('',#4985,10.);
#1372=VECTOR('',#4986,10.);
#1373=VECTOR('',#4987,10.);
#1374=VECTOR('',#4988,10.);
#1375=VECTOR('',#4989,10.);
#1376=VECTOR('',#4990,10.);
#1377=VECTOR('',#4991,10.);
#1378=VECTOR('',#4996,0.750000000000002);
#1379=VECTOR('',#5003,0.749999999999993);
#1380=VECTOR('',#5014,10.);
#1381=VECTOR('',#5017,10.);
#1382=VECTOR('',#5020,10.);
#1383=VECTOR('',#5021,10.);
#1384=VECTOR('',#5022,10.);
#1385=VECTOR('',#5023,10.);
#1386=VECTOR('',#5024,10.);
#1387=VECTOR('',#5025,10.);
#1388=VECTOR('',#5026,10.);
#1389=VECTOR('',#5027,10.);
#1390=VECTOR('',#5028,10.);
#1391=VECTOR('',#5029,10.);
#1392=VECTOR('',#5030,10.);
#1393=VECTOR('',#5031,10.);
#1394=VECTOR('',#5032,10.);
#1395=VECTOR('',#5033,10.);
#1396=VECTOR('',#5034,10.);
#1397=VECTOR('',#5035,10.);
#1398=VECTOR('',#5036,10.);
#1399=VECTOR('',#5037,10.);
#1400=VECTOR('',#5038,10.);
#1401=VECTOR('',#5039,10.);
#1402=VECTOR('',#5040,10.);
#1403=VECTOR('',#5041,10.);
#1404=VECTOR('',#5042,10.);
#1405=VECTOR('',#5043,10.);
#1406=VECTOR('',#5044,10.);
#1407=VECTOR('',#5045,10.);
#1408=VECTOR('',#5046,10.);
#1409=VECTOR('',#5047,10.);
#1410=VECTOR('',#5048,10.);
#1411=VECTOR('',#5049,10.);
#1412=VECTOR('',#5052,0.75);
#1413=VECTOR('',#5061,10.);
#1414=VECTOR('',#5064,10.);
#1415=VECTOR('',#5067,10.);
#1416=VECTOR('',#5068,10.);
#1417=VECTOR('',#5071,10.);
#1418=VECTOR('',#5072,10.);
#1419=VECTOR('',#5073,10.);
#1420=VECTOR('',#5074,10.);
#1421=VECTOR('',#5075,10.);
#1422=VECTOR('',#5076,10.);
#1423=VECTOR('',#5077,10.);
#1424=VECTOR('',#5078,10.);
#1425=VECTOR('',#5079,10.);
#1426=VECTOR('',#5080,10.);
#1427=VECTOR('',#5085,10.);
#1428=VECTOR('',#5088,10.);
#1429=VECTOR('',#5091,0.75);
#1430=VECTOR('',#5098,10.);
#1431=VECTOR('',#5099,10.);
#1432=VECTOR('',#5106,0.749999999999993);
#1433=VECTOR('',#5121,0.750000000000002);
#1434=VECTOR('',#5138,10.);
#1435=VECTOR('',#5143,0.75);
#1436=VECTOR('',#5148,10.);
#1437=VECTOR('',#5153,0.749999999999993);
#1438=VECTOR('',#5166,10.);
#1439=VECTOR('',#5167,10.);
#1440=VECTOR('',#5168,10.);
#1441=VECTOR('',#5169,10.);
#1442=VECTOR('',#5172,10.);
#1443=VECTOR('',#5173,10.);
#1444=VECTOR('',#5174,10.);
#1445=VECTOR('',#5175,10.);
#1446=VECTOR('',#5178,10.);
#1447=VECTOR('',#5179,10.);
#1448=VECTOR('',#5180,10.);
#1449=VECTOR('',#5183,10.);
#1450=VECTOR('',#5184,10.);
#1451=VECTOR('',#5185,10.);
#1452=VECTOR('',#5188,10.);
#1453=VECTOR('',#5189,10.);
#1454=VECTOR('',#5190,10.);
#1455=VECTOR('',#5191,10.);
#1456=VECTOR('',#5194,10.);
#1457=VECTOR('',#5195,10.);
#1458=VECTOR('',#5196,10.);
#1459=VECTOR('',#5197,10.);
#1460=VECTOR('',#5200,10.);
#1461=VECTOR('',#5201,10.);
#1462=VECTOR('',#5202,10.);
#1463=VECTOR('',#5205,10.);
#1464=VECTOR('',#5206,10.);
#1465=VECTOR('',#5207,10.);
#1466=VECTOR('',#5208,10.);
#1467=VECTOR('',#5211,10.);
#1468=VECTOR('',#5212,10.);
#1469=VECTOR('',#5213,10.);
#1470=VECTOR('',#5216,10.);
#1471=VECTOR('',#5217,10.);
#1472=VECTOR('',#5218,10.);
#1473=VECTOR('',#5221,10.);
#1474=VECTOR('',#5222,10.);
#1475=VECTOR('',#5227,10.);
#1476=VECTOR('',#5228,10.);
#1477=VECTOR('',#5231,10.);
#1478=VECTOR('',#5232,10.);
#1479=VECTOR('',#5233,10.);
#1480=VECTOR('',#5234,10.);
#1481=VECTOR('',#5237,10.);
#1482=VECTOR('',#5238,10.);
#1483=VECTOR('',#5239,10.);
#1484=VECTOR('',#5242,10.);
#1485=VECTOR('',#5243,10.);
#1486=VECTOR('',#5244,10.);
#1487=VECTOR('',#5247,10.);
#1488=VECTOR('',#5248,10.);
#1489=VECTOR('',#5253,10.);
#1490=VECTOR('',#5254,10.);
#1491=VECTOR('',#5255,10.);
#1492=VECTOR('',#5256,10.);
#1493=VECTOR('',#5259,10.);
#1494=VECTOR('',#5260,10.);
#1495=VECTOR('',#5263,10.);
#1496=VECTOR('',#5266,10.);
#1497=VECTOR('',#5269,10.);
#1498=VECTOR('',#5270,10.);
#1499=VECTOR('',#5271,10.);
#1500=VECTOR('',#5274,10.);
#1501=VECTOR('',#5277,10.);
#1502=VECTOR('',#5278,10.);
#1503=VECTOR('',#5281,10.);
#1504=VECTOR('',#5284,10.);
#1505=VECTOR('',#5285,10.);
#1506=VECTOR('',#5286,10.);
#1507=VECTOR('',#5289,10.);
#1508=VECTOR('',#5292,10.);
#1509=VECTOR('',#5297,10.);
#1510=VECTOR('',#5298,10.);
#1511=VECTOR('',#5301,10.);
#1512=VECTOR('',#5302,10.);
#1513=VECTOR('',#5305,10.);
#1514=VECTOR('',#5306,10.);
#1515=VECTOR('',#5307,10.);
#1516=VECTOR('',#5310,10.);
#1517=VECTOR('',#5313,10.);
#1518=VECTOR('',#5318,10.);
#1519=VECTOR('',#5319,10.);
#1520=VECTOR('',#5320,10.);
#1521=VECTOR('',#5323,10.);
#1522=VECTOR('',#5324,10.);
#1523=VECTOR('',#5325,10.);
#1524=VECTOR('',#5328,10.);
#1525=VECTOR('',#5329,10.);
#1526=VECTOR('',#5332,10.);
#1527=VECTOR('',#5333,10.);
#1528=VECTOR('',#5334,10.);
#1529=VECTOR('',#5337,10.);
#1530=VECTOR('',#5340,10.);
#1531=VECTOR('',#5341,10.);
#1532=VECTOR('',#5344,10.);
#1533=VECTOR('',#5345,10.);
#1534=VECTOR('',#5350,10.);
#1535=VECTOR('',#5353,10.);
#1536=VECTOR('',#5360,10.);
#1537=VECTOR('',#5363,10.);
#1538=VECTOR('',#5366,10.);
#1539=VECTOR('',#5367,10.);
#1540=VECTOR('',#5368,10.);
#1541=VECTOR('',#5369,10.);
#1542=VECTOR('',#5370,10.);
#1543=VECTOR('',#5373,10.);
#1544=VECTOR('',#5374,10.);
#1545=VECTOR('',#5379,10.);
#1546=VECTOR('',#5382,10.);
#1547=VECTOR('',#5385,10.);
#1548=VECTOR('',#5386,10.);
#1549=VECTOR('',#5387,10.);
#1550=VECTOR('',#5388,10.);
#1551=VECTOR('',#5389,10.);
#1552=VECTOR('',#5392,10.);
#1553=VECTOR('',#5393,10.);
#1554=VECTOR('',#5398,10.);
#1555=VECTOR('',#5401,10.);
#1556=VECTOR('',#5404,10.);
#1557=VECTOR('',#5405,10.);
#1558=VECTOR('',#5406,10.);
#1559=VECTOR('',#5407,10.);
#1560=VECTOR('',#5408,10.);
#1561=VECTOR('',#5409,10.);
#1562=VECTOR('',#5412,10.);
#1563=VECTOR('',#5413,10.);
#1564=VECTOR('',#5418,10.);
#1565=VECTOR('',#5421,10.);
#1566=VECTOR('',#5424,10.);
#1567=VECTOR('',#5425,10.);
#1568=VECTOR('',#5426,10.);
#1569=VECTOR('',#5427,10.);
#1570=VECTOR('',#5428,10.);
#1571=VECTOR('',#5429,10.);
#1572=VECTOR('',#5432,10.);
#1573=VECTOR('',#5433,10.);
#1574=VECTOR('',#5438,10.);
#1575=VECTOR('',#5441,10.);
#1576=VECTOR('',#5444,10.);
#1577=VECTOR('',#5445,10.);
#1578=VECTOR('',#5446,10.);
#1579=VECTOR('',#5449,10.);
#1580=VECTOR('',#5450,10.);
#1581=VECTOR('',#5451,10.);
#1582=VECTOR('',#5452,10.);
#1583=VECTOR('',#5453,10.);
#1584=VECTOR('',#5456,10.);
#1585=VECTOR('',#5457,10.);
#1586=VECTOR('',#5460,10.);
#1587=VECTOR('',#5461,10.);
#1588=VECTOR('',#5462,10.);
#1589=VECTOR('',#5465,10.);
#1590=VECTOR('',#5470,10.);
#1591=VECTOR('',#5471,10.);
#1592=VECTOR('',#5474,10.);
#1593=VECTOR('',#5475,10.);
#1594=VECTOR('',#5478,10.);
#1595=VECTOR('',#5479,10.);
#1596=VECTOR('',#5482,10.);
#1597=VECTOR('',#5483,10.);
#1598=VECTOR('',#5484,10.);
#1599=VECTOR('',#5485,10.);
#1600=VECTOR('',#5488,10.);
#1601=VECTOR('',#5491,10.);
#1602=VECTOR('',#5494,10.);
#1603=VECTOR('',#5495,10.);
#1604=VECTOR('',#5498,10.);
#1605=VECTOR('',#5499,10.);
#1606=VECTOR('',#5502,10.);
#1607=VECTOR('',#5503,10.);
#1608=VECTOR('',#5504,10.);
#1609=VECTOR('',#5507,10.);
#1610=VECTOR('',#5510,10.);
#1611=VECTOR('',#5513,10.);
#1612=VECTOR('',#5520,10.);
#1613=VECTOR('',#5523,10.);
#1614=VECTOR('',#5524,10.);
#1615=VECTOR('',#5527,10.);
#1616=VECTOR('',#5528,10.);
#1617=VECTOR('',#5531,10.);
#1618=VECTOR('',#5534,10.);
#1619=VECTOR('',#5535,10.);
#1620=VECTOR('',#5538,10.);
#1621=VECTOR('',#5539,10.);
#1622=VECTOR('',#5542,10.);
#1623=VECTOR('',#5545,10.);
#1624=VERTEX_POINT('',#5552);
#1625=VERTEX_POINT('',#5553);
#1626=VERTEX_POINT('',#5555);
#1627=VERTEX_POINT('',#5557);
#1628=VERTEX_POINT('',#5561);
#1629=VERTEX_POINT('',#5563);
#1630=VERTEX_POINT('',#5567);
#1631=VERTEX_POINT('',#5569);
#1632=VERTEX_POINT('',#5573);
#1633=VERTEX_POINT('',#5574);
#1634=VERTEX_POINT('',#5576);
#1635=VERTEX_POINT('',#5578);
#1636=VERTEX_POINT('',#5582);
#1637=VERTEX_POINT('',#5584);
#1638=VERTEX_POINT('',#5588);
#1639=VERTEX_POINT('',#5590);
#1640=VERTEX_POINT('',#5594);
#1641=VERTEX_POINT('',#5595);
#1642=VERTEX_POINT('',#5597);
#1643=VERTEX_POINT('',#5599);
#1644=VERTEX_POINT('',#5603);
#1645=VERTEX_POINT('',#5605);
#1646=VERTEX_POINT('',#5609);
#1647=VERTEX_POINT('',#5611);
#1648=VERTEX_POINT('',#5615);
#1649=VERTEX_POINT('',#5616);
#1650=VERTEX_POINT('',#5618);
#1651=VERTEX_POINT('',#5620);
#1652=VERTEX_POINT('',#5624);
#1653=VERTEX_POINT('',#5626);
#1654=VERTEX_POINT('',#5630);
#1655=VERTEX_POINT('',#5632);
#1656=VERTEX_POINT('',#5636);
#1657=VERTEX_POINT('',#5637);
#1658=VERTEX_POINT('',#5639);
#1659=VERTEX_POINT('',#5641);
#1660=VERTEX_POINT('',#5645);
#1661=VERTEX_POINT('',#5647);
#1662=VERTEX_POINT('',#5651);
#1663=VERTEX_POINT('',#5653);
#1664=VERTEX_POINT('',#5657);
#1665=VERTEX_POINT('',#5659);
#1666=VERTEX_POINT('',#5661);
#1667=VERTEX_POINT('',#5664);
#1668=VERTEX_POINT('',#5666);
#1669=VERTEX_POINT('',#5669);
#1670=VERTEX_POINT('',#5671);
#1671=VERTEX_POINT('',#5674);
#1672=VERTEX_POINT('',#5676);
#1673=VERTEX_POINT('',#5679);
#1674=VERTEX_POINT('',#5681);
#1675=VERTEX_POINT('',#5683);
#1676=VERTEX_POINT('',#5685);
#1677=VERTEX_POINT('',#5687);
#1678=VERTEX_POINT('',#5691);
#1679=VERTEX_POINT('',#5693);
#1680=VERTEX_POINT('',#5697);
#1681=VERTEX_POINT('',#5699);
#1682=VERTEX_POINT('',#5703);
#1683=VERTEX_POINT('',#5705);
#1684=VERTEX_POINT('',#5709);
#1685=VERTEX_POINT('',#5711);
#1686=VERTEX_POINT('',#5715);
#1687=VERTEX_POINT('',#5717);
#1688=VERTEX_POINT('',#5721);
#1689=VERTEX_POINT('',#5723);
#1690=VERTEX_POINT('',#5727);
#1691=VERTEX_POINT('',#5729);
#1692=VERTEX_POINT('',#5733);
#1693=VERTEX_POINT('',#5735);
#1694=VERTEX_POINT('',#5739);
#1695=VERTEX_POINT('',#5741);
#1696=VERTEX_POINT('',#5745);
#1697=VERTEX_POINT('',#5747);
#1698=VERTEX_POINT('',#5751);
#1699=VERTEX_POINT('',#5753);
#1700=VERTEX_POINT('',#5757);
#1701=VERTEX_POINT('',#5759);
#1702=VERTEX_POINT('',#5763);
#1703=VERTEX_POINT('',#5765);
#1704=VERTEX_POINT('',#5769);
#1705=VERTEX_POINT('',#5775);
#1706=VERTEX_POINT('',#5776);
#1707=VERTEX_POINT('',#5778);
#1708=VERTEX_POINT('',#5783);
#1709=VERTEX_POINT('',#5785);
#1710=VERTEX_POINT('',#5789);
#1711=VERTEX_POINT('',#5791);
#1712=VERTEX_POINT('',#5799);
#1713=VERTEX_POINT('',#5801);
#1714=VERTEX_POINT('',#5805);
#1715=VERTEX_POINT('',#5807);
#1716=VERTEX_POINT('',#5811);
#1717=VERTEX_POINT('',#5813);
#1718=VERTEX_POINT('',#5821);
#1719=VERTEX_POINT('',#5823);
#1720=VERTEX_POINT('',#5827);
#1721=VERTEX_POINT('',#5829);
#1722=VERTEX_POINT('',#5833);
#1723=VERTEX_POINT('',#5835);
#1724=VERTEX_POINT('',#5843);
#1725=VERTEX_POINT('',#5845);
#1726=VERTEX_POINT('',#5849);
#1727=VERTEX_POINT('',#5851);
#1728=VERTEX_POINT('',#5855);
#1729=VERTEX_POINT('',#5857);
#1730=VERTEX_POINT('',#5865);
#1731=VERTEX_POINT('',#5868);
#1732=VERTEX_POINT('',#5871);
#1733=VERTEX_POINT('',#5875);
#1734=VERTEX_POINT('',#5877);
#1735=VERTEX_POINT('',#5880);
#1736=VERTEX_POINT('',#5881);
#1737=VERTEX_POINT('',#5883);
#1738=VERTEX_POINT('',#5885);
#1739=VERTEX_POINT('',#5887);
#1740=VERTEX_POINT('',#5890);
#1741=VERTEX_POINT('',#5892);
#1742=VERTEX_POINT('',#5896);
#1743=VERTEX_POINT('',#5898);
#1744=VERTEX_POINT('',#5902);
#1745=VERTEX_POINT('',#5904);
#1746=VERTEX_POINT('',#5906);
#1747=VERTEX_POINT('',#5908);
#1748=VERTEX_POINT('',#5910);
#1749=VERTEX_POINT('',#5912);
#1750=VERTEX_POINT('',#5914);
#1751=VERTEX_POINT('',#5916);
#1752=VERTEX_POINT('',#5918);
#1753=VERTEX_POINT('',#5920);
#1754=VERTEX_POINT('',#5922);
#1755=VERTEX_POINT('',#5924);
#1756=VERTEX_POINT('',#5926);
#1757=VERTEX_POINT('',#5928);
#1758=VERTEX_POINT('',#5930);
#1759=VERTEX_POINT('',#5933);
#1760=VERTEX_POINT('',#5934);
#1761=VERTEX_POINT('',#5936);
#1762=VERTEX_POINT('',#5938);
#1763=VERTEX_POINT('',#5942);
#1764=VERTEX_POINT('',#5948);
#1765=VERTEX_POINT('',#5950);
#1766=VERTEX_POINT('',#5952);
#1767=VERTEX_POINT('',#5954);
#1768=VERTEX_POINT('',#5958);
#1769=VERTEX_POINT('',#5962);
#1770=VERTEX_POINT('',#5964);
#1771=VERTEX_POINT('',#5966);
#1772=VERTEX_POINT('',#5968);
#1773=VERTEX_POINT('',#5970);
#1774=VERTEX_POINT('',#5982);
#1775=VERTEX_POINT('',#5985);
#1776=VERTEX_POINT('',#5989);
#1777=VERTEX_POINT('',#5990);
#1778=VERTEX_POINT('',#5992);
#1779=VERTEX_POINT('',#5994);
#1780=VERTEX_POINT('',#5998);
#1781=VERTEX_POINT('',#5999);
#1782=VERTEX_POINT('',#6001);
#1783=VERTEX_POINT('',#6003);
#1784=VERTEX_POINT('',#6007);
#1785=VERTEX_POINT('',#6008);
#1786=VERTEX_POINT('',#6010);
#1787=VERTEX_POINT('',#6012);
#1788=VERTEX_POINT('',#6016);
#1789=VERTEX_POINT('',#6017);
#1790=VERTEX_POINT('',#6019);
#1791=VERTEX_POINT('',#6021);
#1792=VERTEX_POINT('',#6023);
#1793=VERTEX_POINT('',#6025);
#1794=VERTEX_POINT('',#6029);
#1795=VERTEX_POINT('',#6032);
#1796=VERTEX_POINT('',#6033);
#1797=VERTEX_POINT('',#6035);
#1798=VERTEX_POINT('',#6037);
#1799=VERTEX_POINT('',#6040);
#1800=VERTEX_POINT('',#6041);
#1801=VERTEX_POINT('',#6043);
#1802=VERTEX_POINT('',#6045);
#1803=VERTEX_POINT('',#6051);
#1804=VERTEX_POINT('',#6053);
#1805=VERTEX_POINT('',#6060);
#1806=VERTEX_POINT('',#6065);
#1807=VERTEX_POINT('',#6067);
#1808=VERTEX_POINT('',#6075);
#1809=VERTEX_POINT('',#6079);
#1810=VERTEX_POINT('',#6081);
#1811=VERTEX_POINT('',#6096);
#1812=VERTEX_POINT('',#6100);
#1813=VERTEX_POINT('',#6101);
#1814=VERTEX_POINT('',#6105);
#1815=VERTEX_POINT('',#6106);
#1816=VERTEX_POINT('',#6108);
#1817=VERTEX_POINT('',#6110);
#1818=VERTEX_POINT('',#6114);
#1819=VERTEX_POINT('',#6115);
#1820=VERTEX_POINT('',#6117);
#1821=VERTEX_POINT('',#6121);
#1822=VERTEX_POINT('',#6122);
#1823=VERTEX_POINT('',#6124);
#1824=VERTEX_POINT('',#6128);
#1825=VERTEX_POINT('',#6129);
#1826=VERTEX_POINT('',#6131);
#1827=VERTEX_POINT('',#6135);
#1828=VERTEX_POINT('',#6136);
#1829=VERTEX_POINT('',#6138);
#1830=VERTEX_POINT('',#6140);
#1831=VERTEX_POINT('',#6144);
#1832=VERTEX_POINT('',#6145);
#1833=VERTEX_POINT('',#6149);
#1834=VERTEX_POINT('',#6151);
#1835=VERTEX_POINT('',#6153);
#1836=VERTEX_POINT('',#6155);
#1837=VERTEX_POINT('',#6158);
#1838=VERTEX_POINT('',#6160);
#1839=VERTEX_POINT('',#6163);
#1840=VERTEX_POINT('',#6165);
#1841=VERTEX_POINT('',#6167);
#1842=VERTEX_POINT('',#6169);
#1843=VERTEX_POINT('',#6173);
#1844=VERTEX_POINT('',#6175);
#1845=VERTEX_POINT('',#6180);
#1846=VERTEX_POINT('',#6185);
#1847=VERTEX_POINT('',#6187);
#1848=VERTEX_POINT('',#6193);
#1849=VERTEX_POINT('',#6195);
#1850=VERTEX_POINT('',#6197);
#1851=VERTEX_POINT('',#6200);
#1852=VERTEX_POINT('',#6202);
#1853=VERTEX_POINT('',#6204);
#1854=VERTEX_POINT('',#6206);
#1855=VERTEX_POINT('',#6209);
#1856=VERTEX_POINT('',#6211);
#1857=VERTEX_POINT('',#6213);
#1858=VERTEX_POINT('',#6215);
#1859=VERTEX_POINT('',#6217);
#1860=VERTEX_POINT('',#6219);
#1861=VERTEX_POINT('',#6221);
#1862=VERTEX_POINT('',#6223);
#1863=VERTEX_POINT('',#6225);
#1864=VERTEX_POINT('',#6227);
#1865=VERTEX_POINT('',#6230);
#1866=VERTEX_POINT('',#6231);
#1867=VERTEX_POINT('',#6233);
#1868=VERTEX_POINT('',#6235);
#1869=VERTEX_POINT('',#6238);
#1870=VERTEX_POINT('',#6239);
#1871=VERTEX_POINT('',#6241);
#1872=VERTEX_POINT('',#6243);
#1873=VERTEX_POINT('',#6245);
#1874=VERTEX_POINT('',#6247);
#1875=VERTEX_POINT('',#6251);
#1876=VERTEX_POINT('',#6256);
#1877=VERTEX_POINT('',#6257);
#1878=VERTEX_POINT('',#6259);
#1879=VERTEX_POINT('',#6261);
#1880=VERTEX_POINT('',#6268);
#1881=VERTEX_POINT('',#6271);
#1882=VERTEX_POINT('',#6273);
#1883=VERTEX_POINT('',#6275);
#1884=VERTEX_POINT('',#6277);
#1885=VERTEX_POINT('',#6280);
#1886=VERTEX_POINT('',#6282);
#1887=VERTEX_POINT('',#6286);
#1888=VERTEX_POINT('',#6287);
#1889=VERTEX_POINT('',#6289);
#1890=VERTEX_POINT('',#6291);
#1891=VERTEX_POINT('',#6295);
#1892=VERTEX_POINT('',#6303);
#1893=VERTEX_POINT('',#6306);
#1894=VERTEX_POINT('',#6315);
#1895=VERTEX_POINT('',#6323);
#1896=VERTEX_POINT('',#6325);
#1897=VERTEX_POINT('',#6330);
#1898=VERTEX_POINT('',#6337);
#1899=VERTEX_POINT('',#6345);
#1900=VERTEX_POINT('',#6346);
#1901=VERTEX_POINT('',#6348);
#1902=VERTEX_POINT('',#6350);
#1903=VERTEX_POINT('',#6354);
#1904=VERTEX_POINT('',#6355);
#1905=VERTEX_POINT('',#6357);
#1906=VERTEX_POINT('',#6359);
#1907=VERTEX_POINT('',#6363);
#1908=VERTEX_POINT('',#6368);
#1909=VERTEX_POINT('',#6374);
#1910=VERTEX_POINT('',#6376);
#1911=VERTEX_POINT('',#6380);
#1912=VERTEX_POINT('',#6381);
#1913=VERTEX_POINT('',#6383);
#1914=VERTEX_POINT('',#6385);
#1915=VERTEX_POINT('',#6389);
#1916=VERTEX_POINT('',#6391);
#1917=VERTEX_POINT('',#6395);
#1918=VERTEX_POINT('',#6396);
#1919=VERTEX_POINT('',#6398);
#1920=VERTEX_POINT('',#6400);
#1921=VERTEX_POINT('',#6404);
#1922=VERTEX_POINT('',#6406);
#1923=VERTEX_POINT('',#6410);
#1924=VERTEX_POINT('',#6412);
#1925=VERTEX_POINT('',#6423);
#1926=VERTEX_POINT('',#6424);
#1927=VERTEX_POINT('',#6426);
#1928=VERTEX_POINT('',#6428);
#1929=VERTEX_POINT('',#6432);
#1930=VERTEX_POINT('',#6434);
#1931=VERTEX_POINT('',#6438);
#1932=VERTEX_POINT('',#6440);
#1933=VERTEX_POINT('',#6448);
#1934=VERTEX_POINT('',#6449);
#1935=VERTEX_POINT('',#6451);
#1936=VERTEX_POINT('',#6453);
#1937=VERTEX_POINT('',#6464);
#1938=VERTEX_POINT('',#6471);
#1939=VERTEX_POINT('',#6477);
#1940=VERTEX_POINT('',#6479);
#1941=VERTEX_POINT('',#6488);
#1942=VERTEX_POINT('',#6492);
#1943=VERTEX_POINT('',#6505);
#1944=VERTEX_POINT('',#6507);
#1945=VERTEX_POINT('',#6511);
#1946=VERTEX_POINT('',#6513);
#1947=VERTEX_POINT('',#6520);
#1948=VERTEX_POINT('',#6522);
#1949=VERTEX_POINT('',#6540);
#1950=VERTEX_POINT('',#6541);
#1951=VERTEX_POINT('',#6543);
#1952=VERTEX_POINT('',#6545);
#1953=VERTEX_POINT('',#6549);
#1954=VERTEX_POINT('',#6551);
#1955=VERTEX_POINT('',#6553);
#1956=VERTEX_POINT('',#6558);
#1957=VERTEX_POINT('',#6562);
#1958=VERTEX_POINT('',#6563);
#1959=VERTEX_POINT('',#6565);
#1960=VERTEX_POINT('',#6567);
#1961=VERTEX_POINT('',#6571);
#1962=VERTEX_POINT('',#6573);
#1963=VERTEX_POINT('',#6575);
#1964=VERTEX_POINT('',#6580);
#1965=VERTEX_POINT('',#6584);
#1966=VERTEX_POINT('',#6585);
#1967=VERTEX_POINT('',#6587);
#1968=VERTEX_POINT('',#6589);
#1969=VERTEX_POINT('',#6593);
#1970=VERTEX_POINT('',#6595);
#1971=VERTEX_POINT('',#6597);
#1972=VERTEX_POINT('',#6599);
#1973=VERTEX_POINT('',#6601);
#1974=VERTEX_POINT('',#6605);
#1975=VERTEX_POINT('',#6609);
#1976=VERTEX_POINT('',#6610);
#1977=VERTEX_POINT('',#6612);
#1978=VERTEX_POINT('',#6614);
#1979=VERTEX_POINT('',#6618);
#1980=VERTEX_POINT('',#6620);
#1981=VERTEX_POINT('',#6622);
#1982=VERTEX_POINT('',#6624);
#1983=VERTEX_POINT('',#6626);
#1984=VERTEX_POINT('',#6630);
#1985=VERTEX_POINT('',#6634);
#1986=VERTEX_POINT('',#6635);
#1987=VERTEX_POINT('',#6637);
#1988=VERTEX_POINT('',#6639);
#1989=VERTEX_POINT('',#6643);
#1990=VERTEX_POINT('',#6645);
#1991=VERTEX_POINT('',#6649);
#1992=VERTEX_POINT('',#6651);
#1993=VERTEX_POINT('',#6653);
#1994=VERTEX_POINT('',#6655);
#1995=VERTEX_POINT('',#6659);
#1996=VERTEX_POINT('',#6664);
#1997=VERTEX_POINT('',#6671);
#1998=VERTEX_POINT('',#6675);
#1999=VERTEX_POINT('',#6679);
#2000=VERTEX_POINT('',#6683);
#2001=VERTEX_POINT('',#6685);
#2002=VERTEX_POINT('',#6687);
#2003=VERTEX_POINT('',#6695);
#2004=VERTEX_POINT('',#6699);
#2005=VERTEX_POINT('',#6703);
#2006=VERTEX_POINT('',#6704);
#2007=VERTEX_POINT('',#6719);
#2008=VERTEX_POINT('',#6723);
#2009=VERTEX_POINT('',#6729);
#2010=VERTEX_POINT('',#6733);
#2011=EDGE_CURVE('',#1624,#1625,#556,.T.);
#2012=EDGE_CURVE('',#1624,#1626,#557,.T.);
#2013=EDGE_CURVE('',#1627,#1626,#558,.T.);
#2014=EDGE_CURVE('',#1625,#1627,#559,.T.);
#2015=EDGE_CURVE('',#1625,#1628,#560,.T.);
#2016=EDGE_CURVE('',#1629,#1627,#561,.T.);
#2017=EDGE_CURVE('',#1628,#1629,#562,.T.);
#2018=EDGE_CURVE('',#1630,#1629,#563,.T.);
#2019=EDGE_CURVE('',#1626,#1631,#564,.T.);
#2020=EDGE_CURVE('',#1630,#1631,#565,.T.);
#2021=EDGE_CURVE('',#1632,#1633,#566,.T.);
#2022=EDGE_CURVE('',#1632,#1634,#567,.T.);
#2023=EDGE_CURVE('',#1635,#1634,#568,.T.);
#2024=EDGE_CURVE('',#1633,#1635,#569,.T.);
#2025=EDGE_CURVE('',#1633,#1636,#570,.T.);
#2026=EDGE_CURVE('',#1637,#1635,#571,.T.);
#2027=EDGE_CURVE('',#1636,#1637,#572,.T.);
#2028=EDGE_CURVE('',#1638,#1637,#573,.T.);
#2029=EDGE_CURVE('',#1634,#1639,#574,.T.);
#2030=EDGE_CURVE('',#1638,#1639,#575,.T.);
#2031=EDGE_CURVE('',#1640,#1641,#576,.T.);
#2032=EDGE_CURVE('',#1640,#1642,#577,.T.);
#2033=EDGE_CURVE('',#1643,#1642,#578,.T.);
#2034=EDGE_CURVE('',#1641,#1643,#579,.T.);
#2035=EDGE_CURVE('',#1641,#1644,#580,.T.);
#2036=EDGE_CURVE('',#1645,#1643,#581,.T.);
#2037=EDGE_CURVE('',#1644,#1645,#582,.T.);
#2038=EDGE_CURVE('',#1646,#1645,#583,.T.);
#2039=EDGE_CURVE('',#1642,#1647,#584,.T.);
#2040=EDGE_CURVE('',#1646,#1647,#585,.T.);
#2041=EDGE_CURVE('',#1648,#1649,#586,.T.);
#2042=EDGE_CURVE('',#1648,#1650,#587,.T.);
#2043=EDGE_CURVE('',#1651,#1650,#588,.T.);
#2044=EDGE_CURVE('',#1649,#1651,#589,.T.);
#2045=EDGE_CURVE('',#1649,#1652,#590,.T.);
#2046=EDGE_CURVE('',#1653,#1651,#591,.T.);
#2047=EDGE_CURVE('',#1652,#1653,#592,.T.);
#2048=EDGE_CURVE('',#1654,#1653,#593,.T.);
#2049=EDGE_CURVE('',#1650,#1655,#594,.T.);
#2050=EDGE_CURVE('',#1654,#1655,#595,.T.);
#2051=EDGE_CURVE('',#1656,#1657,#596,.T.);
#2052=EDGE_CURVE('',#1656,#1658,#597,.T.);
#2053=EDGE_CURVE('',#1659,#1658,#598,.T.);
#2054=EDGE_CURVE('',#1657,#1659,#599,.T.);
#2055=EDGE_CURVE('',#1657,#1660,#600,.T.);
#2056=EDGE_CURVE('',#1661,#1659,#601,.T.);
#2057=EDGE_CURVE('',#1660,#1661,#602,.T.);
#2058=EDGE_CURVE('',#1662,#1661,#603,.T.);
#2059=EDGE_CURVE('',#1658,#1663,#604,.T.);
#2060=EDGE_CURVE('',#1662,#1663,#605,.T.);
#2061=EDGE_CURVE('',#1664,#1624,#606,.T.);
#2062=EDGE_CURVE('',#1628,#1665,#607,.T.);
#2063=EDGE_CURVE('',#1666,#1665,#608,.T.);
#2064=EDGE_CURVE('',#1666,#1656,#609,.T.);
#2065=EDGE_CURVE('',#1660,#1667,#610,.T.);
#2066=EDGE_CURVE('',#1668,#1667,#611,.T.);
#2067=EDGE_CURVE('',#1668,#1632,#612,.T.);
#2068=EDGE_CURVE('',#1636,#1669,#613,.T.);
#2069=EDGE_CURVE('',#1670,#1669,#614,.T.);
#2070=EDGE_CURVE('',#1670,#1648,#615,.T.);
#2071=EDGE_CURVE('',#1652,#1671,#616,.T.);
#2072=EDGE_CURVE('',#1672,#1671,#617,.T.);
#2073=EDGE_CURVE('',#1672,#1640,#618,.T.);
#2074=EDGE_CURVE('',#1644,#1673,#619,.T.);
#2075=EDGE_CURVE('',#1674,#1673,#620,.T.);
#2076=EDGE_CURVE('',#1675,#1674,#621,.T.);
#2077=EDGE_CURVE('',#1675,#1676,#622,.T.);
#2078=EDGE_CURVE('',#1677,#1676,#623,.T.);
#2079=EDGE_CURVE('',#1664,#1677,#624,.T.);
#2080=EDGE_CURVE('',#1678,#1639,#625,.T.);
#2081=EDGE_CURVE('',#1678,#1679,#626,.T.);
#2082=EDGE_CURVE('',#1679,#1638,#627,.T.);
#2083=EDGE_CURVE('',#1680,#1655,#628,.T.);
#2084=EDGE_CURVE('',#1680,#1681,#629,.T.);
#2085=EDGE_CURVE('',#1681,#1654,#630,.T.);
#2086=EDGE_CURVE('',#1682,#1663,#631,.T.);
#2087=EDGE_CURVE('',#1682,#1683,#632,.T.);
#2088=EDGE_CURVE('',#1683,#1662,#633,.T.);
#2089=EDGE_CURVE('',#1684,#1647,#634,.T.);
#2090=EDGE_CURVE('',#1684,#1685,#635,.T.);
#2091=EDGE_CURVE('',#1685,#1646,#636,.T.);
#2092=EDGE_CURVE('',#1686,#1631,#637,.T.);
#2093=EDGE_CURVE('',#1686,#1687,#638,.T.);
#2094=EDGE_CURVE('',#1687,#1630,#639,.T.);
#2095=EDGE_CURVE('',#1688,#1664,#640,.T.);
#2096=EDGE_CURVE('',#1689,#1677,#641,.T.);
#2097=EDGE_CURVE('',#1688,#1689,#642,.T.);
#2098=EDGE_CURVE('',#1690,#1666,#643,.T.);
#2099=EDGE_CURVE('',#1665,#1691,#644,.T.);
#2100=EDGE_CURVE('',#1690,#1691,#645,.T.);
#2101=EDGE_CURVE('',#1673,#1692,#646,.T.);
#2102=EDGE_CURVE('',#1693,#1692,#647,.T.);
#2103=EDGE_CURVE('',#1674,#1693,#648,.T.);
#2104=EDGE_CURVE('',#1694,#1668,#649,.T.);
#2105=EDGE_CURVE('',#1667,#1695,#650,.T.);
#2106=EDGE_CURVE('',#1694,#1695,#651,.T.);
#2107=EDGE_CURVE('',#1671,#1696,#652,.T.);
#2108=EDGE_CURVE('',#1697,#1696,#653,.T.);
#2109=EDGE_CURVE('',#1697,#1672,#654,.T.);
#2110=EDGE_CURVE('',#1698,#1694,#655,.T.);
#2111=EDGE_CURVE('',#1698,#1699,#656,.T.);
#2112=EDGE_CURVE('',#1699,#1678,#657,.T.);
#2113=EDGE_CURVE('',#1700,#1698,#658,.T.);
#2114=EDGE_CURVE('',#1700,#1701,#659,.T.);
#2115=EDGE_CURVE('',#1701,#1699,#660,.T.);
#2116=EDGE_CURVE('',#1702,#1700,#661,.T.);
#2117=EDGE_CURVE('',#1702,#1703,#662,.T.);
#2118=EDGE_CURVE('',#1703,#1701,#663,.T.);
#2119=EDGE_CURVE('',#1704,#1702,#664,.T.);
#2120=EDGE_CURVE('',#1669,#1704,#665,.T.);
#2121=EDGE_CURVE('',#1679,#1703,#666,.T.);
#2122=EDGE_CURVE('',#1705,#1706,#667,.T.);
#2123=EDGE_CURVE('',#1705,#1707,#668,.T.);
#2124=EDGE_CURVE('',#1707,#1680,#669,.T.);
#2125=EDGE_CURVE('',#1706,#1670,#670,.T.);
#2126=EDGE_CURVE('',#1708,#1705,#671,.T.);
#2127=EDGE_CURVE('',#1708,#1709,#672,.T.);
#2128=EDGE_CURVE('',#1709,#1707,#673,.T.);
#2129=EDGE_CURVE('',#1710,#1708,#674,.T.);
#2130=EDGE_CURVE('',#1710,#1711,#675,.T.);
#2131=EDGE_CURVE('',#1711,#1709,#676,.T.);
#2132=EDGE_CURVE('',#1696,#1710,#677,.T.);
#2133=EDGE_CURVE('',#1681,#1711,#678,.T.);
#2134=EDGE_CURVE('',#1712,#1690,#679,.T.);
#2135=EDGE_CURVE('',#1712,#1713,#680,.T.);
#2136=EDGE_CURVE('',#1713,#1682,#681,.T.);
#2137=EDGE_CURVE('',#1714,#1712,#682,.T.);
#2138=EDGE_CURVE('',#1714,#1715,#683,.T.);
#2139=EDGE_CURVE('',#1715,#1713,#684,.T.);
#2140=EDGE_CURVE('',#1716,#1714,#685,.T.);
#2141=EDGE_CURVE('',#1716,#1717,#686,.T.);
#2142=EDGE_CURVE('',#1717,#1715,#687,.T.);
#2143=EDGE_CURVE('',#1695,#1716,#688,.T.);
#2144=EDGE_CURVE('',#1683,#1717,#689,.T.);
#2145=EDGE_CURVE('',#1718,#1697,#690,.T.);
#2146=EDGE_CURVE('',#1718,#1719,#691,.T.);
#2147=EDGE_CURVE('',#1719,#1684,#692,.T.);
#2148=EDGE_CURVE('',#1720,#1718,#693,.T.);
#2149=EDGE_CURVE('',#1720,#1721,#694,.T.);
#2150=EDGE_CURVE('',#1721,#1719,#695,.T.);
#2151=EDGE_CURVE('',#1722,#1720,#696,.T.);
#2152=EDGE_CURVE('',#1722,#1723,#697,.T.);
#2153=EDGE_CURVE('',#1723,#1721,#698,.T.);
#2154=EDGE_CURVE('',#1692,#1722,#699,.T.);
#2155=EDGE_CURVE('',#1685,#1723,#700,.T.);
#2156=EDGE_CURVE('',#1724,#1688,#701,.T.);
#2157=EDGE_CURVE('',#1724,#1725,#702,.T.);
#2158=EDGE_CURVE('',#1725,#1686,#703,.T.);
#2159=EDGE_CURVE('',#1726,#1724,#704,.T.);
#2160=EDGE_CURVE('',#1726,#1727,#705,.T.);
#2161=EDGE_CURVE('',#1727,#1725,#706,.T.);
#2162=EDGE_CURVE('',#1728,#1726,#707,.T.);
#2163=EDGE_CURVE('',#1728,#1729,#708,.T.);
#2164=EDGE_CURVE('',#1729,#1727,#709,.T.);
#2165=EDGE_CURVE('',#1691,#1728,#710,.T.);
#2166=EDGE_CURVE('',#1687,#1729,#711,.T.);
#2167=EDGE_CURVE('',#1730,#1730,#57,.T.);
#2168=EDGE_CURVE('',#1731,#1731,#58,.T.);
#2169=EDGE_CURVE('',#1731,#1732,#712,.T.);
#2170=EDGE_CURVE('',#1732,#1732,#59,.T.);
#2171=EDGE_CURVE('',#1733,#1733,#60,.T.);
#2172=EDGE_CURVE('',#1734,#1734,#61,.T.);
#2173=EDGE_CURVE('',#1735,#1736,#713,.T.);
#2174=EDGE_CURVE('',#1737,#1735,#62,.T.);
#2175=EDGE_CURVE('',#1738,#1737,#714,.T.);
#2176=EDGE_CURVE('',#1739,#1738,#63,.T.);
#2177=EDGE_CURVE('',#1739,#1733,#715,.T.);
#2178=EDGE_CURVE('',#1740,#1739,#64,.T.);
#2179=EDGE_CURVE('',#1741,#1740,#716,.T.);
#2180=EDGE_CURVE('',#1736,#1741,#65,.T.);
#2181=EDGE_CURVE('',#1742,#1736,#717,.T.);
#2182=EDGE_CURVE('',#1743,#1742,#718,.T.);
#2183=EDGE_CURVE('',#1743,#1735,#719,.T.);
#2184=EDGE_CURVE('',#1744,#1741,#720,.T.);
#2185=EDGE_CURVE('',#1745,#1744,#721,.T.);
#2186=EDGE_CURVE('',#1745,#1746,#722,.T.);
#2187=EDGE_CURVE('',#1746,#1747,#723,.T.);
#2188=EDGE_CURVE('',#1747,#1748,#724,.T.);
#2189=EDGE_CURVE('',#1748,#1749,#725,.T.);
#2190=EDGE_CURVE('',#1750,#1749,#726,.T.);
#2191=EDGE_CURVE('',#1750,#1751,#727,.T.);
#2192=EDGE_CURVE('',#1752,#1751,#728,.T.);
#2193=EDGE_CURVE('',#1753,#1752,#729,.T.);
#2194=EDGE_CURVE('',#1754,#1753,#730,.T.);
#2195=EDGE_CURVE('',#1754,#1755,#731,.T.);
#2196=EDGE_CURVE('',#1756,#1755,#732,.T.);
#2197=EDGE_CURVE('',#1757,#1756,#733,.T.);
#2198=EDGE_CURVE('',#1758,#1757,#734,.T.);
#2199=EDGE_CURVE('',#1742,#1758,#735,.T.);
#2200=EDGE_CURVE('',#1759,#1760,#736,.T.);
#2201=EDGE_CURVE('',#1760,#1761,#737,.T.);
#2202=EDGE_CURVE('',#1761,#1762,#738,.T.);
#2203=EDGE_CURVE('',#1762,#1759,#739,.T.);
#2204=EDGE_CURVE('',#1763,#1740,#740,.T.);
#2205=EDGE_CURVE('',#1744,#1763,#741,.T.);
#2206=EDGE_CURVE('',#1734,#1730,#742,.T.);
#2207=EDGE_CURVE('',#1764,#1738,#743,.T.);
#2208=EDGE_CURVE('',#1764,#1765,#744,.T.);
#2209=EDGE_CURVE('',#1766,#1765,#745,.T.);
#2210=EDGE_CURVE('',#1767,#1766,#746,.T.);
#2211=EDGE_CURVE('',#1767,#1763,#747,.T.);
#2212=EDGE_CURVE('',#1768,#1737,#748,.T.);
#2213=EDGE_CURVE('',#1764,#1768,#749,.T.);
#2214=EDGE_CURVE('',#1743,#1769,#750,.T.);
#2215=EDGE_CURVE('',#1770,#1769,#751,.T.);
#2216=EDGE_CURVE('',#1771,#1770,#752,.T.);
#2217=EDGE_CURVE('',#1772,#1771,#753,.T.);
#2218=EDGE_CURVE('',#1772,#1773,#754,.T.);
#2219=EDGE_CURVE('',#1773,#1768,#755,.T.);
#2220=EDGE_CURVE('',#1769,#1758,#756,.T.);
#2221=EDGE_CURVE('',#1766,#1772,#757,.T.);
#2222=EDGE_CURVE('',#1765,#1773,#758,.T.);
#2223=EDGE_CURVE('',#1745,#1767,#759,.T.);
#2224=EDGE_CURVE('',#1771,#1774,#760,.T.);
#2225=EDGE_CURVE('',#1676,#1774,#761,.T.);
#2226=EDGE_CURVE('',#1675,#1775,#762,.T.);
#2227=EDGE_CURVE('',#1775,#1746,#763,.T.);
#2228=EDGE_CURVE('',#1776,#1777,#764,.T.);
#2229=EDGE_CURVE('',#1778,#1777,#765,.T.);
#2230=EDGE_CURVE('',#1779,#1778,#766,.T.);
#2231=EDGE_CURVE('',#1779,#1776,#767,.T.);
#2232=EDGE_CURVE('',#1780,#1781,#768,.T.);
#2233=EDGE_CURVE('',#1782,#1781,#769,.T.);
#2234=EDGE_CURVE('',#1783,#1782,#770,.T.);
#2235=EDGE_CURVE('',#1783,#1780,#771,.T.);
#2236=EDGE_CURVE('',#1784,#1785,#772,.T.);
#2237=EDGE_CURVE('',#1785,#1786,#773,.T.);
#2238=EDGE_CURVE('',#1786,#1787,#774,.T.);
#2239=EDGE_CURVE('',#1784,#1787,#775,.T.);
#2240=EDGE_CURVE('',#1788,#1789,#776,.T.);
#2241=EDGE_CURVE('',#1789,#1790,#777,.T.);
#2242=EDGE_CURVE('',#1791,#1790,#778,.T.);
#2243=EDGE_CURVE('',#1792,#1791,#779,.T.);
#2244=EDGE_CURVE('',#1792,#1793,#780,.T.);
#2245=EDGE_CURVE('',#1788,#1793,#781,.T.);
#2246=EDGE_CURVE('',#1775,#1794,#782,.T.);
#2247=EDGE_CURVE('',#1794,#1747,#783,.T.);
#2248=EDGE_CURVE('',#1795,#1796,#784,.T.);
#2249=EDGE_CURVE('',#1796,#1797,#785,.T.);
#2250=EDGE_CURVE('',#1797,#1798,#786,.T.);
#2251=EDGE_CURVE('',#1798,#1795,#787,.T.);
#2252=EDGE_CURVE('',#1799,#1800,#788,.T.);
#2253=EDGE_CURVE('',#1800,#1801,#789,.T.);
#2254=EDGE_CURVE('',#1801,#1802,#790,.T.);
#2255=EDGE_CURVE('',#1802,#1799,#791,.T.);
#2256=EDGE_CURVE('',#1770,#1757,#792,.T.);
#2257=EDGE_CURVE('',#1803,#1785,#793,.T.);
#2258=EDGE_CURVE('',#1804,#1803,#794,.T.);
#2259=EDGE_CURVE('',#1786,#1804,#795,.T.);
#2260=EDGE_CURVE('',#1754,#1803,#796,.T.);
#2261=EDGE_CURVE('',#1804,#1753,#797,.T.);
#2262=EDGE_CURVE('',#1805,#1752,#798,.T.);
#2263=EDGE_CURVE('',#1782,#1805,#799,.T.);
#2264=EDGE_CURVE('',#1781,#1787,#800,.T.);
#2265=EDGE_CURVE('',#1806,#1789,#801,.T.);
#2266=EDGE_CURVE('',#1807,#1806,#802,.T.);
#2267=EDGE_CURVE('',#1790,#1807,#803,.T.);
#2268=EDGE_CURVE('',#1750,#1806,#804,.T.);
#2269=EDGE_CURVE('',#1749,#1807,#805,.T.);
#2270=EDGE_CURVE('',#1788,#1780,#806,.T.);
#2271=EDGE_CURVE('',#1808,#1783,#807,.T.);
#2272=EDGE_CURVE('',#1751,#1808,#808,.T.);
#2273=EDGE_CURVE('',#1778,#1809,#809,.T.);
#2274=EDGE_CURVE('',#1809,#1810,#810,.T.);
#2275=EDGE_CURVE('',#1810,#1779,#811,.T.);
#2276=EDGE_CURVE('',#1809,#1756,#812,.T.);
#2277=EDGE_CURVE('',#1755,#1810,#813,.T.);
#2278=EDGE_CURVE('',#1777,#1774,#814,.T.);
#2279=EDGE_CURVE('',#1805,#1808,#815,.T.);
#2280=EDGE_CURVE('',#1784,#1776,#816,.T.);
#2281=EDGE_CURVE('',#1693,#1792,#817,.T.);
#2282=EDGE_CURVE('',#1811,#1791,#818,.T.);
#2283=EDGE_CURVE('',#1794,#1811,#819,.T.);
#2284=EDGE_CURVE('',#1812,#1813,#66,.T.);
#2285=EDGE_CURVE('',#1813,#1812,#820,.T.);
#2286=EDGE_CURVE('',#1814,#1815,#67,.T.);
#2287=EDGE_CURVE('',#1816,#1814,#821,.T.);
#2288=EDGE_CURVE('',#1817,#1816,#822,.T.);
#2289=EDGE_CURVE('',#1815,#1817,#68,.T.);
#2290=EDGE_CURVE('',#1818,#1819,#69,.T.);
#2291=EDGE_CURVE('',#1820,#1818,#823,.T.);
#2292=EDGE_CURVE('',#1819,#1820,#824,.T.);
#2293=EDGE_CURVE('',#1821,#1822,#70,.T.);
#2294=EDGE_CURVE('',#1823,#1821,#825,.T.);
#2295=EDGE_CURVE('',#1822,#1823,#826,.T.);
#2296=EDGE_CURVE('',#1824,#1825,#827,.T.);
#2297=EDGE_CURVE('',#1826,#1824,#71,.T.);
#2298=EDGE_CURVE('',#1825,#1826,#72,.T.);
#2299=EDGE_CURVE('',#1827,#1828,#828,.T.);
#2300=EDGE_CURVE('',#1829,#1827,#73,.T.);
#2301=EDGE_CURVE('',#1830,#1829,#74,.T.);
#2302=EDGE_CURVE('',#1828,#1830,#829,.T.);
#2303=EDGE_CURVE('',#1831,#1832,#75,.T.);
#2304=EDGE_CURVE('',#1832,#1831,#830,.T.);
#2305=EDGE_CURVE('',#1812,#1833,#831,.T.);
#2306=EDGE_CURVE('',#1833,#1834,#832,.T.);
#2307=EDGE_CURVE('',#1835,#1834,#833,.T.);
#2308=EDGE_CURVE('',#1835,#1836,#834,.T.);
#2309=EDGE_CURVE('',#1836,#1819,#835,.T.);
#2310=EDGE_CURVE('',#1837,#1820,#836,.T.);
#2311=EDGE_CURVE('',#1837,#1838,#837,.T.);
#2312=EDGE_CURVE('',#1823,#1838,#838,.T.);
#2313=EDGE_CURVE('',#1821,#1839,#839,.T.);
#2314=EDGE_CURVE('',#1839,#1840,#840,.T.);
#2315=EDGE_CURVE('',#1841,#1840,#841,.T.);
#2316=EDGE_CURVE('',#1841,#1842,#842,.T.);
#2317=EDGE_CURVE('',#1842,#1813,#843,.T.);
#2318=EDGE_CURVE('',#1843,#1843,#76,.T.);
#2319=EDGE_CURVE('',#1843,#1844,#844,.T.);
#2320=EDGE_CURVE('',#1844,#1844,#77,.T.);
#2321=EDGE_CURVE('',#1822,#1845,#845,.T.);
#2322=EDGE_CURVE('',#1845,#1845,#78,.T.);
#2323=EDGE_CURVE('',#1821,#1822,#79,.T.);
#2324=EDGE_CURVE('',#1840,#1846,#80,.T.);
#2325=EDGE_CURVE('',#1847,#1839,#81,.T.);
#2326=EDGE_CURVE('',#1846,#1847,#846,.T.);
#2327=EDGE_CURVE('',#1847,#1822,#847,.T.);
#2328=EDGE_CURVE('',#1838,#1848,#848,.T.);
#2329=EDGE_CURVE('',#1848,#1849,#849,.T.);
#2330=EDGE_CURVE('',#1849,#1850,#850,.T.);
#2331=EDGE_CURVE('',#1850,#1761,#851,.T.);
#2332=EDGE_CURVE('',#1760,#1851,#852,.T.);
#2333=EDGE_CURVE('',#1851,#1852,#853,.T.);
#2334=EDGE_CURVE('',#1853,#1852,#854,.T.);
#2335=EDGE_CURVE('',#1853,#1854,#855,.T.);
#2336=EDGE_CURVE('',#1854,#1828,#856,.T.);
#2337=EDGE_CURVE('',#1830,#1855,#857,.T.);
#2338=EDGE_CURVE('',#1855,#1856,#858,.T.);
#2339=EDGE_CURVE('',#1857,#1856,#859,.T.);
#2340=EDGE_CURVE('',#1857,#1858,#860,.T.);
#2341=EDGE_CURVE('',#1858,#1859,#861,.T.);
#2342=EDGE_CURVE('',#1859,#1860,#862,.T.);
#2343=EDGE_CURVE('',#1861,#1860,#863,.T.);
#2344=EDGE_CURVE('',#1861,#1862,#864,.T.);
#2345=EDGE_CURVE('',#1862,#1863,#865,.T.);
#2346=EDGE_CURVE('',#1863,#1864,#866,.T.);
#2347=EDGE_CURVE('',#1846,#1864,#867,.T.);
#2348=EDGE_CURVE('',#1865,#1866,#868,.T.);
#2349=EDGE_CURVE('',#1866,#1867,#869,.T.);
#2350=EDGE_CURVE('',#1867,#1868,#870,.T.);
#2351=EDGE_CURVE('',#1868,#1865,#871,.T.);
#2352=EDGE_CURVE('',#1869,#1870,#872,.T.);
#2353=EDGE_CURVE('',#1870,#1871,#873,.T.);
#2354=EDGE_CURVE('',#1871,#1872,#874,.T.);
#2355=EDGE_CURVE('',#1872,#1873,#875,.T.);
#2356=EDGE_CURVE('',#1873,#1874,#876,.T.);
#2357=EDGE_CURVE('',#1874,#1869,#877,.T.);
#2358=EDGE_CURVE('',#1815,#1875,#878,.T.);
#2359=EDGE_CURVE('',#1875,#1875,#82,.T.);
#2360=EDGE_CURVE('',#1814,#1817,#83,.T.);
#2361=EDGE_CURVE('',#1876,#1877,#84,.T.);
#2362=EDGE_CURVE('',#1878,#1876,#879,.T.);
#2363=EDGE_CURVE('',#1879,#1878,#85,.T.);
#2364=EDGE_CURVE('',#1877,#1879,#880,.T.);
#2365=EDGE_CURVE('',#1814,#1878,#881,.T.);
#2366=EDGE_CURVE('',#1879,#1817,#882,.T.);
#2367=EDGE_CURVE('',#1880,#1816,#883,.T.);
#2368=EDGE_CURVE('',#1880,#1837,#884,.T.);
#2369=EDGE_CURVE('',#1818,#1881,#885,.T.);
#2370=EDGE_CURVE('',#1881,#1882,#886,.T.);
#2371=EDGE_CURVE('',#1883,#1882,#887,.T.);
#2372=EDGE_CURVE('',#1883,#1884,#888,.T.);
#2373=EDGE_CURVE('',#1884,#1832,#889,.T.);
#2374=EDGE_CURVE('',#1831,#1885,#890,.T.);
#2375=EDGE_CURVE('',#1885,#1886,#891,.T.);
#2376=EDGE_CURVE('',#1877,#1886,#892,.T.);
#2377=EDGE_CURVE('',#1887,#1888,#86,.T.);
#2378=EDGE_CURVE('',#1889,#1887,#893,.T.);
#2379=EDGE_CURVE('',#1890,#1889,#87,.T.);
#2380=EDGE_CURVE('',#1888,#1890,#894,.T.);
#2381=EDGE_CURVE('',#1826,#1891,#895,.T.);
#2382=EDGE_CURVE('',#1891,#1891,#88,.T.);
#2383=EDGE_CURVE('',#1825,#1824,#89,.T.);
#2384=EDGE_CURVE('',#1825,#1889,#896,.T.);
#2385=EDGE_CURVE('',#1890,#1824,#897,.T.);
#2386=EDGE_CURVE('',#1812,#1892,#90,.T.);
#2387=EDGE_CURVE('',#1892,#1813,#91,.T.);
#2388=EDGE_CURVE('',#1892,#1893,#898,.T.);
#2389=EDGE_CURVE('',#1893,#1893,#92,.T.);
#2390=EDGE_CURVE('',#1834,#1841,#93,.T.);
#2391=EDGE_CURVE('',#1842,#1833,#94,.T.);
#2392=EDGE_CURVE('',#1831,#1832,#95,.T.);
#2393=EDGE_CURVE('',#1831,#1894,#899,.T.);
#2394=EDGE_CURVE('',#1894,#1894,#96,.T.);
#2395=EDGE_CURVE('',#1886,#1883,#97,.T.);
#2396=EDGE_CURVE('',#1884,#1885,#98,.T.);
#2397=EDGE_CURVE('',#1856,#1895,#99,.T.);
#2398=EDGE_CURVE('',#1896,#1855,#100,.T.);
#2399=EDGE_CURVE('',#1895,#1896,#900,.T.);
#2400=EDGE_CURVE('',#1830,#1827,#101,.T.);
#2401=EDGE_CURVE('',#1829,#1897,#901,.T.);
#2402=EDGE_CURVE('',#1897,#1897,#102,.T.);
#2403=EDGE_CURVE('',#1896,#1827,#902,.T.);
#2404=EDGE_CURVE('',#1818,#1819,#103,.T.);
#2405=EDGE_CURVE('',#1818,#1898,#903,.T.);
#2406=EDGE_CURVE('',#1898,#1898,#104,.T.);
#2407=EDGE_CURVE('',#1882,#1835,#105,.T.);
#2408=EDGE_CURVE('',#1836,#1881,#106,.T.);
#2409=EDGE_CURVE('',#1899,#1900,#904,.T.);
#2410=EDGE_CURVE('',#1901,#1900,#905,.T.);
#2411=EDGE_CURVE('',#1902,#1901,#906,.T.);
#2412=EDGE_CURVE('',#1899,#1902,#907,.T.);
#2413=EDGE_CURVE('',#1903,#1904,#908,.T.);
#2414=EDGE_CURVE('',#1903,#1905,#909,.T.);
#2415=EDGE_CURVE('',#1906,#1905,#910,.T.);
#2416=EDGE_CURVE('',#1904,#1906,#911,.T.);
#2417=EDGE_CURVE('',#1901,#1907,#912,.T.);
#2418=EDGE_CURVE('',#1905,#1900,#913,.T.);
#2419=EDGE_CURVE('',#1907,#1903,#914,.T.);
#2420=EDGE_CURVE('',#1908,#1902,#915,.T.);
#2421=EDGE_CURVE('',#1904,#1908,#916,.T.);
#2422=EDGE_CURVE('',#1899,#1906,#917,.T.);
#2423=EDGE_CURVE('',#1869,#1908,#918,.T.);
#2424=EDGE_CURVE('',#1874,#1909,#919,.T.);
#2425=EDGE_CURVE('',#1910,#1909,#920,.T.);
#2426=EDGE_CURVE('',#1907,#1910,#921,.T.);
#2427=EDGE_CURVE('',#1911,#1912,#922,.T.);
#2428=EDGE_CURVE('',#1913,#1911,#923,.T.);
#2429=EDGE_CURVE('',#1914,#1913,#924,.T.);
#2430=EDGE_CURVE('',#1912,#1914,#925,.T.);
#2431=EDGE_CURVE('',#1915,#1914,#926,.T.);
#2432=EDGE_CURVE('',#1916,#1913,#927,.T.);
#2433=EDGE_CURVE('',#1916,#1915,#928,.T.);
#2434=EDGE_CURVE('',#1917,#1918,#929,.T.);
#2435=EDGE_CURVE('',#1919,#1918,#930,.T.);
#2436=EDGE_CURVE('',#1920,#1919,#931,.T.);
#2437=EDGE_CURVE('',#1920,#1917,#932,.T.);
#2438=EDGE_CURVE('',#1918,#1921,#933,.T.);
#2439=EDGE_CURVE('',#1922,#1921,#934,.T.);
#2440=EDGE_CURVE('',#1919,#1922,#935,.T.);
#2441=EDGE_CURVE('',#1921,#1923,#936,.T.);
#2442=EDGE_CURVE('',#1924,#1923,#937,.T.);
#2443=EDGE_CURVE('',#1924,#1922,#938,.T.);
#2444=EDGE_CURVE('',#1923,#1917,#939,.T.);
#2445=EDGE_CURVE('',#1924,#1920,#940,.T.);
#2446=EDGE_CURVE('',#1868,#1920,#941,.T.);
#2447=EDGE_CURVE('',#1867,#1924,#942,.T.);
#2448=EDGE_CURVE('',#1925,#1926,#943,.T.);
#2449=EDGE_CURVE('',#1927,#1926,#944,.T.);
#2450=EDGE_CURVE('',#1928,#1927,#945,.T.);
#2451=EDGE_CURVE('',#1928,#1925,#946,.T.);
#2452=EDGE_CURVE('',#1926,#1929,#947,.T.);
#2453=EDGE_CURVE('',#1930,#1929,#948,.T.);
#2454=EDGE_CURVE('',#1927,#1930,#949,.T.);
#2455=EDGE_CURVE('',#1929,#1931,#950,.T.);
#2456=EDGE_CURVE('',#1932,#1931,#951,.T.);
#2457=EDGE_CURVE('',#1930,#1932,#952,.T.);
#2458=EDGE_CURVE('',#1931,#1925,#953,.T.);
#2459=EDGE_CURVE('',#1928,#1932,#954,.T.);
#2460=EDGE_CURVE('',#1933,#1934,#955,.T.);
#2461=EDGE_CURVE('',#1935,#1933,#956,.T.);
#2462=EDGE_CURVE('',#1936,#1935,#957,.T.);
#2463=EDGE_CURVE('',#1934,#1936,#958,.T.);
#2464=EDGE_CURVE('',#1861,#1933,#959,.T.);
#2465=EDGE_CURVE('',#1862,#1934,#960,.T.);
#2466=EDGE_CURVE('',#1863,#1936,#961,.T.);
#2467=EDGE_CURVE('',#1864,#1935,#962,.T.);
#2468=EDGE_CURVE('',#1857,#1937,#963,.T.);
#2469=EDGE_CURVE('',#1932,#1937,#964,.T.);
#2470=EDGE_CURVE('',#1858,#1928,#965,.T.);
#2471=EDGE_CURVE('',#1859,#1927,#966,.T.);
#2472=EDGE_CURVE('',#1938,#1930,#967,.T.);
#2473=EDGE_CURVE('',#1860,#1938,#968,.T.);
#2474=EDGE_CURVE('',#1937,#1938,#969,.T.);
#2475=EDGE_CURVE('',#1865,#1939,#970,.T.);
#2476=EDGE_CURVE('',#1940,#1939,#971,.T.);
#2477=EDGE_CURVE('',#1866,#1940,#972,.T.);
#2478=EDGE_CURVE('',#1922,#1940,#973,.T.);
#2479=EDGE_CURVE('',#1939,#1919,#974,.T.);
#2480=EDGE_CURVE('',#1941,#1910,#975,.T.);
#2481=EDGE_CURVE('',#1870,#1941,#976,.T.);
#2482=EDGE_CURVE('',#1942,#1941,#977,.T.);
#2483=EDGE_CURVE('',#1871,#1942,#978,.T.);
#2484=EDGE_CURVE('',#1900,#1911,#979,.T.);
#2485=EDGE_CURVE('',#1872,#1899,#980,.T.);
#2486=EDGE_CURVE('',#1916,#1942,#981,.T.);
#2487=EDGE_CURVE('',#1873,#1912,#982,.T.);
#2488=EDGE_CURVE('',#1909,#1915,#983,.T.);
#2489=EDGE_CURVE('',#1853,#1943,#984,.T.);
#2490=EDGE_CURVE('',#1944,#1852,#985,.T.);
#2491=EDGE_CURVE('',#1943,#1944,#986,.T.);
#2492=EDGE_CURVE('',#1945,#1848,#987,.T.);
#2493=EDGE_CURVE('',#1945,#1946,#988,.T.);
#2494=EDGE_CURVE('',#1849,#1946,#989,.T.);
#2495=EDGE_CURVE('',#1943,#1945,#990,.T.);
#2496=EDGE_CURVE('',#1946,#1944,#991,.T.);
#2497=EDGE_CURVE('',#1947,#1851,#992,.T.);
#2498=EDGE_CURVE('',#1948,#1947,#993,.T.);
#2499=EDGE_CURVE('',#1850,#1948,#994,.T.);
#2500=EDGE_CURVE('',#1854,#1880,#995,.T.);
#2501=EDGE_CURVE('',#1759,#1947,#996,.T.);
#2502=EDGE_CURVE('',#1762,#1948,#997,.T.);
#2503=EDGE_CURVE('',#1888,#1876,#998,.T.);
#2504=EDGE_CURVE('',#1895,#1887,#999,.T.);
#2505=EDGE_CURVE('',#1706,#1704,#1000,.T.);
#2506=EDGE_CURVE('',#1793,#1689,#1001,.T.);
#2507=EDGE_CURVE('',#1949,#1950,#107,.T.);
#2508=EDGE_CURVE('',#1950,#1951,#1002,.T.);
#2509=EDGE_CURVE('',#1951,#1952,#108,.T.);
#2510=EDGE_CURVE('',#1952,#1949,#1003,.T.);
#2511=EDGE_CURVE('',#1953,#1951,#1004,.T.);
#2512=EDGE_CURVE('',#1954,#1953,#1005,.T.);
#2513=EDGE_CURVE('',#1955,#1954,#1006,.T.);
#2514=EDGE_CURVE('',#1795,#1955,#1007,.T.);
#2515=EDGE_CURVE('',#1798,#1952,#1008,.T.);
#2516=EDGE_CURVE('',#1950,#1956,#1009,.T.);
#2517=EDGE_CURVE('',#1956,#1953,#1010,.T.);
#2518=EDGE_CURVE('',#1957,#1958,#109,.T.);
#2519=EDGE_CURVE('',#1958,#1959,#1011,.T.);
#2520=EDGE_CURVE('',#1959,#1960,#110,.T.);
#2521=EDGE_CURVE('',#1960,#1957,#1012,.T.);
#2522=EDGE_CURVE('',#1961,#1959,#1013,.T.);
#2523=EDGE_CURVE('',#1962,#1961,#1014,.T.);
#2524=EDGE_CURVE('',#1963,#1962,#1015,.T.);
#2525=EDGE_CURVE('',#1800,#1963,#1016,.T.);
#2526=EDGE_CURVE('',#1799,#1960,#1017,.T.);
#2527=EDGE_CURVE('',#1958,#1964,#1018,.T.);
#2528=EDGE_CURVE('',#1964,#1961,#1019,.T.);
#2529=EDGE_CURVE('',#1965,#1966,#111,.T.);
#2530=EDGE_CURVE('',#1966,#1967,#1020,.T.);
#2531=EDGE_CURVE('',#1967,#1968,#112,.T.);
#2532=EDGE_CURVE('',#1968,#1965,#1021,.T.);
#2533=EDGE_CURVE('',#1969,#1967,#1022,.T.);
#2534=EDGE_CURVE('',#1970,#1969,#1023,.T.);
#2535=EDGE_CURVE('',#1971,#1970,#1024,.T.);
#2536=EDGE_CURVE('',#1972,#1971,#1025,.T.);
#2537=EDGE_CURVE('',#1973,#1972,#1026,.T.);
#2538=EDGE_CURVE('',#1973,#1968,#1027,.T.);
#2539=EDGE_CURVE('',#1966,#1974,#1028,.T.);
#2540=EDGE_CURVE('',#1974,#1969,#1029,.T.);
#2541=EDGE_CURVE('',#1975,#1976,#113,.T.);
#2542=EDGE_CURVE('',#1976,#1977,#1030,.T.);
#2543=EDGE_CURVE('',#1977,#1978,#114,.T.);
#2544=EDGE_CURVE('',#1978,#1975,#1031,.T.);
#2545=EDGE_CURVE('',#1979,#1977,#1032,.T.);
#2546=EDGE_CURVE('',#1980,#1979,#1033,.T.);
#2547=EDGE_CURVE('',#1981,#1980,#1034,.T.);
#2548=EDGE_CURVE('',#1982,#1981,#1035,.T.);
#2549=EDGE_CURVE('',#1983,#1982,#1036,.T.);
#2550=EDGE_CURVE('',#1983,#1978,#1037,.T.);
#2551=EDGE_CURVE('',#1976,#1984,#1038,.T.);
#2552=EDGE_CURVE('',#1984,#1979,#1039,.T.);
#2553=EDGE_CURVE('',#1985,#1986,#115,.T.);
#2554=EDGE_CURVE('',#1986,#1987,#1040,.T.);
#2555=EDGE_CURVE('',#1987,#1988,#116,.T.);
#2556=EDGE_CURVE('',#1988,#1985,#1041,.T.);
#2557=EDGE_CURVE('',#1986,#1989,#1042,.T.);
#2558=EDGE_CURVE('',#1989,#1990,#1043,.T.);
#2559=EDGE_CURVE('',#1990,#1987,#1044,.T.);
#2560=EDGE_CURVE('',#1991,#1985,#1045,.T.);
#2561=EDGE_CURVE('',#1992,#1991,#1046,.T.);
#2562=EDGE_CURVE('',#1992,#1993,#1047,.T.);
#2563=EDGE_CURVE('',#1994,#1993,#1048,.T.);
#2564=EDGE_CURVE('',#1989,#1994,#1049,.T.);
#2565=EDGE_CURVE('',#1956,#1995,#1050,.T.);
#2566=EDGE_CURVE('',#1954,#1995,#1051,.T.);
#2567=EDGE_CURVE('',#1797,#1949,#1052,.T.);
#2568=EDGE_CURVE('',#1796,#1996,#1053,.T.);
#2569=EDGE_CURVE('',#1995,#1996,#1054,.T.);
#2570=EDGE_CURVE('',#1996,#1955,#1055,.T.);
#2571=EDGE_CURVE('',#1964,#1997,#1056,.T.);
#2572=EDGE_CURVE('',#1962,#1997,#1057,.T.);
#2573=EDGE_CURVE('',#1997,#1998,#1058,.T.);
#2574=EDGE_CURVE('',#1998,#1963,#1059,.T.);
#2575=EDGE_CURVE('',#1974,#1999,#1060,.T.);
#2576=EDGE_CURVE('',#1970,#1999,#1061,.T.);
#2577=EDGE_CURVE('',#2000,#1965,#1062,.T.);
#2578=EDGE_CURVE('',#2001,#2000,#1063,.T.);
#2579=EDGE_CURVE('',#2001,#2002,#1064,.T.);
#2580=EDGE_CURVE('',#1999,#2002,#1065,.T.);
#2581=EDGE_CURVE('',#2002,#1971,#1066,.T.);
#2582=EDGE_CURVE('',#1972,#2001,#1067,.T.);
#2583=EDGE_CURVE('',#1984,#2003,#1068,.T.);
#2584=EDGE_CURVE('',#1980,#2003,#1069,.T.);
#2585=EDGE_CURVE('',#2003,#2004,#1070,.T.);
#2586=EDGE_CURVE('',#2004,#1981,#1071,.T.);
#2587=EDGE_CURVE('',#2005,#2006,#1072,.T.);
#2588=EDGE_CURVE('',#2006,#1994,#1073,.T.);
#2589=EDGE_CURVE('',#1993,#2005,#1074,.T.);
#2590=EDGE_CURVE('',#2006,#1990,#1075,.T.);
#2591=EDGE_CURVE('',#1801,#1998,#1076,.T.);
#2592=EDGE_CURVE('',#1802,#1957,#1077,.T.);
#2593=EDGE_CURVE('',#2000,#1973,#1078,.T.);
#2594=EDGE_CURVE('',#2007,#2004,#1079,.T.);
#2595=EDGE_CURVE('',#1982,#2007,#1080,.T.);
#2596=EDGE_CURVE('',#2008,#1975,#1081,.T.);
#2597=EDGE_CURVE('',#2007,#2008,#1082,.T.);
#2598=EDGE_CURVE('',#2008,#1983,#1083,.T.);
#2599=EDGE_CURVE('',#2009,#1992,#1084,.T.);
#2600=EDGE_CURVE('',#2009,#2005,#1085,.T.);
#2601=EDGE_CURVE('',#2010,#1988,#1086,.T.);
#2602=EDGE_CURVE('',#1991,#2010,#1087,.T.);
#2603=EDGE_CURVE('',#2010,#2009,#1088,.T.);
#2604=EDGE_CURVE('',#1811,#1748,#1089,.T.);
#2605=ORIENTED_EDGE('',*,*,#2011,.F.);
#2606=ORIENTED_EDGE('',*,*,#2012,.T.);
#2607=ORIENTED_EDGE('',*,*,#2013,.F.);
#2608=ORIENTED_EDGE('',*,*,#2014,.F.);
#2609=ORIENTED_EDGE('',*,*,#2015,.F.);
#2610=ORIENTED_EDGE('',*,*,#2014,.T.);
#2611=ORIENTED_EDGE('',*,*,#2016,.F.);
#2612=ORIENTED_EDGE('',*,*,#2017,.F.);
#2613=ORIENTED_EDGE('',*,*,#2018,.T.);
#2614=ORIENTED_EDGE('',*,*,#2016,.T.);
#2615=ORIENTED_EDGE('',*,*,#2013,.T.);
#2616=ORIENTED_EDGE('',*,*,#2019,.T.);
#2617=ORIENTED_EDGE('',*,*,#2020,.F.);
#2618=ORIENTED_EDGE('',*,*,#2021,.F.);
#2619=ORIENTED_EDGE('',*,*,#2022,.T.);
#2620=ORIENTED_EDGE('',*,*,#2023,.F.);
#2621=ORIENTED_EDGE('',*,*,#2024,.F.);
#2622=ORIENTED_EDGE('',*,*,#2025,.F.);
#2623=ORIENTED_EDGE('',*,*,#2024,.T.);
#2624=ORIENTED_EDGE('',*,*,#2026,.F.);
#2625=ORIENTED_EDGE('',*,*,#2027,.F.);
#2626=ORIENTED_EDGE('',*,*,#2028,.T.);
#2627=ORIENTED_EDGE('',*,*,#2026,.T.);
#2628=ORIENTED_EDGE('',*,*,#2023,.T.);
#2629=ORIENTED_EDGE('',*,*,#2029,.T.);
#2630=ORIENTED_EDGE('',*,*,#2030,.F.);
#2631=ORIENTED_EDGE('',*,*,#2031,.F.);
#2632=ORIENTED_EDGE('',*,*,#2032,.T.);
#2633=ORIENTED_EDGE('',*,*,#2033,.F.);
#2634=ORIENTED_EDGE('',*,*,#2034,.F.);
#2635=ORIENTED_EDGE('',*,*,#2035,.F.);
#2636=ORIENTED_EDGE('',*,*,#2034,.T.);
#2637=ORIENTED_EDGE('',*,*,#2036,.F.);
#2638=ORIENTED_EDGE('',*,*,#2037,.F.);
#2639=ORIENTED_EDGE('',*,*,#2038,.T.);
#2640=ORIENTED_EDGE('',*,*,#2036,.T.);
#2641=ORIENTED_EDGE('',*,*,#2033,.T.);
#2642=ORIENTED_EDGE('',*,*,#2039,.T.);
#2643=ORIENTED_EDGE('',*,*,#2040,.F.);
#2644=ORIENTED_EDGE('',*,*,#2041,.F.);
#2645=ORIENTED_EDGE('',*,*,#2042,.T.);
#2646=ORIENTED_EDGE('',*,*,#2043,.F.);
#2647=ORIENTED_EDGE('',*,*,#2044,.F.);
#2648=ORIENTED_EDGE('',*,*,#2045,.F.);
#2649=ORIENTED_EDGE('',*,*,#2044,.T.);
#2650=ORIENTED_EDGE('',*,*,#2046,.F.);
#2651=ORIENTED_EDGE('',*,*,#2047,.F.);
#2652=ORIENTED_EDGE('',*,*,#2048,.T.);
#2653=ORIENTED_EDGE('',*,*,#2046,.T.);
#2654=ORIENTED_EDGE('',*,*,#2043,.T.);
#2655=ORIENTED_EDGE('',*,*,#2049,.T.);
#2656=ORIENTED_EDGE('',*,*,#2050,.F.);
#2657=ORIENTED_EDGE('',*,*,#2051,.F.);
#2658=ORIENTED_EDGE('',*,*,#2052,.T.);
#2659=ORIENTED_EDGE('',*,*,#2053,.F.);
#2660=ORIENTED_EDGE('',*,*,#2054,.F.);
#2661=ORIENTED_EDGE('',*,*,#2055,.F.);
#2662=ORIENTED_EDGE('',*,*,#2054,.T.);
#2663=ORIENTED_EDGE('',*,*,#2056,.F.);
#2664=ORIENTED_EDGE('',*,*,#2057,.F.);
#2665=ORIENTED_EDGE('',*,*,#2058,.T.);
#2666=ORIENTED_EDGE('',*,*,#2056,.T.);
#2667=ORIENTED_EDGE('',*,*,#2053,.T.);
#2668=ORIENTED_EDGE('',*,*,#2059,.T.);
#2669=ORIENTED_EDGE('',*,*,#2060,.F.);
#2670=ORIENTED_EDGE('',*,*,#2061,.T.);
#2671=ORIENTED_EDGE('',*,*,#2011,.T.);
#2672=ORIENTED_EDGE('',*,*,#2015,.T.);
#2673=ORIENTED_EDGE('',*,*,#2062,.T.);
#2674=ORIENTED_EDGE('',*,*,#2063,.F.);
#2675=ORIENTED_EDGE('',*,*,#2064,.T.);
#2676=ORIENTED_EDGE('',*,*,#2051,.T.);
#2677=ORIENTED_EDGE('',*,*,#2055,.T.);
#2678=ORIENTED_EDGE('',*,*,#2065,.T.);
#2679=ORIENTED_EDGE('',*,*,#2066,.F.);
#2680=ORIENTED_EDGE('',*,*,#2067,.T.);
#2681=ORIENTED_EDGE('',*,*,#2021,.T.);
#2682=ORIENTED_EDGE('',*,*,#2025,.T.);
#2683=ORIENTED_EDGE('',*,*,#2068,.T.);
#2684=ORIENTED_EDGE('',*,*,#2069,.F.);
#2685=ORIENTED_EDGE('',*,*,#2070,.T.);
#2686=ORIENTED_EDGE('',*,*,#2041,.T.);
#2687=ORIENTED_EDGE('',*,*,#2045,.T.);
#2688=ORIENTED_EDGE('',*,*,#2071,.T.);
#2689=ORIENTED_EDGE('',*,*,#2072,.F.);
#2690=ORIENTED_EDGE('',*,*,#2073,.T.);
#2691=ORIENTED_EDGE('',*,*,#2031,.T.);
#2692=ORIENTED_EDGE('',*,*,#2035,.T.);
#2693=ORIENTED_EDGE('',*,*,#2074,.T.);
#2694=ORIENTED_EDGE('',*,*,#2075,.F.);
#2695=ORIENTED_EDGE('',*,*,#2076,.F.);
#2696=ORIENTED_EDGE('',*,*,#2077,.T.);
#2697=ORIENTED_EDGE('',*,*,#2078,.F.);
#2698=ORIENTED_EDGE('',*,*,#2079,.F.);
#2699=ORIENTED_EDGE('',*,*,#2030,.T.);
#2700=ORIENTED_EDGE('',*,*,#2080,.F.);
#2701=ORIENTED_EDGE('',*,*,#2081,.T.);
#2702=ORIENTED_EDGE('',*,*,#2082,.T.);
#2703=ORIENTED_EDGE('',*,*,#2050,.T.);
#2704=ORIENTED_EDGE('',*,*,#2083,.F.);
#2705=ORIENTED_EDGE('',*,*,#2084,.T.);
#2706=ORIENTED_EDGE('',*,*,#2085,.T.);
#2707=ORIENTED_EDGE('',*,*,#2060,.T.);
#2708=ORIENTED_EDGE('',*,*,#2086,.F.);
#2709=ORIENTED_EDGE('',*,*,#2087,.T.);
#2710=ORIENTED_EDGE('',*,*,#2088,.T.);
#2711=ORIENTED_EDGE('',*,*,#2040,.T.);
#2712=ORIENTED_EDGE('',*,*,#2089,.F.);
#2713=ORIENTED_EDGE('',*,*,#2090,.T.);
#2714=ORIENTED_EDGE('',*,*,#2091,.T.);
#2715=ORIENTED_EDGE('',*,*,#2020,.T.);
#2716=ORIENTED_EDGE('',*,*,#2092,.F.);
#2717=ORIENTED_EDGE('',*,*,#2093,.T.);
#2718=ORIENTED_EDGE('',*,*,#2094,.T.);
#2719=ORIENTED_EDGE('',*,*,#2095,.T.);
#2720=ORIENTED_EDGE('',*,*,#2079,.T.);
#2721=ORIENTED_EDGE('',*,*,#2096,.F.);
#2722=ORIENTED_EDGE('',*,*,#2097,.F.);
#2723=ORIENTED_EDGE('',*,*,#2098,.T.);
#2724=ORIENTED_EDGE('',*,*,#2063,.T.);
#2725=ORIENTED_EDGE('',*,*,#2099,.T.);
#2726=ORIENTED_EDGE('',*,*,#2100,.F.);
#2727=ORIENTED_EDGE('',*,*,#2101,.T.);
#2728=ORIENTED_EDGE('',*,*,#2102,.F.);
#2729=ORIENTED_EDGE('',*,*,#2103,.F.);
#2730=ORIENTED_EDGE('',*,*,#2075,.T.);
#2731=ORIENTED_EDGE('',*,*,#2104,.T.);
#2732=ORIENTED_EDGE('',*,*,#2066,.T.);
#2733=ORIENTED_EDGE('',*,*,#2105,.T.);
#2734=ORIENTED_EDGE('',*,*,#2106,.F.);
#2735=ORIENTED_EDGE('',*,*,#2107,.T.);
#2736=ORIENTED_EDGE('',*,*,#2108,.F.);
#2737=ORIENTED_EDGE('',*,*,#2109,.T.);
#2738=ORIENTED_EDGE('',*,*,#2072,.T.);
#2739=ORIENTED_EDGE('',*,*,#2110,.F.);
#2740=ORIENTED_EDGE('',*,*,#2111,.T.);
#2741=ORIENTED_EDGE('',*,*,#2112,.T.);
#2742=ORIENTED_EDGE('',*,*,#2080,.T.);
#2743=ORIENTED_EDGE('',*,*,#2029,.F.);
#2744=ORIENTED_EDGE('',*,*,#2022,.F.);
#2745=ORIENTED_EDGE('',*,*,#2067,.F.);
#2746=ORIENTED_EDGE('',*,*,#2104,.F.);
#2747=ORIENTED_EDGE('',*,*,#2113,.F.);
#2748=ORIENTED_EDGE('',*,*,#2114,.T.);
#2749=ORIENTED_EDGE('',*,*,#2115,.T.);
#2750=ORIENTED_EDGE('',*,*,#2111,.F.);
#2751=ORIENTED_EDGE('',*,*,#2116,.F.);
#2752=ORIENTED_EDGE('',*,*,#2117,.T.);
#2753=ORIENTED_EDGE('',*,*,#2118,.T.);
#2754=ORIENTED_EDGE('',*,*,#2114,.F.);
#2755=ORIENTED_EDGE('',*,*,#2119,.F.);
#2756=ORIENTED_EDGE('',*,*,#2120,.F.);
#2757=ORIENTED_EDGE('',*,*,#2068,.F.);
#2758=ORIENTED_EDGE('',*,*,#2027,.T.);
#2759=ORIENTED_EDGE('',*,*,#2028,.F.);
#2760=ORIENTED_EDGE('',*,*,#2082,.F.);
#2761=ORIENTED_EDGE('',*,*,#2121,.T.);
#2762=ORIENTED_EDGE('',*,*,#2117,.F.);
#2763=ORIENTED_EDGE('',*,*,#2121,.F.);
#2764=ORIENTED_EDGE('',*,*,#2081,.F.);
#2765=ORIENTED_EDGE('',*,*,#2112,.F.);
#2766=ORIENTED_EDGE('',*,*,#2115,.F.);
#2767=ORIENTED_EDGE('',*,*,#2118,.F.);
#2768=ORIENTED_EDGE('',*,*,#2122,.F.);
#2769=ORIENTED_EDGE('',*,*,#2123,.T.);
#2770=ORIENTED_EDGE('',*,*,#2124,.T.);
#2771=ORIENTED_EDGE('',*,*,#2083,.T.);
#2772=ORIENTED_EDGE('',*,*,#2049,.F.);
#2773=ORIENTED_EDGE('',*,*,#2042,.F.);
#2774=ORIENTED_EDGE('',*,*,#2070,.F.);
#2775=ORIENTED_EDGE('',*,*,#2125,.F.);
#2776=ORIENTED_EDGE('',*,*,#2126,.F.);
#2777=ORIENTED_EDGE('',*,*,#2127,.T.);
#2778=ORIENTED_EDGE('',*,*,#2128,.T.);
#2779=ORIENTED_EDGE('',*,*,#2123,.F.);
#2780=ORIENTED_EDGE('',*,*,#2129,.F.);
#2781=ORIENTED_EDGE('',*,*,#2130,.T.);
#2782=ORIENTED_EDGE('',*,*,#2131,.T.);
#2783=ORIENTED_EDGE('',*,*,#2127,.F.);
#2784=ORIENTED_EDGE('',*,*,#2132,.F.);
#2785=ORIENTED_EDGE('',*,*,#2107,.F.);
#2786=ORIENTED_EDGE('',*,*,#2071,.F.);
#2787=ORIENTED_EDGE('',*,*,#2047,.T.);
#2788=ORIENTED_EDGE('',*,*,#2048,.F.);
#2789=ORIENTED_EDGE('',*,*,#2085,.F.);
#2790=ORIENTED_EDGE('',*,*,#2133,.T.);
#2791=ORIENTED_EDGE('',*,*,#2130,.F.);
#2792=ORIENTED_EDGE('',*,*,#2133,.F.);
#2793=ORIENTED_EDGE('',*,*,#2084,.F.);
#2794=ORIENTED_EDGE('',*,*,#2124,.F.);
#2795=ORIENTED_EDGE('',*,*,#2128,.F.);
#2796=ORIENTED_EDGE('',*,*,#2131,.F.);
#2797=ORIENTED_EDGE('',*,*,#2134,.F.);
#2798=ORIENTED_EDGE('',*,*,#2135,.T.);
#2799=ORIENTED_EDGE('',*,*,#2136,.T.);
#2800=ORIENTED_EDGE('',*,*,#2086,.T.);
#2801=ORIENTED_EDGE('',*,*,#2059,.F.);
#2802=ORIENTED_EDGE('',*,*,#2052,.F.);
#2803=ORIENTED_EDGE('',*,*,#2064,.F.);
#2804=ORIENTED_EDGE('',*,*,#2098,.F.);
#2805=ORIENTED_EDGE('',*,*,#2137,.F.);
#2806=ORIENTED_EDGE('',*,*,#2138,.T.);
#2807=ORIENTED_EDGE('',*,*,#2139,.T.);
#2808=ORIENTED_EDGE('',*,*,#2135,.F.);
#2809=ORIENTED_EDGE('',*,*,#2140,.F.);
#2810=ORIENTED_EDGE('',*,*,#2141,.T.);
#2811=ORIENTED_EDGE('',*,*,#2142,.T.);
#2812=ORIENTED_EDGE('',*,*,#2138,.F.);
#2813=ORIENTED_EDGE('',*,*,#2143,.F.);
#2814=ORIENTED_EDGE('',*,*,#2105,.F.);
#2815=ORIENTED_EDGE('',*,*,#2065,.F.);
#2816=ORIENTED_EDGE('',*,*,#2057,.T.);
#2817=ORIENTED_EDGE('',*,*,#2058,.F.);
#2818=ORIENTED_EDGE('',*,*,#2088,.F.);
#2819=ORIENTED_EDGE('',*,*,#2144,.T.);
#2820=ORIENTED_EDGE('',*,*,#2141,.F.);
#2821=ORIENTED_EDGE('',*,*,#2144,.F.);
#2822=ORIENTED_EDGE('',*,*,#2087,.F.);
#2823=ORIENTED_EDGE('',*,*,#2136,.F.);
#2824=ORIENTED_EDGE('',*,*,#2139,.F.);
#2825=ORIENTED_EDGE('',*,*,#2142,.F.);
#2826=ORIENTED_EDGE('',*,*,#2145,.F.);
#2827=ORIENTED_EDGE('',*,*,#2146,.T.);
#2828=ORIENTED_EDGE('',*,*,#2147,.T.);
#2829=ORIENTED_EDGE('',*,*,#2089,.T.);
#2830=ORIENTED_EDGE('',*,*,#2039,.F.);
#2831=ORIENTED_EDGE('',*,*,#2032,.F.);
#2832=ORIENTED_EDGE('',*,*,#2073,.F.);
#2833=ORIENTED_EDGE('',*,*,#2109,.F.);
#2834=ORIENTED_EDGE('',*,*,#2148,.F.);
#2835=ORIENTED_EDGE('',*,*,#2149,.T.);
#2836=ORIENTED_EDGE('',*,*,#2150,.T.);
#2837=ORIENTED_EDGE('',*,*,#2146,.F.);
#2838=ORIENTED_EDGE('',*,*,#2151,.F.);
#2839=ORIENTED_EDGE('',*,*,#2152,.T.);
#2840=ORIENTED_EDGE('',*,*,#2153,.T.);
#2841=ORIENTED_EDGE('',*,*,#2149,.F.);
#2842=ORIENTED_EDGE('',*,*,#2154,.F.);
#2843=ORIENTED_EDGE('',*,*,#2101,.F.);
#2844=ORIENTED_EDGE('',*,*,#2074,.F.);
#2845=ORIENTED_EDGE('',*,*,#2037,.T.);
#2846=ORIENTED_EDGE('',*,*,#2038,.F.);
#2847=ORIENTED_EDGE('',*,*,#2091,.F.);
#2848=ORIENTED_EDGE('',*,*,#2155,.T.);
#2849=ORIENTED_EDGE('',*,*,#2152,.F.);
#2850=ORIENTED_EDGE('',*,*,#2155,.F.);
#2851=ORIENTED_EDGE('',*,*,#2090,.F.);
#2852=ORIENTED_EDGE('',*,*,#2147,.F.);
#2853=ORIENTED_EDGE('',*,*,#2150,.F.);
#2854=ORIENTED_EDGE('',*,*,#2153,.F.);
#2855=ORIENTED_EDGE('',*,*,#2156,.F.);
#2856=ORIENTED_EDGE('',*,*,#2157,.T.);
#2857=ORIENTED_EDGE('',*,*,#2158,.T.);
#2858=ORIENTED_EDGE('',*,*,#2092,.T.);
#2859=ORIENTED_EDGE('',*,*,#2019,.F.);
#2860=ORIENTED_EDGE('',*,*,#2012,.F.);
#2861=ORIENTED_EDGE('',*,*,#2061,.F.);
#2862=ORIENTED_EDGE('',*,*,#2095,.F.);
#2863=ORIENTED_EDGE('',*,*,#2159,.F.);
#2864=ORIENTED_EDGE('',*,*,#2160,.T.);
#2865=ORIENTED_EDGE('',*,*,#2161,.T.);
#2866=ORIENTED_EDGE('',*,*,#2157,.F.);
#2867=ORIENTED_EDGE('',*,*,#2162,.F.);
#2868=ORIENTED_EDGE('',*,*,#2163,.T.);
#2869=ORIENTED_EDGE('',*,*,#2164,.T.);
#2870=ORIENTED_EDGE('',*,*,#2160,.F.);
#2871=ORIENTED_EDGE('',*,*,#2165,.F.);
#2872=ORIENTED_EDGE('',*,*,#2099,.F.);
#2873=ORIENTED_EDGE('',*,*,#2062,.F.);
#2874=ORIENTED_EDGE('',*,*,#2017,.T.);
#2875=ORIENTED_EDGE('',*,*,#2018,.F.);
#2876=ORIENTED_EDGE('',*,*,#2094,.F.);
#2877=ORIENTED_EDGE('',*,*,#2166,.T.);
#2878=ORIENTED_EDGE('',*,*,#2163,.F.);
#2879=ORIENTED_EDGE('',*,*,#2166,.F.);
#2880=ORIENTED_EDGE('',*,*,#2093,.F.);
#2881=ORIENTED_EDGE('',*,*,#2158,.F.);
#2882=ORIENTED_EDGE('',*,*,#2161,.F.);
#2883=ORIENTED_EDGE('',*,*,#2164,.F.);
#2884=ORIENTED_EDGE('',*,*,#2167,.F.);
#2885=ORIENTED_EDGE('',*,*,#2168,.F.);
#2886=ORIENTED_EDGE('',*,*,#2168,.T.);
#2887=ORIENTED_EDGE('',*,*,#2169,.T.);
#2888=ORIENTED_EDGE('',*,*,#2170,.F.);
#2889=ORIENTED_EDGE('',*,*,#2169,.F.);
#2890=ORIENTED_EDGE('',*,*,#2171,.T.);
#2891=ORIENTED_EDGE('',*,*,#2172,.T.);
#2892=ORIENTED_EDGE('',*,*,#2173,.F.);
#2893=ORIENTED_EDGE('',*,*,#2174,.F.);
#2894=ORIENTED_EDGE('',*,*,#2175,.F.);
#2895=ORIENTED_EDGE('',*,*,#2176,.F.);
#2896=ORIENTED_EDGE('',*,*,#2177,.T.);
#2897=ORIENTED_EDGE('',*,*,#2171,.F.);
#2898=ORIENTED_EDGE('',*,*,#2177,.F.);
#2899=ORIENTED_EDGE('',*,*,#2178,.F.);
#2900=ORIENTED_EDGE('',*,*,#2179,.F.);
#2901=ORIENTED_EDGE('',*,*,#2180,.F.);
#2902=ORIENTED_EDGE('',*,*,#2173,.T.);
#2903=ORIENTED_EDGE('',*,*,#2181,.F.);
#2904=ORIENTED_EDGE('',*,*,#2182,.F.);
#2905=ORIENTED_EDGE('',*,*,#2183,.T.);
#2906=ORIENTED_EDGE('',*,*,#2180,.T.);
#2907=ORIENTED_EDGE('',*,*,#2184,.F.);
#2908=ORIENTED_EDGE('',*,*,#2185,.F.);
#2909=ORIENTED_EDGE('',*,*,#2186,.T.);
#2910=ORIENTED_EDGE('',*,*,#2187,.T.);
#2911=ORIENTED_EDGE('',*,*,#2188,.T.);
#2912=ORIENTED_EDGE('',*,*,#2189,.T.);
#2913=ORIENTED_EDGE('',*,*,#2190,.F.);
#2914=ORIENTED_EDGE('',*,*,#2191,.T.);
#2915=ORIENTED_EDGE('',*,*,#2192,.F.);
#2916=ORIENTED_EDGE('',*,*,#2193,.F.);
#2917=ORIENTED_EDGE('',*,*,#2194,.F.);
#2918=ORIENTED_EDGE('',*,*,#2195,.T.);
#2919=ORIENTED_EDGE('',*,*,#2196,.F.);
#2920=ORIENTED_EDGE('',*,*,#2197,.F.);
#2921=ORIENTED_EDGE('',*,*,#2198,.F.);
#2922=ORIENTED_EDGE('',*,*,#2199,.F.);
#2923=ORIENTED_EDGE('',*,*,#2181,.T.);
#2924=ORIENTED_EDGE('',*,*,#2200,.T.);
#2925=ORIENTED_EDGE('',*,*,#2201,.T.);
#2926=ORIENTED_EDGE('',*,*,#2202,.T.);
#2927=ORIENTED_EDGE('',*,*,#2203,.T.);
#2928=ORIENTED_EDGE('',*,*,#2179,.T.);
#2929=ORIENTED_EDGE('',*,*,#2204,.F.);
#2930=ORIENTED_EDGE('',*,*,#2205,.F.);
#2931=ORIENTED_EDGE('',*,*,#2184,.T.);
#2932=ORIENTED_EDGE('',*,*,#2172,.F.);
#2933=ORIENTED_EDGE('',*,*,#2206,.T.);
#2934=ORIENTED_EDGE('',*,*,#2167,.T.);
#2935=ORIENTED_EDGE('',*,*,#2206,.F.);
#2936=ORIENTED_EDGE('',*,*,#2207,.F.);
#2937=ORIENTED_EDGE('',*,*,#2208,.T.);
#2938=ORIENTED_EDGE('',*,*,#2209,.F.);
#2939=ORIENTED_EDGE('',*,*,#2210,.F.);
#2940=ORIENTED_EDGE('',*,*,#2211,.T.);
#2941=ORIENTED_EDGE('',*,*,#2204,.T.);
#2942=ORIENTED_EDGE('',*,*,#2178,.T.);
#2943=ORIENTED_EDGE('',*,*,#2176,.T.);
#2944=ORIENTED_EDGE('',*,*,#2170,.T.);
#2945=ORIENTED_EDGE('',*,*,#2175,.T.);
#2946=ORIENTED_EDGE('',*,*,#2212,.F.);
#2947=ORIENTED_EDGE('',*,*,#2213,.F.);
#2948=ORIENTED_EDGE('',*,*,#2207,.T.);
#2949=ORIENTED_EDGE('',*,*,#2174,.T.);
#2950=ORIENTED_EDGE('',*,*,#2183,.F.);
#2951=ORIENTED_EDGE('',*,*,#2214,.T.);
#2952=ORIENTED_EDGE('',*,*,#2215,.F.);
#2953=ORIENTED_EDGE('',*,*,#2216,.F.);
#2954=ORIENTED_EDGE('',*,*,#2217,.F.);
#2955=ORIENTED_EDGE('',*,*,#2218,.T.);
#2956=ORIENTED_EDGE('',*,*,#2219,.T.);
#2957=ORIENTED_EDGE('',*,*,#2212,.T.);
#2958=ORIENTED_EDGE('',*,*,#2182,.T.);
#2959=ORIENTED_EDGE('',*,*,#2199,.T.);
#2960=ORIENTED_EDGE('',*,*,#2220,.F.);
#2961=ORIENTED_EDGE('',*,*,#2214,.F.);
#2962=ORIENTED_EDGE('',*,*,#2218,.F.);
#2963=ORIENTED_EDGE('',*,*,#2221,.F.);
#2964=ORIENTED_EDGE('',*,*,#2209,.T.);
#2965=ORIENTED_EDGE('',*,*,#2222,.T.);
#2966=ORIENTED_EDGE('',*,*,#2205,.T.);
#2967=ORIENTED_EDGE('',*,*,#2211,.F.);
#2968=ORIENTED_EDGE('',*,*,#2223,.F.);
#2969=ORIENTED_EDGE('',*,*,#2185,.T.);
#2970=ORIENTED_EDGE('',*,*,#2213,.T.);
#2971=ORIENTED_EDGE('',*,*,#2219,.F.);
#2972=ORIENTED_EDGE('',*,*,#2222,.F.);
#2973=ORIENTED_EDGE('',*,*,#2208,.F.);
#2974=ORIENTED_EDGE('',*,*,#2223,.T.);
#2975=ORIENTED_EDGE('',*,*,#2210,.T.);
#2976=ORIENTED_EDGE('',*,*,#2221,.T.);
#2977=ORIENTED_EDGE('',*,*,#2217,.T.);
#2978=ORIENTED_EDGE('',*,*,#2224,.T.);
#2979=ORIENTED_EDGE('',*,*,#2225,.F.);
#2980=ORIENTED_EDGE('',*,*,#2077,.F.);
#2981=ORIENTED_EDGE('',*,*,#2226,.T.);
#2982=ORIENTED_EDGE('',*,*,#2227,.T.);
#2983=ORIENTED_EDGE('',*,*,#2186,.F.);
#2984=ORIENTED_EDGE('',*,*,#2228,.T.);
#2985=ORIENTED_EDGE('',*,*,#2229,.F.);
#2986=ORIENTED_EDGE('',*,*,#2230,.F.);
#2987=ORIENTED_EDGE('',*,*,#2231,.T.);
#2988=ORIENTED_EDGE('',*,*,#2232,.T.);
#2989=ORIENTED_EDGE('',*,*,#2233,.F.);
#2990=ORIENTED_EDGE('',*,*,#2234,.F.);
#2991=ORIENTED_EDGE('',*,*,#2235,.T.);
#2992=ORIENTED_EDGE('',*,*,#2236,.T.);
#2993=ORIENTED_EDGE('',*,*,#2237,.T.);
#2994=ORIENTED_EDGE('',*,*,#2238,.T.);
#2995=ORIENTED_EDGE('',*,*,#2239,.F.);
#2996=ORIENTED_EDGE('',*,*,#2240,.T.);
#2997=ORIENTED_EDGE('',*,*,#2241,.T.);
#2998=ORIENTED_EDGE('',*,*,#2242,.F.);
#2999=ORIENTED_EDGE('',*,*,#2243,.F.);
#3000=ORIENTED_EDGE('',*,*,#2244,.T.);
#3001=ORIENTED_EDGE('',*,*,#2245,.F.);
#3002=ORIENTED_EDGE('',*,*,#2246,.T.);
#3003=ORIENTED_EDGE('',*,*,#2247,.T.);
#3004=ORIENTED_EDGE('',*,*,#2187,.F.);
#3005=ORIENTED_EDGE('',*,*,#2227,.F.);
#3006=ORIENTED_EDGE('',*,*,#2248,.T.);
#3007=ORIENTED_EDGE('',*,*,#2249,.T.);
#3008=ORIENTED_EDGE('',*,*,#2250,.T.);
#3009=ORIENTED_EDGE('',*,*,#2251,.T.);
#3010=ORIENTED_EDGE('',*,*,#2252,.T.);
#3011=ORIENTED_EDGE('',*,*,#2253,.T.);
#3012=ORIENTED_EDGE('',*,*,#2254,.T.);
#3013=ORIENTED_EDGE('',*,*,#2255,.T.);
#3014=ORIENTED_EDGE('',*,*,#2215,.T.);
#3015=ORIENTED_EDGE('',*,*,#2220,.T.);
#3016=ORIENTED_EDGE('',*,*,#2198,.T.);
#3017=ORIENTED_EDGE('',*,*,#2256,.F.);
#3018=ORIENTED_EDGE('',*,*,#2237,.F.);
#3019=ORIENTED_EDGE('',*,*,#2257,.F.);
#3020=ORIENTED_EDGE('',*,*,#2258,.F.);
#3021=ORIENTED_EDGE('',*,*,#2259,.F.);
#3022=ORIENTED_EDGE('',*,*,#2258,.T.);
#3023=ORIENTED_EDGE('',*,*,#2260,.F.);
#3024=ORIENTED_EDGE('',*,*,#2194,.T.);
#3025=ORIENTED_EDGE('',*,*,#2261,.F.);
#3026=ORIENTED_EDGE('',*,*,#2259,.T.);
#3027=ORIENTED_EDGE('',*,*,#2261,.T.);
#3028=ORIENTED_EDGE('',*,*,#2193,.T.);
#3029=ORIENTED_EDGE('',*,*,#2262,.F.);
#3030=ORIENTED_EDGE('',*,*,#2263,.F.);
#3031=ORIENTED_EDGE('',*,*,#2233,.T.);
#3032=ORIENTED_EDGE('',*,*,#2264,.T.);
#3033=ORIENTED_EDGE('',*,*,#2238,.F.);
#3034=ORIENTED_EDGE('',*,*,#2241,.F.);
#3035=ORIENTED_EDGE('',*,*,#2265,.F.);
#3036=ORIENTED_EDGE('',*,*,#2266,.F.);
#3037=ORIENTED_EDGE('',*,*,#2267,.F.);
#3038=ORIENTED_EDGE('',*,*,#2268,.F.);
#3039=ORIENTED_EDGE('',*,*,#2190,.T.);
#3040=ORIENTED_EDGE('',*,*,#2269,.T.);
#3041=ORIENTED_EDGE('',*,*,#2266,.T.);
#3042=ORIENTED_EDGE('',*,*,#2268,.T.);
#3043=ORIENTED_EDGE('',*,*,#2265,.T.);
#3044=ORIENTED_EDGE('',*,*,#2240,.F.);
#3045=ORIENTED_EDGE('',*,*,#2270,.T.);
#3046=ORIENTED_EDGE('',*,*,#2235,.F.);
#3047=ORIENTED_EDGE('',*,*,#2271,.F.);
#3048=ORIENTED_EDGE('',*,*,#2272,.F.);
#3049=ORIENTED_EDGE('',*,*,#2191,.F.);
#3050=ORIENTED_EDGE('',*,*,#2273,.T.);
#3051=ORIENTED_EDGE('',*,*,#2274,.T.);
#3052=ORIENTED_EDGE('',*,*,#2275,.T.);
#3053=ORIENTED_EDGE('',*,*,#2230,.T.);
#3054=ORIENTED_EDGE('',*,*,#2274,.F.);
#3055=ORIENTED_EDGE('',*,*,#2276,.T.);
#3056=ORIENTED_EDGE('',*,*,#2196,.T.);
#3057=ORIENTED_EDGE('',*,*,#2277,.T.);
#3058=ORIENTED_EDGE('',*,*,#2256,.T.);
#3059=ORIENTED_EDGE('',*,*,#2197,.T.);
#3060=ORIENTED_EDGE('',*,*,#2276,.F.);
#3061=ORIENTED_EDGE('',*,*,#2273,.F.);
#3062=ORIENTED_EDGE('',*,*,#2229,.T.);
#3063=ORIENTED_EDGE('',*,*,#2278,.T.);
#3064=ORIENTED_EDGE('',*,*,#2224,.F.);
#3065=ORIENTED_EDGE('',*,*,#2216,.T.);
#3066=ORIENTED_EDGE('',*,*,#2263,.T.);
#3067=ORIENTED_EDGE('',*,*,#2279,.T.);
#3068=ORIENTED_EDGE('',*,*,#2271,.T.);
#3069=ORIENTED_EDGE('',*,*,#2234,.T.);
#3070=ORIENTED_EDGE('',*,*,#2279,.F.);
#3071=ORIENTED_EDGE('',*,*,#2262,.T.);
#3072=ORIENTED_EDGE('',*,*,#2192,.T.);
#3073=ORIENTED_EDGE('',*,*,#2272,.T.);
#3074=ORIENTED_EDGE('',*,*,#2257,.T.);
#3075=ORIENTED_EDGE('',*,*,#2236,.F.);
#3076=ORIENTED_EDGE('',*,*,#2280,.T.);
#3077=ORIENTED_EDGE('',*,*,#2231,.F.);
#3078=ORIENTED_EDGE('',*,*,#2275,.F.);
#3079=ORIENTED_EDGE('',*,*,#2277,.F.);
#3080=ORIENTED_EDGE('',*,*,#2195,.F.);
#3081=ORIENTED_EDGE('',*,*,#2260,.T.);
#3082=ORIENTED_EDGE('',*,*,#2076,.T.);
#3083=ORIENTED_EDGE('',*,*,#2103,.T.);
#3084=ORIENTED_EDGE('',*,*,#2281,.T.);
#3085=ORIENTED_EDGE('',*,*,#2243,.T.);
#3086=ORIENTED_EDGE('',*,*,#2282,.F.);
#3087=ORIENTED_EDGE('',*,*,#2283,.F.);
#3088=ORIENTED_EDGE('',*,*,#2246,.F.);
#3089=ORIENTED_EDGE('',*,*,#2226,.F.);
#3090=ORIENTED_EDGE('',*,*,#2284,.F.);
#3091=ORIENTED_EDGE('',*,*,#2285,.F.);
#3092=ORIENTED_EDGE('',*,*,#2286,.F.);
#3093=ORIENTED_EDGE('',*,*,#2287,.F.);
#3094=ORIENTED_EDGE('',*,*,#2288,.F.);
#3095=ORIENTED_EDGE('',*,*,#2289,.F.);
#3096=ORIENTED_EDGE('',*,*,#2290,.F.);
#3097=ORIENTED_EDGE('',*,*,#2291,.F.);
#3098=ORIENTED_EDGE('',*,*,#2292,.F.);
#3099=ORIENTED_EDGE('',*,*,#2293,.F.);
#3100=ORIENTED_EDGE('',*,*,#2294,.F.);
#3101=ORIENTED_EDGE('',*,*,#2295,.F.);
#3102=ORIENTED_EDGE('',*,*,#2296,.F.);
#3103=ORIENTED_EDGE('',*,*,#2297,.F.);
#3104=ORIENTED_EDGE('',*,*,#2298,.F.);
#3105=ORIENTED_EDGE('',*,*,#2299,.F.);
#3106=ORIENTED_EDGE('',*,*,#2300,.F.);
#3107=ORIENTED_EDGE('',*,*,#2301,.F.);
#3108=ORIENTED_EDGE('',*,*,#2302,.F.);
#3109=ORIENTED_EDGE('',*,*,#2303,.F.);
#3110=ORIENTED_EDGE('',*,*,#2304,.F.);
#3111=ORIENTED_EDGE('',*,*,#2285,.T.);
#3112=ORIENTED_EDGE('',*,*,#2305,.T.);
#3113=ORIENTED_EDGE('',*,*,#2306,.T.);
#3114=ORIENTED_EDGE('',*,*,#2307,.F.);
#3115=ORIENTED_EDGE('',*,*,#2308,.T.);
#3116=ORIENTED_EDGE('',*,*,#2309,.T.);
#3117=ORIENTED_EDGE('',*,*,#2292,.T.);
#3118=ORIENTED_EDGE('',*,*,#2310,.F.);
#3119=ORIENTED_EDGE('',*,*,#2311,.T.);
#3120=ORIENTED_EDGE('',*,*,#2312,.F.);
#3121=ORIENTED_EDGE('',*,*,#2294,.T.);
#3122=ORIENTED_EDGE('',*,*,#2313,.T.);
#3123=ORIENTED_EDGE('',*,*,#2314,.T.);
#3124=ORIENTED_EDGE('',*,*,#2315,.F.);
#3125=ORIENTED_EDGE('',*,*,#2316,.T.);
#3126=ORIENTED_EDGE('',*,*,#2317,.T.);
#3127=ORIENTED_EDGE('',*,*,#2318,.F.);
#3128=ORIENTED_EDGE('',*,*,#2319,.T.);
#3129=ORIENTED_EDGE('',*,*,#2320,.T.);
#3130=ORIENTED_EDGE('',*,*,#2319,.F.);
#3131=ORIENTED_EDGE('',*,*,#2320,.F.);
#3132=ORIENTED_EDGE('',*,*,#2293,.T.);
#3133=ORIENTED_EDGE('',*,*,#2321,.T.);
#3134=ORIENTED_EDGE('',*,*,#2322,.T.);
#3135=ORIENTED_EDGE('',*,*,#2321,.F.);
#3136=ORIENTED_EDGE('',*,*,#2323,.F.);
#3137=ORIENTED_EDGE('',*,*,#2324,.F.);
#3138=ORIENTED_EDGE('',*,*,#2314,.F.);
#3139=ORIENTED_EDGE('',*,*,#2325,.F.);
#3140=ORIENTED_EDGE('',*,*,#2326,.F.);
#3141=ORIENTED_EDGE('',*,*,#2325,.T.);
#3142=ORIENTED_EDGE('',*,*,#2313,.F.);
#3143=ORIENTED_EDGE('',*,*,#2323,.T.);
#3144=ORIENTED_EDGE('',*,*,#2327,.F.);
#3145=ORIENTED_EDGE('',*,*,#2295,.T.);
#3146=ORIENTED_EDGE('',*,*,#2312,.T.);
#3147=ORIENTED_EDGE('',*,*,#2328,.T.);
#3148=ORIENTED_EDGE('',*,*,#2329,.T.);
#3149=ORIENTED_EDGE('',*,*,#2330,.T.);
#3150=ORIENTED_EDGE('',*,*,#2331,.T.);
#3151=ORIENTED_EDGE('',*,*,#2201,.F.);
#3152=ORIENTED_EDGE('',*,*,#2332,.T.);
#3153=ORIENTED_EDGE('',*,*,#2333,.T.);
#3154=ORIENTED_EDGE('',*,*,#2334,.F.);
#3155=ORIENTED_EDGE('',*,*,#2335,.T.);
#3156=ORIENTED_EDGE('',*,*,#2336,.T.);
#3157=ORIENTED_EDGE('',*,*,#2302,.T.);
#3158=ORIENTED_EDGE('',*,*,#2337,.T.);
#3159=ORIENTED_EDGE('',*,*,#2338,.T.);
#3160=ORIENTED_EDGE('',*,*,#2339,.F.);
#3161=ORIENTED_EDGE('',*,*,#2340,.T.);
#3162=ORIENTED_EDGE('',*,*,#2341,.T.);
#3163=ORIENTED_EDGE('',*,*,#2342,.T.);
#3164=ORIENTED_EDGE('',*,*,#2343,.F.);
#3165=ORIENTED_EDGE('',*,*,#2344,.T.);
#3166=ORIENTED_EDGE('',*,*,#2345,.T.);
#3167=ORIENTED_EDGE('',*,*,#2346,.T.);
#3168=ORIENTED_EDGE('',*,*,#2347,.F.);
#3169=ORIENTED_EDGE('',*,*,#2326,.T.);
#3170=ORIENTED_EDGE('',*,*,#2327,.T.);
#3171=ORIENTED_EDGE('',*,*,#2348,.T.);
#3172=ORIENTED_EDGE('',*,*,#2349,.T.);
#3173=ORIENTED_EDGE('',*,*,#2350,.T.);
#3174=ORIENTED_EDGE('',*,*,#2351,.T.);
#3175=ORIENTED_EDGE('',*,*,#2352,.T.);
#3176=ORIENTED_EDGE('',*,*,#2353,.T.);
#3177=ORIENTED_EDGE('',*,*,#2354,.T.);
#3178=ORIENTED_EDGE('',*,*,#2355,.T.);
#3179=ORIENTED_EDGE('',*,*,#2356,.T.);
#3180=ORIENTED_EDGE('',*,*,#2357,.T.);
#3181=ORIENTED_EDGE('',*,*,#2286,.T.);
#3182=ORIENTED_EDGE('',*,*,#2358,.T.);
#3183=ORIENTED_EDGE('',*,*,#2359,.T.);
#3184=ORIENTED_EDGE('',*,*,#2358,.F.);
#3185=ORIENTED_EDGE('',*,*,#2289,.T.);
#3186=ORIENTED_EDGE('',*,*,#2360,.F.);
#3187=ORIENTED_EDGE('',*,*,#2361,.F.);
#3188=ORIENTED_EDGE('',*,*,#2362,.F.);
#3189=ORIENTED_EDGE('',*,*,#2363,.F.);
#3190=ORIENTED_EDGE('',*,*,#2364,.F.);
#3191=ORIENTED_EDGE('',*,*,#2363,.T.);
#3192=ORIENTED_EDGE('',*,*,#2365,.F.);
#3193=ORIENTED_EDGE('',*,*,#2360,.T.);
#3194=ORIENTED_EDGE('',*,*,#2366,.F.);
#3195=ORIENTED_EDGE('',*,*,#2288,.T.);
#3196=ORIENTED_EDGE('',*,*,#2367,.F.);
#3197=ORIENTED_EDGE('',*,*,#2368,.T.);
#3198=ORIENTED_EDGE('',*,*,#2310,.T.);
#3199=ORIENTED_EDGE('',*,*,#2291,.T.);
#3200=ORIENTED_EDGE('',*,*,#2369,.T.);
#3201=ORIENTED_EDGE('',*,*,#2370,.T.);
#3202=ORIENTED_EDGE('',*,*,#2371,.F.);
#3203=ORIENTED_EDGE('',*,*,#2372,.T.);
#3204=ORIENTED_EDGE('',*,*,#2373,.T.);
#3205=ORIENTED_EDGE('',*,*,#2304,.T.);
#3206=ORIENTED_EDGE('',*,*,#2374,.T.);
#3207=ORIENTED_EDGE('',*,*,#2375,.T.);
#3208=ORIENTED_EDGE('',*,*,#2376,.F.);
#3209=ORIENTED_EDGE('',*,*,#2364,.T.);
#3210=ORIENTED_EDGE('',*,*,#2366,.T.);
#3211=ORIENTED_EDGE('',*,*,#2377,.F.);
#3212=ORIENTED_EDGE('',*,*,#2378,.F.);
#3213=ORIENTED_EDGE('',*,*,#2379,.F.);
#3214=ORIENTED_EDGE('',*,*,#2380,.F.);
#3215=ORIENTED_EDGE('',*,*,#2298,.T.);
#3216=ORIENTED_EDGE('',*,*,#2381,.T.);
#3217=ORIENTED_EDGE('',*,*,#2382,.T.);
#3218=ORIENTED_EDGE('',*,*,#2381,.F.);
#3219=ORIENTED_EDGE('',*,*,#2297,.T.);
#3220=ORIENTED_EDGE('',*,*,#2383,.F.);
#3221=ORIENTED_EDGE('',*,*,#2384,.F.);
#3222=ORIENTED_EDGE('',*,*,#2383,.T.);
#3223=ORIENTED_EDGE('',*,*,#2385,.F.);
#3224=ORIENTED_EDGE('',*,*,#2379,.T.);
#3225=ORIENTED_EDGE('',*,*,#2386,.F.);
#3226=ORIENTED_EDGE('',*,*,#2284,.T.);
#3227=ORIENTED_EDGE('',*,*,#2387,.F.);
#3228=ORIENTED_EDGE('',*,*,#2388,.T.);
#3229=ORIENTED_EDGE('',*,*,#2389,.T.);
#3230=ORIENTED_EDGE('',*,*,#2388,.F.);
#3231=ORIENTED_EDGE('',*,*,#2390,.F.);
#3232=ORIENTED_EDGE('',*,*,#2306,.F.);
#3233=ORIENTED_EDGE('',*,*,#2391,.F.);
#3234=ORIENTED_EDGE('',*,*,#2316,.F.);
#3235=ORIENTED_EDGE('',*,*,#2391,.T.);
#3236=ORIENTED_EDGE('',*,*,#2305,.F.);
#3237=ORIENTED_EDGE('',*,*,#2386,.T.);
#3238=ORIENTED_EDGE('',*,*,#2387,.T.);
#3239=ORIENTED_EDGE('',*,*,#2317,.F.);
#3240=ORIENTED_EDGE('',*,*,#2392,.F.);
#3241=ORIENTED_EDGE('',*,*,#2393,.T.);
#3242=ORIENTED_EDGE('',*,*,#2394,.T.);
#3243=ORIENTED_EDGE('',*,*,#2393,.F.);
#3244=ORIENTED_EDGE('',*,*,#2303,.T.);
#3245=ORIENTED_EDGE('',*,*,#2395,.F.);
#3246=ORIENTED_EDGE('',*,*,#2375,.F.);
#3247=ORIENTED_EDGE('',*,*,#2396,.F.);
#3248=ORIENTED_EDGE('',*,*,#2372,.F.);
#3249=ORIENTED_EDGE('',*,*,#2396,.T.);
#3250=ORIENTED_EDGE('',*,*,#2374,.F.);
#3251=ORIENTED_EDGE('',*,*,#2392,.T.);
#3252=ORIENTED_EDGE('',*,*,#2373,.F.);
#3253=ORIENTED_EDGE('',*,*,#2397,.F.);
#3254=ORIENTED_EDGE('',*,*,#2338,.F.);
#3255=ORIENTED_EDGE('',*,*,#2398,.F.);
#3256=ORIENTED_EDGE('',*,*,#2399,.F.);
#3257=ORIENTED_EDGE('',*,*,#2400,.F.);
#3258=ORIENTED_EDGE('',*,*,#2301,.T.);
#3259=ORIENTED_EDGE('',*,*,#2401,.T.);
#3260=ORIENTED_EDGE('',*,*,#2402,.F.);
#3261=ORIENTED_EDGE('',*,*,#2401,.F.);
#3262=ORIENTED_EDGE('',*,*,#2300,.T.);
#3263=ORIENTED_EDGE('',*,*,#2337,.F.);
#3264=ORIENTED_EDGE('',*,*,#2400,.T.);
#3265=ORIENTED_EDGE('',*,*,#2403,.F.);
#3266=ORIENTED_EDGE('',*,*,#2398,.T.);
#3267=ORIENTED_EDGE('',*,*,#2290,.T.);
#3268=ORIENTED_EDGE('',*,*,#2404,.F.);
#3269=ORIENTED_EDGE('',*,*,#2405,.T.);
#3270=ORIENTED_EDGE('',*,*,#2406,.T.);
#3271=ORIENTED_EDGE('',*,*,#2405,.F.);
#3272=ORIENTED_EDGE('',*,*,#2407,.F.);
#3273=ORIENTED_EDGE('',*,*,#2370,.F.);
#3274=ORIENTED_EDGE('',*,*,#2408,.F.);
#3275=ORIENTED_EDGE('',*,*,#2308,.F.);
#3276=ORIENTED_EDGE('',*,*,#2408,.T.);
#3277=ORIENTED_EDGE('',*,*,#2369,.F.);
#3278=ORIENTED_EDGE('',*,*,#2404,.T.);
#3279=ORIENTED_EDGE('',*,*,#2309,.F.);
#3280=ORIENTED_EDGE('',*,*,#2409,.T.);
#3281=ORIENTED_EDGE('',*,*,#2410,.F.);
#3282=ORIENTED_EDGE('',*,*,#2411,.F.);
#3283=ORIENTED_EDGE('',*,*,#2412,.F.);
#3284=ORIENTED_EDGE('',*,*,#2413,.F.);
#3285=ORIENTED_EDGE('',*,*,#2414,.T.);
#3286=ORIENTED_EDGE('',*,*,#2415,.F.);
#3287=ORIENTED_EDGE('',*,*,#2416,.F.);
#3288=ORIENTED_EDGE('',*,*,#2417,.F.);
#3289=ORIENTED_EDGE('',*,*,#2410,.T.);
#3290=ORIENTED_EDGE('',*,*,#2418,.F.);
#3291=ORIENTED_EDGE('',*,*,#2414,.F.);
#3292=ORIENTED_EDGE('',*,*,#2419,.F.);
#3293=ORIENTED_EDGE('',*,*,#2420,.F.);
#3294=ORIENTED_EDGE('',*,*,#2421,.F.);
#3295=ORIENTED_EDGE('',*,*,#2416,.T.);
#3296=ORIENTED_EDGE('',*,*,#2422,.F.);
#3297=ORIENTED_EDGE('',*,*,#2412,.T.);
#3298=ORIENTED_EDGE('',*,*,#2419,.T.);
#3299=ORIENTED_EDGE('',*,*,#2413,.T.);
#3300=ORIENTED_EDGE('',*,*,#2421,.T.);
#3301=ORIENTED_EDGE('',*,*,#2423,.F.);
#3302=ORIENTED_EDGE('',*,*,#2357,.F.);
#3303=ORIENTED_EDGE('',*,*,#2424,.T.);
#3304=ORIENTED_EDGE('',*,*,#2425,.F.);
#3305=ORIENTED_EDGE('',*,*,#2426,.F.);
#3306=ORIENTED_EDGE('',*,*,#2427,.F.);
#3307=ORIENTED_EDGE('',*,*,#2428,.F.);
#3308=ORIENTED_EDGE('',*,*,#2429,.F.);
#3309=ORIENTED_EDGE('',*,*,#2430,.F.);
#3310=ORIENTED_EDGE('',*,*,#2431,.T.);
#3311=ORIENTED_EDGE('',*,*,#2429,.T.);
#3312=ORIENTED_EDGE('',*,*,#2432,.F.);
#3313=ORIENTED_EDGE('',*,*,#2433,.T.);
#3314=ORIENTED_EDGE('',*,*,#2434,.T.);
#3315=ORIENTED_EDGE('',*,*,#2435,.F.);
#3316=ORIENTED_EDGE('',*,*,#2436,.F.);
#3317=ORIENTED_EDGE('',*,*,#2437,.T.);
#3318=ORIENTED_EDGE('',*,*,#2438,.T.);
#3319=ORIENTED_EDGE('',*,*,#2439,.F.);
#3320=ORIENTED_EDGE('',*,*,#2440,.F.);
#3321=ORIENTED_EDGE('',*,*,#2435,.T.);
#3322=ORIENTED_EDGE('',*,*,#2441,.T.);
#3323=ORIENTED_EDGE('',*,*,#2442,.F.);
#3324=ORIENTED_EDGE('',*,*,#2443,.T.);
#3325=ORIENTED_EDGE('',*,*,#2439,.T.);
#3326=ORIENTED_EDGE('',*,*,#2444,.T.);
#3327=ORIENTED_EDGE('',*,*,#2437,.F.);
#3328=ORIENTED_EDGE('',*,*,#2445,.F.);
#3329=ORIENTED_EDGE('',*,*,#2442,.T.);
#3330=ORIENTED_EDGE('',*,*,#2434,.F.);
#3331=ORIENTED_EDGE('',*,*,#2444,.F.);
#3332=ORIENTED_EDGE('',*,*,#2441,.F.);
#3333=ORIENTED_EDGE('',*,*,#2438,.F.);
#3334=ORIENTED_EDGE('',*,*,#2445,.T.);
#3335=ORIENTED_EDGE('',*,*,#2446,.F.);
#3336=ORIENTED_EDGE('',*,*,#2350,.F.);
#3337=ORIENTED_EDGE('',*,*,#2447,.T.);
#3338=ORIENTED_EDGE('',*,*,#2448,.T.);
#3339=ORIENTED_EDGE('',*,*,#2449,.F.);
#3340=ORIENTED_EDGE('',*,*,#2450,.F.);
#3341=ORIENTED_EDGE('',*,*,#2451,.T.);
#3342=ORIENTED_EDGE('',*,*,#2452,.T.);
#3343=ORIENTED_EDGE('',*,*,#2453,.F.);
#3344=ORIENTED_EDGE('',*,*,#2454,.F.);
#3345=ORIENTED_EDGE('',*,*,#2449,.T.);
#3346=ORIENTED_EDGE('',*,*,#2455,.T.);
#3347=ORIENTED_EDGE('',*,*,#2456,.F.);
#3348=ORIENTED_EDGE('',*,*,#2457,.F.);
#3349=ORIENTED_EDGE('',*,*,#2453,.T.);
#3350=ORIENTED_EDGE('',*,*,#2458,.T.);
#3351=ORIENTED_EDGE('',*,*,#2451,.F.);
#3352=ORIENTED_EDGE('',*,*,#2459,.T.);
#3353=ORIENTED_EDGE('',*,*,#2456,.T.);
#3354=ORIENTED_EDGE('',*,*,#2448,.F.);
#3355=ORIENTED_EDGE('',*,*,#2458,.F.);
#3356=ORIENTED_EDGE('',*,*,#2455,.F.);
#3357=ORIENTED_EDGE('',*,*,#2452,.F.);
#3358=ORIENTED_EDGE('',*,*,#2460,.F.);
#3359=ORIENTED_EDGE('',*,*,#2461,.F.);
#3360=ORIENTED_EDGE('',*,*,#2462,.F.);
#3361=ORIENTED_EDGE('',*,*,#2463,.F.);
#3362=ORIENTED_EDGE('',*,*,#2344,.F.);
#3363=ORIENTED_EDGE('',*,*,#2464,.T.);
#3364=ORIENTED_EDGE('',*,*,#2460,.T.);
#3365=ORIENTED_EDGE('',*,*,#2465,.F.);
#3366=ORIENTED_EDGE('',*,*,#2345,.F.);
#3367=ORIENTED_EDGE('',*,*,#2465,.T.);
#3368=ORIENTED_EDGE('',*,*,#2463,.T.);
#3369=ORIENTED_EDGE('',*,*,#2466,.F.);
#3370=ORIENTED_EDGE('',*,*,#2346,.F.);
#3371=ORIENTED_EDGE('',*,*,#2466,.T.);
#3372=ORIENTED_EDGE('',*,*,#2462,.T.);
#3373=ORIENTED_EDGE('',*,*,#2467,.F.);
#3374=ORIENTED_EDGE('',*,*,#2340,.F.);
#3375=ORIENTED_EDGE('',*,*,#2468,.T.);
#3376=ORIENTED_EDGE('',*,*,#2469,.F.);
#3377=ORIENTED_EDGE('',*,*,#2459,.F.);
#3378=ORIENTED_EDGE('',*,*,#2470,.F.);
#3379=ORIENTED_EDGE('',*,*,#2450,.T.);
#3380=ORIENTED_EDGE('',*,*,#2471,.F.);
#3381=ORIENTED_EDGE('',*,*,#2341,.F.);
#3382=ORIENTED_EDGE('',*,*,#2470,.T.);
#3383=ORIENTED_EDGE('',*,*,#2342,.F.);
#3384=ORIENTED_EDGE('',*,*,#2471,.T.);
#3385=ORIENTED_EDGE('',*,*,#2454,.T.);
#3386=ORIENTED_EDGE('',*,*,#2472,.F.);
#3387=ORIENTED_EDGE('',*,*,#2473,.F.);
#3388=ORIENTED_EDGE('',*,*,#2474,.T.);
#3389=ORIENTED_EDGE('',*,*,#2472,.T.);
#3390=ORIENTED_EDGE('',*,*,#2457,.T.);
#3391=ORIENTED_EDGE('',*,*,#2469,.T.);
#3392=ORIENTED_EDGE('',*,*,#2348,.F.);
#3393=ORIENTED_EDGE('',*,*,#2475,.T.);
#3394=ORIENTED_EDGE('',*,*,#2476,.F.);
#3395=ORIENTED_EDGE('',*,*,#2477,.F.);
#3396=ORIENTED_EDGE('',*,*,#2349,.F.);
#3397=ORIENTED_EDGE('',*,*,#2477,.T.);
#3398=ORIENTED_EDGE('',*,*,#2478,.F.);
#3399=ORIENTED_EDGE('',*,*,#2443,.F.);
#3400=ORIENTED_EDGE('',*,*,#2447,.F.);
#3401=ORIENTED_EDGE('',*,*,#2351,.F.);
#3402=ORIENTED_EDGE('',*,*,#2446,.T.);
#3403=ORIENTED_EDGE('',*,*,#2436,.T.);
#3404=ORIENTED_EDGE('',*,*,#2479,.F.);
#3405=ORIENTED_EDGE('',*,*,#2475,.F.);
#3406=ORIENTED_EDGE('',*,*,#2479,.T.);
#3407=ORIENTED_EDGE('',*,*,#2440,.T.);
#3408=ORIENTED_EDGE('',*,*,#2478,.T.);
#3409=ORIENTED_EDGE('',*,*,#2476,.T.);
#3410=ORIENTED_EDGE('',*,*,#2417,.T.);
#3411=ORIENTED_EDGE('',*,*,#2426,.T.);
#3412=ORIENTED_EDGE('',*,*,#2480,.F.);
#3413=ORIENTED_EDGE('',*,*,#2481,.F.);
#3414=ORIENTED_EDGE('',*,*,#2352,.F.);
#3415=ORIENTED_EDGE('',*,*,#2423,.T.);
#3416=ORIENTED_EDGE('',*,*,#2420,.T.);
#3417=ORIENTED_EDGE('',*,*,#2411,.T.);
#3418=ORIENTED_EDGE('',*,*,#2353,.F.);
#3419=ORIENTED_EDGE('',*,*,#2481,.T.);
#3420=ORIENTED_EDGE('',*,*,#2482,.F.);
#3421=ORIENTED_EDGE('',*,*,#2483,.F.);
#3422=ORIENTED_EDGE('',*,*,#2428,.T.);
#3423=ORIENTED_EDGE('',*,*,#2484,.F.);
#3424=ORIENTED_EDGE('',*,*,#2409,.F.);
#3425=ORIENTED_EDGE('',*,*,#2485,.F.);
#3426=ORIENTED_EDGE('',*,*,#2354,.F.);
#3427=ORIENTED_EDGE('',*,*,#2483,.T.);
#3428=ORIENTED_EDGE('',*,*,#2486,.F.);
#3429=ORIENTED_EDGE('',*,*,#2432,.T.);
#3430=ORIENTED_EDGE('',*,*,#2418,.T.);
#3431=ORIENTED_EDGE('',*,*,#2484,.T.);
#3432=ORIENTED_EDGE('',*,*,#2427,.T.);
#3433=ORIENTED_EDGE('',*,*,#2487,.F.);
#3434=ORIENTED_EDGE('',*,*,#2355,.F.);
#3435=ORIENTED_EDGE('',*,*,#2485,.T.);
#3436=ORIENTED_EDGE('',*,*,#2422,.T.);
#3437=ORIENTED_EDGE('',*,*,#2415,.T.);
#3438=ORIENTED_EDGE('',*,*,#2356,.F.);
#3439=ORIENTED_EDGE('',*,*,#2487,.T.);
#3440=ORIENTED_EDGE('',*,*,#2430,.T.);
#3441=ORIENTED_EDGE('',*,*,#2431,.F.);
#3442=ORIENTED_EDGE('',*,*,#2488,.F.);
#3443=ORIENTED_EDGE('',*,*,#2424,.F.);
#3444=ORIENTED_EDGE('',*,*,#2425,.T.);
#3445=ORIENTED_EDGE('',*,*,#2488,.T.);
#3446=ORIENTED_EDGE('',*,*,#2433,.F.);
#3447=ORIENTED_EDGE('',*,*,#2486,.T.);
#3448=ORIENTED_EDGE('',*,*,#2482,.T.);
#3449=ORIENTED_EDGE('',*,*,#2480,.T.);
#3450=ORIENTED_EDGE('',*,*,#2489,.F.);
#3451=ORIENTED_EDGE('',*,*,#2334,.T.);
#3452=ORIENTED_EDGE('',*,*,#2490,.F.);
#3453=ORIENTED_EDGE('',*,*,#2491,.F.);
#3454=ORIENTED_EDGE('',*,*,#2492,.F.);
#3455=ORIENTED_EDGE('',*,*,#2493,.T.);
#3456=ORIENTED_EDGE('',*,*,#2494,.F.);
#3457=ORIENTED_EDGE('',*,*,#2329,.F.);
#3458=ORIENTED_EDGE('',*,*,#2495,.F.);
#3459=ORIENTED_EDGE('',*,*,#2491,.T.);
#3460=ORIENTED_EDGE('',*,*,#2496,.F.);
#3461=ORIENTED_EDGE('',*,*,#2493,.F.);
#3462=ORIENTED_EDGE('',*,*,#2494,.T.);
#3463=ORIENTED_EDGE('',*,*,#2496,.T.);
#3464=ORIENTED_EDGE('',*,*,#2490,.T.);
#3465=ORIENTED_EDGE('',*,*,#2333,.F.);
#3466=ORIENTED_EDGE('',*,*,#2497,.F.);
#3467=ORIENTED_EDGE('',*,*,#2498,.F.);
#3468=ORIENTED_EDGE('',*,*,#2499,.F.);
#3469=ORIENTED_EDGE('',*,*,#2330,.F.);
#3470=ORIENTED_EDGE('',*,*,#2492,.T.);
#3471=ORIENTED_EDGE('',*,*,#2328,.F.);
#3472=ORIENTED_EDGE('',*,*,#2311,.F.);
#3473=ORIENTED_EDGE('',*,*,#2368,.F.);
#3474=ORIENTED_EDGE('',*,*,#2500,.F.);
#3475=ORIENTED_EDGE('',*,*,#2335,.F.);
#3476=ORIENTED_EDGE('',*,*,#2489,.T.);
#3477=ORIENTED_EDGE('',*,*,#2495,.T.);
#3478=ORIENTED_EDGE('',*,*,#2498,.T.);
#3479=ORIENTED_EDGE('',*,*,#2501,.F.);
#3480=ORIENTED_EDGE('',*,*,#2203,.F.);
#3481=ORIENTED_EDGE('',*,*,#2502,.T.);
#3482=ORIENTED_EDGE('',*,*,#2287,.T.);
#3483=ORIENTED_EDGE('',*,*,#2365,.T.);
#3484=ORIENTED_EDGE('',*,*,#2362,.T.);
#3485=ORIENTED_EDGE('',*,*,#2503,.F.);
#3486=ORIENTED_EDGE('',*,*,#2380,.T.);
#3487=ORIENTED_EDGE('',*,*,#2385,.T.);
#3488=ORIENTED_EDGE('',*,*,#2296,.T.);
#3489=ORIENTED_EDGE('',*,*,#2384,.T.);
#3490=ORIENTED_EDGE('',*,*,#2378,.T.);
#3491=ORIENTED_EDGE('',*,*,#2504,.F.);
#3492=ORIENTED_EDGE('',*,*,#2399,.T.);
#3493=ORIENTED_EDGE('',*,*,#2403,.T.);
#3494=ORIENTED_EDGE('',*,*,#2299,.T.);
#3495=ORIENTED_EDGE('',*,*,#2336,.F.);
#3496=ORIENTED_EDGE('',*,*,#2500,.T.);
#3497=ORIENTED_EDGE('',*,*,#2367,.T.);
#3498=ORIENTED_EDGE('',*,*,#2497,.T.);
#3499=ORIENTED_EDGE('',*,*,#2332,.F.);
#3500=ORIENTED_EDGE('',*,*,#2200,.F.);
#3501=ORIENTED_EDGE('',*,*,#2501,.T.);
#3502=ORIENTED_EDGE('',*,*,#2120,.T.);
#3503=ORIENTED_EDGE('',*,*,#2505,.F.);
#3504=ORIENTED_EDGE('',*,*,#2125,.T.);
#3505=ORIENTED_EDGE('',*,*,#2069,.T.);
#3506=ORIENTED_EDGE('',*,*,#2119,.T.);
#3507=ORIENTED_EDGE('',*,*,#2116,.T.);
#3508=ORIENTED_EDGE('',*,*,#2113,.T.);
#3509=ORIENTED_EDGE('',*,*,#2110,.T.);
#3510=ORIENTED_EDGE('',*,*,#2106,.T.);
#3511=ORIENTED_EDGE('',*,*,#2143,.T.);
#3512=ORIENTED_EDGE('',*,*,#2140,.T.);
#3513=ORIENTED_EDGE('',*,*,#2137,.T.);
#3514=ORIENTED_EDGE('',*,*,#2134,.T.);
#3515=ORIENTED_EDGE('',*,*,#2100,.T.);
#3516=ORIENTED_EDGE('',*,*,#2165,.T.);
#3517=ORIENTED_EDGE('',*,*,#2162,.T.);
#3518=ORIENTED_EDGE('',*,*,#2159,.T.);
#3519=ORIENTED_EDGE('',*,*,#2156,.T.);
#3520=ORIENTED_EDGE('',*,*,#2097,.T.);
#3521=ORIENTED_EDGE('',*,*,#2506,.F.);
#3522=ORIENTED_EDGE('',*,*,#2244,.F.);
#3523=ORIENTED_EDGE('',*,*,#2281,.F.);
#3524=ORIENTED_EDGE('',*,*,#2102,.T.);
#3525=ORIENTED_EDGE('',*,*,#2154,.T.);
#3526=ORIENTED_EDGE('',*,*,#2151,.T.);
#3527=ORIENTED_EDGE('',*,*,#2148,.T.);
#3528=ORIENTED_EDGE('',*,*,#2145,.T.);
#3529=ORIENTED_EDGE('',*,*,#2108,.T.);
#3530=ORIENTED_EDGE('',*,*,#2132,.T.);
#3531=ORIENTED_EDGE('',*,*,#2129,.T.);
#3532=ORIENTED_EDGE('',*,*,#2126,.T.);
#3533=ORIENTED_EDGE('',*,*,#2122,.T.);
#3534=ORIENTED_EDGE('',*,*,#2505,.T.);
#3535=ORIENTED_EDGE('',*,*,#2506,.T.);
#3536=ORIENTED_EDGE('',*,*,#2096,.T.);
#3537=ORIENTED_EDGE('',*,*,#2078,.T.);
#3538=ORIENTED_EDGE('',*,*,#2225,.T.);
#3539=ORIENTED_EDGE('',*,*,#2278,.F.);
#3540=ORIENTED_EDGE('',*,*,#2228,.F.);
#3541=ORIENTED_EDGE('',*,*,#2280,.F.);
#3542=ORIENTED_EDGE('',*,*,#2239,.T.);
#3543=ORIENTED_EDGE('',*,*,#2264,.F.);
#3544=ORIENTED_EDGE('',*,*,#2232,.F.);
#3545=ORIENTED_EDGE('',*,*,#2270,.F.);
#3546=ORIENTED_EDGE('',*,*,#2245,.T.);
#3547=ORIENTED_EDGE('',*,*,#2318,.T.);
#3548=ORIENTED_EDGE('',*,*,#2347,.T.);
#3549=ORIENTED_EDGE('',*,*,#2467,.T.);
#3550=ORIENTED_EDGE('',*,*,#2461,.T.);
#3551=ORIENTED_EDGE('',*,*,#2464,.F.);
#3552=ORIENTED_EDGE('',*,*,#2343,.T.);
#3553=ORIENTED_EDGE('',*,*,#2473,.T.);
#3554=ORIENTED_EDGE('',*,*,#2474,.F.);
#3555=ORIENTED_EDGE('',*,*,#2468,.F.);
#3556=ORIENTED_EDGE('',*,*,#2339,.T.);
#3557=ORIENTED_EDGE('',*,*,#2397,.T.);
#3558=ORIENTED_EDGE('',*,*,#2504,.T.);
#3559=ORIENTED_EDGE('',*,*,#2377,.T.);
#3560=ORIENTED_EDGE('',*,*,#2503,.T.);
#3561=ORIENTED_EDGE('',*,*,#2361,.T.);
#3562=ORIENTED_EDGE('',*,*,#2376,.T.);
#3563=ORIENTED_EDGE('',*,*,#2395,.T.);
#3564=ORIENTED_EDGE('',*,*,#2371,.T.);
#3565=ORIENTED_EDGE('',*,*,#2407,.T.);
#3566=ORIENTED_EDGE('',*,*,#2307,.T.);
#3567=ORIENTED_EDGE('',*,*,#2390,.T.);
#3568=ORIENTED_EDGE('',*,*,#2315,.T.);
#3569=ORIENTED_EDGE('',*,*,#2324,.T.);
#3570=ORIENTED_EDGE('',*,*,#2322,.F.);
#3571=ORIENTED_EDGE('',*,*,#2359,.F.);
#3572=ORIENTED_EDGE('',*,*,#2382,.F.);
#3573=ORIENTED_EDGE('',*,*,#2402,.T.);
#3574=ORIENTED_EDGE('',*,*,#2406,.F.);
#3575=ORIENTED_EDGE('',*,*,#2394,.F.);
#3576=ORIENTED_EDGE('',*,*,#2389,.F.);
#3577=ORIENTED_EDGE('',*,*,#2507,.T.);
#3578=ORIENTED_EDGE('',*,*,#2508,.T.);
#3579=ORIENTED_EDGE('',*,*,#2509,.T.);
#3580=ORIENTED_EDGE('',*,*,#2510,.T.);
#3581=ORIENTED_EDGE('',*,*,#2509,.F.);
#3582=ORIENTED_EDGE('',*,*,#2511,.F.);
#3583=ORIENTED_EDGE('',*,*,#2512,.F.);
#3584=ORIENTED_EDGE('',*,*,#2513,.F.);
#3585=ORIENTED_EDGE('',*,*,#2514,.F.);
#3586=ORIENTED_EDGE('',*,*,#2251,.F.);
#3587=ORIENTED_EDGE('',*,*,#2515,.T.);
#3588=ORIENTED_EDGE('',*,*,#2508,.F.);
#3589=ORIENTED_EDGE('',*,*,#2516,.T.);
#3590=ORIENTED_EDGE('',*,*,#2517,.T.);
#3591=ORIENTED_EDGE('',*,*,#2511,.T.);
#3592=ORIENTED_EDGE('',*,*,#2518,.T.);
#3593=ORIENTED_EDGE('',*,*,#2519,.T.);
#3594=ORIENTED_EDGE('',*,*,#2520,.T.);
#3595=ORIENTED_EDGE('',*,*,#2521,.T.);
#3596=ORIENTED_EDGE('',*,*,#2520,.F.);
#3597=ORIENTED_EDGE('',*,*,#2522,.F.);
#3598=ORIENTED_EDGE('',*,*,#2523,.F.);
#3599=ORIENTED_EDGE('',*,*,#2524,.F.);
#3600=ORIENTED_EDGE('',*,*,#2525,.F.);
#3601=ORIENTED_EDGE('',*,*,#2252,.F.);
#3602=ORIENTED_EDGE('',*,*,#2526,.T.);
#3603=ORIENTED_EDGE('',*,*,#2519,.F.);
#3604=ORIENTED_EDGE('',*,*,#2527,.T.);
#3605=ORIENTED_EDGE('',*,*,#2528,.T.);
#3606=ORIENTED_EDGE('',*,*,#2522,.T.);
#3607=ORIENTED_EDGE('',*,*,#2529,.T.);
#3608=ORIENTED_EDGE('',*,*,#2530,.T.);
#3609=ORIENTED_EDGE('',*,*,#2531,.T.);
#3610=ORIENTED_EDGE('',*,*,#2532,.T.);
#3611=ORIENTED_EDGE('',*,*,#2531,.F.);
#3612=ORIENTED_EDGE('',*,*,#2533,.F.);
#3613=ORIENTED_EDGE('',*,*,#2534,.F.);
#3614=ORIENTED_EDGE('',*,*,#2535,.F.);
#3615=ORIENTED_EDGE('',*,*,#2536,.F.);
#3616=ORIENTED_EDGE('',*,*,#2537,.F.);
#3617=ORIENTED_EDGE('',*,*,#2538,.T.);
#3618=ORIENTED_EDGE('',*,*,#2530,.F.);
#3619=ORIENTED_EDGE('',*,*,#2539,.T.);
#3620=ORIENTED_EDGE('',*,*,#2540,.T.);
#3621=ORIENTED_EDGE('',*,*,#2533,.T.);
#3622=ORIENTED_EDGE('',*,*,#2541,.T.);
#3623=ORIENTED_EDGE('',*,*,#2542,.T.);
#3624=ORIENTED_EDGE('',*,*,#2543,.T.);
#3625=ORIENTED_EDGE('',*,*,#2544,.T.);
#3626=ORIENTED_EDGE('',*,*,#2543,.F.);
#3627=ORIENTED_EDGE('',*,*,#2545,.F.);
#3628=ORIENTED_EDGE('',*,*,#2546,.F.);
#3629=ORIENTED_EDGE('',*,*,#2547,.F.);
#3630=ORIENTED_EDGE('',*,*,#2548,.F.);
#3631=ORIENTED_EDGE('',*,*,#2549,.F.);
#3632=ORIENTED_EDGE('',*,*,#2550,.T.);
#3633=ORIENTED_EDGE('',*,*,#2542,.F.);
#3634=ORIENTED_EDGE('',*,*,#2551,.T.);
#3635=ORIENTED_EDGE('',*,*,#2552,.T.);
#3636=ORIENTED_EDGE('',*,*,#2545,.T.);
#3637=ORIENTED_EDGE('',*,*,#2553,.T.);
#3638=ORIENTED_EDGE('',*,*,#2554,.T.);
#3639=ORIENTED_EDGE('',*,*,#2555,.T.);
#3640=ORIENTED_EDGE('',*,*,#2556,.T.);
#3641=ORIENTED_EDGE('',*,*,#2554,.F.);
#3642=ORIENTED_EDGE('',*,*,#2557,.T.);
#3643=ORIENTED_EDGE('',*,*,#2558,.T.);
#3644=ORIENTED_EDGE('',*,*,#2559,.T.);
#3645=ORIENTED_EDGE('',*,*,#2553,.F.);
#3646=ORIENTED_EDGE('',*,*,#2560,.F.);
#3647=ORIENTED_EDGE('',*,*,#2561,.F.);
#3648=ORIENTED_EDGE('',*,*,#2562,.T.);
#3649=ORIENTED_EDGE('',*,*,#2563,.F.);
#3650=ORIENTED_EDGE('',*,*,#2564,.F.);
#3651=ORIENTED_EDGE('',*,*,#2557,.F.);
#3652=ORIENTED_EDGE('',*,*,#2517,.F.);
#3653=ORIENTED_EDGE('',*,*,#2565,.T.);
#3654=ORIENTED_EDGE('',*,*,#2566,.F.);
#3655=ORIENTED_EDGE('',*,*,#2512,.T.);
#3656=ORIENTED_EDGE('',*,*,#2507,.F.);
#3657=ORIENTED_EDGE('',*,*,#2567,.F.);
#3658=ORIENTED_EDGE('',*,*,#2249,.F.);
#3659=ORIENTED_EDGE('',*,*,#2568,.T.);
#3660=ORIENTED_EDGE('',*,*,#2569,.F.);
#3661=ORIENTED_EDGE('',*,*,#2565,.F.);
#3662=ORIENTED_EDGE('',*,*,#2516,.F.);
#3663=ORIENTED_EDGE('',*,*,#2513,.T.);
#3664=ORIENTED_EDGE('',*,*,#2566,.T.);
#3665=ORIENTED_EDGE('',*,*,#2569,.T.);
#3666=ORIENTED_EDGE('',*,*,#2570,.T.);
#3667=ORIENTED_EDGE('',*,*,#2570,.F.);
#3668=ORIENTED_EDGE('',*,*,#2568,.F.);
#3669=ORIENTED_EDGE('',*,*,#2248,.F.);
#3670=ORIENTED_EDGE('',*,*,#2514,.T.);
#3671=ORIENTED_EDGE('',*,*,#2528,.F.);
#3672=ORIENTED_EDGE('',*,*,#2571,.T.);
#3673=ORIENTED_EDGE('',*,*,#2572,.F.);
#3674=ORIENTED_EDGE('',*,*,#2523,.T.);
#3675=ORIENTED_EDGE('',*,*,#2524,.T.);
#3676=ORIENTED_EDGE('',*,*,#2572,.T.);
#3677=ORIENTED_EDGE('',*,*,#2573,.T.);
#3678=ORIENTED_EDGE('',*,*,#2574,.T.);
#3679=ORIENTED_EDGE('',*,*,#2540,.F.);
#3680=ORIENTED_EDGE('',*,*,#2575,.T.);
#3681=ORIENTED_EDGE('',*,*,#2576,.F.);
#3682=ORIENTED_EDGE('',*,*,#2534,.T.);
#3683=ORIENTED_EDGE('',*,*,#2529,.F.);
#3684=ORIENTED_EDGE('',*,*,#2577,.F.);
#3685=ORIENTED_EDGE('',*,*,#2578,.F.);
#3686=ORIENTED_EDGE('',*,*,#2579,.T.);
#3687=ORIENTED_EDGE('',*,*,#2580,.F.);
#3688=ORIENTED_EDGE('',*,*,#2575,.F.);
#3689=ORIENTED_EDGE('',*,*,#2539,.F.);
#3690=ORIENTED_EDGE('',*,*,#2535,.T.);
#3691=ORIENTED_EDGE('',*,*,#2576,.T.);
#3692=ORIENTED_EDGE('',*,*,#2580,.T.);
#3693=ORIENTED_EDGE('',*,*,#2581,.T.);
#3694=ORIENTED_EDGE('',*,*,#2581,.F.);
#3695=ORIENTED_EDGE('',*,*,#2579,.F.);
#3696=ORIENTED_EDGE('',*,*,#2582,.F.);
#3697=ORIENTED_EDGE('',*,*,#2536,.T.);
#3698=ORIENTED_EDGE('',*,*,#2552,.F.);
#3699=ORIENTED_EDGE('',*,*,#2583,.T.);
#3700=ORIENTED_EDGE('',*,*,#2584,.F.);
#3701=ORIENTED_EDGE('',*,*,#2546,.T.);
#3702=ORIENTED_EDGE('',*,*,#2547,.T.);
#3703=ORIENTED_EDGE('',*,*,#2584,.T.);
#3704=ORIENTED_EDGE('',*,*,#2585,.T.);
#3705=ORIENTED_EDGE('',*,*,#2586,.T.);
#3706=ORIENTED_EDGE('',*,*,#2587,.T.);
#3707=ORIENTED_EDGE('',*,*,#2588,.T.);
#3708=ORIENTED_EDGE('',*,*,#2563,.T.);
#3709=ORIENTED_EDGE('',*,*,#2589,.T.);
#3710=ORIENTED_EDGE('',*,*,#2588,.F.);
#3711=ORIENTED_EDGE('',*,*,#2590,.T.);
#3712=ORIENTED_EDGE('',*,*,#2558,.F.);
#3713=ORIENTED_EDGE('',*,*,#2564,.T.);
#3714=ORIENTED_EDGE('',*,*,#2574,.F.);
#3715=ORIENTED_EDGE('',*,*,#2591,.F.);
#3716=ORIENTED_EDGE('',*,*,#2253,.F.);
#3717=ORIENTED_EDGE('',*,*,#2525,.T.);
#3718=ORIENTED_EDGE('',*,*,#2518,.F.);
#3719=ORIENTED_EDGE('',*,*,#2592,.F.);
#3720=ORIENTED_EDGE('',*,*,#2254,.F.);
#3721=ORIENTED_EDGE('',*,*,#2591,.T.);
#3722=ORIENTED_EDGE('',*,*,#2573,.F.);
#3723=ORIENTED_EDGE('',*,*,#2571,.F.);
#3724=ORIENTED_EDGE('',*,*,#2527,.F.);
#3725=ORIENTED_EDGE('',*,*,#2521,.F.);
#3726=ORIENTED_EDGE('',*,*,#2526,.F.);
#3727=ORIENTED_EDGE('',*,*,#2255,.F.);
#3728=ORIENTED_EDGE('',*,*,#2592,.T.);
#3729=ORIENTED_EDGE('',*,*,#2510,.F.);
#3730=ORIENTED_EDGE('',*,*,#2515,.F.);
#3731=ORIENTED_EDGE('',*,*,#2250,.F.);
#3732=ORIENTED_EDGE('',*,*,#2567,.T.);
#3733=ORIENTED_EDGE('',*,*,#2532,.F.);
#3734=ORIENTED_EDGE('',*,*,#2538,.F.);
#3735=ORIENTED_EDGE('',*,*,#2593,.F.);
#3736=ORIENTED_EDGE('',*,*,#2577,.T.);
#3737=ORIENTED_EDGE('',*,*,#2586,.F.);
#3738=ORIENTED_EDGE('',*,*,#2594,.F.);
#3739=ORIENTED_EDGE('',*,*,#2595,.F.);
#3740=ORIENTED_EDGE('',*,*,#2548,.T.);
#3741=ORIENTED_EDGE('',*,*,#2541,.F.);
#3742=ORIENTED_EDGE('',*,*,#2596,.F.);
#3743=ORIENTED_EDGE('',*,*,#2597,.F.);
#3744=ORIENTED_EDGE('',*,*,#2594,.T.);
#3745=ORIENTED_EDGE('',*,*,#2585,.F.);
#3746=ORIENTED_EDGE('',*,*,#2583,.F.);
#3747=ORIENTED_EDGE('',*,*,#2551,.F.);
#3748=ORIENTED_EDGE('',*,*,#2544,.F.);
#3749=ORIENTED_EDGE('',*,*,#2550,.F.);
#3750=ORIENTED_EDGE('',*,*,#2598,.F.);
#3751=ORIENTED_EDGE('',*,*,#2596,.T.);
#3752=ORIENTED_EDGE('',*,*,#2589,.F.);
#3753=ORIENTED_EDGE('',*,*,#2562,.F.);
#3754=ORIENTED_EDGE('',*,*,#2599,.F.);
#3755=ORIENTED_EDGE('',*,*,#2600,.T.);
#3756=ORIENTED_EDGE('',*,*,#2556,.F.);
#3757=ORIENTED_EDGE('',*,*,#2601,.F.);
#3758=ORIENTED_EDGE('',*,*,#2602,.F.);
#3759=ORIENTED_EDGE('',*,*,#2560,.T.);
#3760=ORIENTED_EDGE('',*,*,#2555,.F.);
#3761=ORIENTED_EDGE('',*,*,#2559,.F.);
#3762=ORIENTED_EDGE('',*,*,#2590,.F.);
#3763=ORIENTED_EDGE('',*,*,#2587,.F.);
#3764=ORIENTED_EDGE('',*,*,#2600,.F.);
#3765=ORIENTED_EDGE('',*,*,#2603,.F.);
#3766=ORIENTED_EDGE('',*,*,#2601,.T.);
#3767=ORIENTED_EDGE('',*,*,#2189,.F.);
#3768=ORIENTED_EDGE('',*,*,#2604,.F.);
#3769=ORIENTED_EDGE('',*,*,#2282,.T.);
#3770=ORIENTED_EDGE('',*,*,#2242,.T.);
#3771=ORIENTED_EDGE('',*,*,#2267,.T.);
#3772=ORIENTED_EDGE('',*,*,#2269,.F.);
#3773=ORIENTED_EDGE('',*,*,#2582,.T.);
#3774=ORIENTED_EDGE('',*,*,#2578,.T.);
#3775=ORIENTED_EDGE('',*,*,#2593,.T.);
#3776=ORIENTED_EDGE('',*,*,#2537,.T.);
#3777=ORIENTED_EDGE('',*,*,#2549,.T.);
#3778=ORIENTED_EDGE('',*,*,#2595,.T.);
#3779=ORIENTED_EDGE('',*,*,#2597,.T.);
#3780=ORIENTED_EDGE('',*,*,#2598,.T.);
#3781=ORIENTED_EDGE('',*,*,#2599,.T.);
#3782=ORIENTED_EDGE('',*,*,#2561,.T.);
#3783=ORIENTED_EDGE('',*,*,#2602,.T.);
#3784=ORIENTED_EDGE('',*,*,#2603,.T.);
#3785=ORIENTED_EDGE('',*,*,#2188,.F.);
#3786=ORIENTED_EDGE('',*,*,#2247,.F.);
#3787=ORIENTED_EDGE('',*,*,#2283,.T.);
#3788=ORIENTED_EDGE('',*,*,#2604,.T.);
#3789=ORIENTED_EDGE('',*,*,#2499,.T.);
#3790=ORIENTED_EDGE('',*,*,#2502,.F.);
#3791=ORIENTED_EDGE('',*,*,#2202,.F.);
#3792=ORIENTED_EDGE('',*,*,#2331,.F.);
#3793=PLANE('',#4204);
#3794=PLANE('',#4205);
#3795=PLANE('',#4206);
#3796=PLANE('',#4207);
#3797=PLANE('',#4208);
#3798=PLANE('',#4209);
#3799=PLANE('',#4210);
#3800=PLANE('',#4211);
#3801=PLANE('',#4212);
#3802=PLANE('',#4213);
#3803=PLANE('',#4214);
#3804=PLANE('',#4215);
#3805=PLANE('',#4216);
#3806=PLANE('',#4217);
#3807=PLANE('',#4218);
#3808=PLANE('',#4219);
#3809=PLANE('',#4220);
#3810=PLANE('',#4221);
#3811=PLANE('',#4222);
#3812=PLANE('',#4223);
#3813=PLANE('',#4224);
#3814=PLANE('',#4225);
#3815=PLANE('',#4226);
#3816=PLANE('',#4227);
#3817=PLANE('',#4228);
#3818=PLANE('',#4229);
#3819=PLANE('',#4230);
#3820=PLANE('',#4231);
#3821=PLANE('',#4232);
#3822=PLANE('',#4233);
#3823=PLANE('',#4234);
#3824=PLANE('',#4235);
#3825=PLANE('',#4236);
#3826=PLANE('',#4237);
#3827=PLANE('',#4238);
#3828=PLANE('',#4239);
#3829=PLANE('',#4240);
#3830=PLANE('',#4241);
#3831=PLANE('',#4242);
#3832=PLANE('',#4243);
#3833=PLANE('',#4244);
#3834=PLANE('',#4245);
#3835=PLANE('',#4246);
#3836=PLANE('',#4247);
#3837=PLANE('',#4248);
#3838=PLANE('',#4249);
#3839=PLANE('',#4250);
#3840=PLANE('',#4251);
#3841=PLANE('',#4252);
#3842=PLANE('',#4253);
#3843=PLANE('',#4254);
#3844=PLANE('',#4255);
#3845=PLANE('',#4257);
#3846=PLANE('',#4261);
#3847=PLANE('',#4269);
#3848=PLANE('',#4270);
#3849=PLANE('',#4271);
#3850=PLANE('',#4273);
#3851=PLANE('',#4274);
#3852=PLANE('',#4275);
#3853=PLANE('',#4276);
#3854=PLANE('',#4277);
#3855=PLANE('',#4278);
#3856=PLANE('',#4279);
#3857=PLANE('',#4280);
#3858=PLANE('',#4281);
#3859=PLANE('',#4282);
#3860=PLANE('',#4283);
#3861=PLANE('',#4284);
#3862=PLANE('',#4285);
#3863=PLANE('',#4286);
#3864=PLANE('',#4287);
#3865=PLANE('',#4288);
#3866=PLANE('',#4289);
#3867=PLANE('',#4290);
#3868=PLANE('',#4291);
#3869=PLANE('',#4292);
#3870=PLANE('',#4293);
#3871=PLANE('',#4294);
#3872=PLANE('',#4295);
#3873=PLANE('',#4296);
#3874=PLANE('',#4297);
#3875=PLANE('',#4298);
#3876=PLANE('',#4299);
#3877=PLANE('',#4300);
#3878=PLANE('',#4302);
#3879=PLANE('',#4305);
#3880=PLANE('',#4307);
#3881=PLANE('',#4309);
#3882=PLANE('',#4312);
#3883=PLANE('',#4315);
#3884=PLANE('',#4317);
#3885=PLANE('',#4321);
#3886=PLANE('',#4328);
#3887=PLANE('',#4329);
#3888=PLANE('',#4336);
#3889=PLANE('',#4337);
#3890=PLANE('',#4344);
#3891=PLANE('',#4352);
#3892=PLANE('',#4359);
#3893=PLANE('',#4366);
#3894=PLANE('',#4373);
#3895=PLANE('',#4374);
#3896=PLANE('',#4375);
#3897=PLANE('',#4376);
#3898=PLANE('',#4377);
#3899=PLANE('',#4378);
#3900=PLANE('',#4379);
#3901=PLANE('',#4380);
#3902=PLANE('',#4381);
#3903=PLANE('',#4382);
#3904=PLANE('',#4383);
#3905=PLANE('',#4384);
#3906=PLANE('',#4385);
#3907=PLANE('',#4386);
#3908=PLANE('',#4387);
#3909=PLANE('',#4388);
#3910=PLANE('',#4389);
#3911=PLANE('',#4390);
#3912=PLANE('',#4391);
#3913=PLANE('',#4392);
#3914=PLANE('',#4393);
#3915=PLANE('',#4394);
#3916=PLANE('',#4395);
#3917=PLANE('',#4396);
#3918=PLANE('',#4397);
#3919=PLANE('',#4398);
#3920=PLANE('',#4399);
#3921=PLANE('',#4400);
#3922=PLANE('',#4401);
#3923=PLANE('',#4402);
#3924=PLANE('',#4403);
#3925=PLANE('',#4404);
#3926=PLANE('',#4405);
#3927=PLANE('',#4406);
#3928=PLANE('',#4407);
#3929=PLANE('',#4408);
#3930=PLANE('',#4409);
#3931=PLANE('',#4410);
#3932=PLANE('',#4411);
#3933=PLANE('',#4412);
#3934=PLANE('',#4413);
#3935=PLANE('',#4414);
#3936=PLANE('',#4415);
#3937=PLANE('',#4416);
#3938=PLANE('',#4417);
#3939=PLANE('',#4418);
#3940=PLANE('',#4419);
#3941=PLANE('',#4420);
#3942=PLANE('',#4424);
#3943=PLANE('',#4425);
#3944=PLANE('',#4429);
#3945=PLANE('',#4430);
#3946=PLANE('',#4434);
#3947=PLANE('',#4435);
#3948=PLANE('',#4439);
#3949=PLANE('',#4440);
#3950=PLANE('',#4444);
#3951=PLANE('',#4445);
#3952=PLANE('',#4446);
#3953=PLANE('',#4447);
#3954=PLANE('',#4448);
#3955=PLANE('',#4449);
#3956=PLANE('',#4450);
#3957=PLANE('',#4451);
#3958=PLANE('',#4452);
#3959=PLANE('',#4453);
#3960=PLANE('',#4454);
#3961=PLANE('',#4455);
#3962=PLANE('',#4456);
#3963=PLANE('',#4457);
#3964=PLANE('',#4458);
#3965=PLANE('',#4459);
#3966=PLANE('',#4460);
#3967=PLANE('',#4461);
#3968=PLANE('',#4462);
#3969=PLANE('',#4463);
#3970=PLANE('',#4464);
#3971=PLANE('',#4465);
#3972=PLANE('',#4466);
#3973=PLANE('',#4467);
#3974=PLANE('',#4468);
#3975=PLANE('',#4469);
#3976=PLANE('',#4470);
#3977=PLANE('',#4471);
#3978=PLANE('',#4472);
#3979=PLANE('',#4473);
#3980=ADVANCED_FACE('',(#117),#3793,.T.);
#3981=ADVANCED_FACE('',(#118),#3794,.T.);
#3982=ADVANCED_FACE('',(#119),#3795,.T.);
#3983=ADVANCED_FACE('',(#120),#3796,.T.);
#3984=ADVANCED_FACE('',(#121),#3797,.T.);
#3985=ADVANCED_FACE('',(#122),#3798,.T.);
#3986=ADVANCED_FACE('',(#123),#3799,.T.);
#3987=ADVANCED_FACE('',(#124),#3800,.T.);
#3988=ADVANCED_FACE('',(#125),#3801,.T.);
#3989=ADVANCED_FACE('',(#126),#3802,.T.);
#3990=ADVANCED_FACE('',(#127),#3803,.T.);
#3991=ADVANCED_FACE('',(#128),#3804,.T.);
#3992=ADVANCED_FACE('',(#129),#3805,.T.);
#3993=ADVANCED_FACE('',(#130),#3806,.T.);
#3994=ADVANCED_FACE('',(#131),#3807,.T.);
#3995=ADVANCED_FACE('',(#132),#3808,.T.);
#3996=ADVANCED_FACE('',(#133),#3809,.F.);
#3997=ADVANCED_FACE('',(#134),#3810,.F.);
#3998=ADVANCED_FACE('',(#135),#3811,.F.);
#3999=ADVANCED_FACE('',(#136),#3812,.F.);
#4000=ADVANCED_FACE('',(#137),#3813,.F.);
#4001=ADVANCED_FACE('',(#138),#3814,.T.);
#4002=ADVANCED_FACE('',(#139),#3815,.T.);
#4003=ADVANCED_FACE('',(#140),#3816,.T.);
#4004=ADVANCED_FACE('',(#141),#3817,.T.);
#4005=ADVANCED_FACE('',(#142),#3818,.T.);
#4006=ADVANCED_FACE('',(#143),#3819,.F.);
#4007=ADVANCED_FACE('',(#144),#3820,.F.);
#4008=ADVANCED_FACE('',(#145),#3821,.F.);
#4009=ADVANCED_FACE('',(#146),#3822,.F.);
#4010=ADVANCED_FACE('',(#147),#3823,.F.);
#4011=ADVANCED_FACE('',(#148),#3824,.F.);
#4012=ADVANCED_FACE('',(#149),#3825,.F.);
#4013=ADVANCED_FACE('',(#150),#3826,.F.);
#4014=ADVANCED_FACE('',(#151),#3827,.F.);
#4015=ADVANCED_FACE('',(#152),#3828,.F.);
#4016=ADVANCED_FACE('',(#153),#3829,.F.);
#4017=ADVANCED_FACE('',(#154),#3830,.F.);
#4018=ADVANCED_FACE('',(#155),#3831,.F.);
#4019=ADVANCED_FACE('',(#156),#3832,.F.);
#4020=ADVANCED_FACE('',(#157),#3833,.F.);
#4021=ADVANCED_FACE('',(#158),#3834,.F.);
#4022=ADVANCED_FACE('',(#159),#3835,.F.);
#4023=ADVANCED_FACE('',(#160),#3836,.F.);
#4024=ADVANCED_FACE('',(#161),#3837,.F.);
#4025=ADVANCED_FACE('',(#162),#3838,.F.);
#4026=ADVANCED_FACE('',(#163),#3839,.F.);
#4027=ADVANCED_FACE('',(#164),#3840,.F.);
#4028=ADVANCED_FACE('',(#165),#3841,.F.);
#4029=ADVANCED_FACE('',(#166),#3842,.F.);
#4030=ADVANCED_FACE('',(#167),#3843,.F.);
#4031=ADVANCED_FACE('',(#168),#3844,.T.);
#4032=ADVANCED_FACE('',(#169),#3845,.F.);
#4033=ADVANCED_FACE('',(#170),#34,.F.);
#4034=ADVANCED_FACE('',(#171,#15),#3846,.F.);
#4035=ADVANCED_FACE('',(#172),#35,.T.);
#4036=ADVANCED_FACE('',(#173),#3847,.T.);
#4037=ADVANCED_FACE('',(#174,#16),#3848,.F.);
#4038=ADVANCED_FACE('',(#175),#3849,.T.);
#4039=ADVANCED_FACE('',(#176),#36,.F.);
#4040=ADVANCED_FACE('',(#177,#17),#3850,.T.);
#4041=ADVANCED_FACE('',(#178),#3851,.T.);
#4042=ADVANCED_FACE('',(#179),#3852,.T.);
#4043=ADVANCED_FACE('',(#180),#3853,.T.);
#4044=ADVANCED_FACE('',(#181),#3854,.T.);
#4045=ADVANCED_FACE('',(#182),#3855,.T.);
#4046=ADVANCED_FACE('',(#183),#3856,.T.);
#4047=ADVANCED_FACE('',(#184),#3857,.T.);
#4048=ADVANCED_FACE('',(#185),#3858,.T.);
#4049=ADVANCED_FACE('',(#186),#3859,.T.);
#4050=ADVANCED_FACE('',(#187),#3860,.T.);
#4051=ADVANCED_FACE('',(#188),#3861,.T.);
#4052=ADVANCED_FACE('',(#189,#18,#19),#3862,.T.);
#4053=ADVANCED_FACE('',(#190),#3863,.T.);
#4054=ADVANCED_FACE('',(#191),#3864,.T.);
#4055=ADVANCED_FACE('',(#192),#3865,.T.);
#4056=ADVANCED_FACE('',(#193),#3866,.T.);
#4057=ADVANCED_FACE('',(#194),#3867,.T.);
#4058=ADVANCED_FACE('',(#195),#3868,.T.);
#4059=ADVANCED_FACE('',(#196),#3869,.T.);
#4060=ADVANCED_FACE('',(#197),#3870,.T.);
#4061=ADVANCED_FACE('',(#198),#3871,.T.);
#4062=ADVANCED_FACE('',(#199),#3872,.T.);
#4063=ADVANCED_FACE('',(#200),#3873,.T.);
#4064=ADVANCED_FACE('',(#201),#3874,.T.);
#4065=ADVANCED_FACE('',(#202),#3875,.T.);
#4066=ADVANCED_FACE('',(#203),#3876,.F.);
#4067=ADVANCED_FACE('',(#204),#3877,.T.);
#4068=ADVANCED_FACE('',(#205),#3878,.T.);
#4069=ADVANCED_FACE('',(#206),#3879,.T.);
#4070=ADVANCED_FACE('',(#207),#3880,.T.);
#4071=ADVANCED_FACE('',(#208),#3881,.T.);
#4072=ADVANCED_FACE('',(#209),#3882,.T.);
#4073=ADVANCED_FACE('',(#210),#3883,.T.);
#4074=ADVANCED_FACE('',(#211),#3884,.T.);
#4075=ADVANCED_FACE('',(#212),#37,.F.);
#4076=ADVANCED_FACE('',(#213),#3885,.T.);
#4077=ADVANCED_FACE('',(#214),#38,.F.);
#4078=ADVANCED_FACE('',(#215),#39,.T.);
#4079=ADVANCED_FACE('',(#216),#3886,.F.);
#4080=ADVANCED_FACE('',(#217,#20,#21),#3887,.T.);
#4081=ADVANCED_FACE('',(#218),#40,.F.);
#4082=ADVANCED_FACE('',(#219),#41,.T.);
#4083=ADVANCED_FACE('',(#220),#3888,.F.);
#4084=ADVANCED_FACE('',(#221),#3889,.T.);
#4085=ADVANCED_FACE('',(#222),#42,.T.);
#4086=ADVANCED_FACE('',(#223),#43,.F.);
#4087=ADVANCED_FACE('',(#224),#3890,.F.);
#4088=ADVANCED_FACE('',(#225),#44,.F.);
#4089=ADVANCED_FACE('',(#226),#45,.T.);
#4090=ADVANCED_FACE('',(#227),#3891,.F.);
#4091=ADVANCED_FACE('',(#228),#46,.F.);
#4092=ADVANCED_FACE('',(#229),#47,.T.);
#4093=ADVANCED_FACE('',(#230),#3892,.F.);
#4094=ADVANCED_FACE('',(#231),#48,.T.);
#4095=ADVANCED_FACE('',(#232),#49,.F.);
#4096=ADVANCED_FACE('',(#233),#3893,.F.);
#4097=ADVANCED_FACE('',(#234),#50,.F.);
#4098=ADVANCED_FACE('',(#235),#51,.T.);
#4099=ADVANCED_FACE('',(#236),#3894,.F.);
#4100=ADVANCED_FACE('',(#237),#3895,.F.);
#4101=ADVANCED_FACE('',(#238),#3896,.F.);
#4102=ADVANCED_FACE('',(#239),#3897,.F.);
#4103=ADVANCED_FACE('',(#240),#3898,.F.);
#4104=ADVANCED_FACE('',(#241),#3899,.T.);
#4105=ADVANCED_FACE('',(#242),#3900,.T.);
#4106=ADVANCED_FACE('',(#243),#3901,.T.);
#4107=ADVANCED_FACE('',(#244),#3902,.T.);
#4108=ADVANCED_FACE('',(#245),#3903,.T.);
#4109=ADVANCED_FACE('',(#246),#3904,.T.);
#4110=ADVANCED_FACE('',(#247),#3905,.T.);
#4111=ADVANCED_FACE('',(#248),#3906,.T.);
#4112=ADVANCED_FACE('',(#249),#3907,.T.);
#4113=ADVANCED_FACE('',(#250),#3908,.T.);
#4114=ADVANCED_FACE('',(#251),#3909,.T.);
#4115=ADVANCED_FACE('',(#252),#3910,.T.);
#4116=ADVANCED_FACE('',(#253),#3911,.T.);
#4117=ADVANCED_FACE('',(#254),#3912,.T.);
#4118=ADVANCED_FACE('',(#255),#3913,.F.);
#4119=ADVANCED_FACE('',(#256),#3914,.F.);
#4120=ADVANCED_FACE('',(#257),#3915,.F.);
#4121=ADVANCED_FACE('',(#258),#3916,.F.);
#4122=ADVANCED_FACE('',(#259),#3917,.T.);
#4123=ADVANCED_FACE('',(#260),#3918,.T.);
#4124=ADVANCED_FACE('',(#261),#3919,.T.);
#4125=ADVANCED_FACE('',(#262),#3920,.T.);
#4126=ADVANCED_FACE('',(#263),#3921,.T.);
#4127=ADVANCED_FACE('',(#264),#3922,.T.);
#4128=ADVANCED_FACE('',(#265),#3923,.T.);
#4129=ADVANCED_FACE('',(#266),#3924,.T.);
#4130=ADVANCED_FACE('',(#267),#3925,.T.);
#4131=ADVANCED_FACE('',(#268),#3926,.T.);
#4132=ADVANCED_FACE('',(#269),#3927,.T.);
#4133=ADVANCED_FACE('',(#270),#3928,.T.);
#4134=ADVANCED_FACE('',(#271),#3929,.T.);
#4135=ADVANCED_FACE('',(#272),#3930,.T.);
#4136=ADVANCED_FACE('',(#273),#3931,.F.);
#4137=ADVANCED_FACE('',(#274),#3932,.F.);
#4138=ADVANCED_FACE('',(#275),#3933,.F.);
#4139=ADVANCED_FACE('',(#276),#3934,.T.);
#4140=ADVANCED_FACE('',(#277),#3935,.T.);
#4141=ADVANCED_FACE('',(#278),#3936,.T.);
#4142=ADVANCED_FACE('',(#279),#3937,.T.);
#4143=ADVANCED_FACE('',(#280),#3938,.T.);
#4144=ADVANCED_FACE('',(#281),#3939,.T.);
#4145=ADVANCED_FACE('',(#282),#3940,.T.);
#4146=ADVANCED_FACE('',(#283,#22,#23,#24,#25,#26,#27,#28,#29,#30),#3941,
 .T.);
#4147=ADVANCED_FACE('',(#284),#52,.T.);
#4148=ADVANCED_FACE('',(#285),#3942,.T.);
#4149=ADVANCED_FACE('',(#286),#3943,.T.);
#4150=ADVANCED_FACE('',(#287),#53,.T.);
#4151=ADVANCED_FACE('',(#288),#3944,.T.);
#4152=ADVANCED_FACE('',(#289),#3945,.T.);
#4153=ADVANCED_FACE('',(#290),#54,.T.);
#4154=ADVANCED_FACE('',(#291),#3946,.T.);
#4155=ADVANCED_FACE('',(#292),#3947,.T.);
#4156=ADVANCED_FACE('',(#293),#55,.T.);
#4157=ADVANCED_FACE('',(#294),#3948,.T.);
#4158=ADVANCED_FACE('',(#295),#3949,.T.);
#4159=ADVANCED_FACE('',(#296),#56,.T.);
#4160=ADVANCED_FACE('',(#297),#3950,.T.);
#4161=ADVANCED_FACE('',(#298),#3951,.T.);
#4162=ADVANCED_FACE('',(#299),#3952,.T.);
#4163=ADVANCED_FACE('',(#300),#3953,.T.);
#4164=ADVANCED_FACE('',(#301),#3954,.T.);
#4165=ADVANCED_FACE('',(#302),#3955,.T.);
#4166=ADVANCED_FACE('',(#303),#3956,.T.);
#4167=ADVANCED_FACE('',(#304),#3957,.T.);
#4168=ADVANCED_FACE('',(#305),#3958,.T.);
#4169=ADVANCED_FACE('',(#306),#3959,.T.);
#4170=ADVANCED_FACE('',(#307),#3960,.T.);
#4171=ADVANCED_FACE('',(#308),#3961,.T.);
#4172=ADVANCED_FACE('',(#309),#3962,.T.);
#4173=ADVANCED_FACE('',(#310),#3963,.T.);
#4174=ADVANCED_FACE('',(#311),#3964,.T.);
#4175=ADVANCED_FACE('',(#312),#3965,.T.);
#4176=ADVANCED_FACE('',(#313),#3966,.T.);
#4177=ADVANCED_FACE('',(#314),#3967,.T.);
#4178=ADVANCED_FACE('',(#315),#3968,.T.);
#4179=ADVANCED_FACE('',(#316),#3969,.T.);
#4180=ADVANCED_FACE('',(#317),#3970,.T.);
#4181=ADVANCED_FACE('',(#318),#3971,.T.);
#4182=ADVANCED_FACE('',(#319),#3972,.T.);
#4183=ADVANCED_FACE('',(#320),#3973,.T.);
#4184=ADVANCED_FACE('',(#321),#3974,.T.);
#4185=ADVANCED_FACE('',(#322),#3975,.T.);
#4186=ADVANCED_FACE('',(#323),#3976,.T.);
#4187=ADVANCED_FACE('',(#324,#31,#32,#33),#3977,.T.);
#4188=ADVANCED_FACE('',(#325),#3978,.T.);
#4189=ADVANCED_FACE('',(#326),#3979,.T.);
#4190=CLOSED_SHELL('',(#3980,#3981,#3982,#3983,#3984,#3985,#3986,#3987,
#3988,#3989,#3990,#3991,#3992,#3993,#3994,#3995,#3996,#3997,#3998,#3999,
#4000,#4001,#4002,#4003,#4004,#4005,#4006,#4007,#4008,#4009,#4010,#4011,
#4012,#4013,#4014,#4015,#4016,#4017,#4018,#4019,#4020,#4021,#4022,#4023,
#4024,#4025,#4026,#4027,#4028,#4029,#4030,#4031,#4032,#4033,#4034,#4035,
#4036,#4037,#4038,#4039,#4040,#4041,#4042,#4043,#4044,#4045,#4046,#4047,
#4048,#4049,#4050,#4051,#4052,#4053,#4054,#4055,#4056,#4057,#4058,#4059,
#4060,#4061,#4062,#4063,#4064,#4065,#4066,#4067,#4068,#4069,#4070,#4071,
#4072,#4073,#4074,#4075,#4076,#4077,#4078,#4079,#4080,#4081,#4082,#4083,
#4084,#4085,#4086,#4087,#4088,#4089,#4090,#4091,#4092,#4093,#4094,#4095,
#4096,#4097,#4098,#4099,#4100,#4101,#4102,#4103,#4104,#4105,#4106,#4107,
#4108,#4109,#4110,#4111,#4112,#4113,#4114,#4115,#4116,#4117,#4118,#4119,
#4120,#4121,#4122,#4123,#4124,#4125,#4126,#4127,#4128,#4129,#4130,#4131,
#4132,#4133,#4134,#4135,#4136,#4137,#4138,#4139,#4140,#4141,#4142,#4143,
#4144,#4145,#4146,#4147,#4148,#4149,#4150,#4151,#4152,#4153,#4154,#4155,
#4156,#4157,#4158,#4159,#4160,#4161,#4162,#4163,#4164,#4165,#4166,#4167,
#4168,#4169,#4170,#4171,#4172,#4173,#4174,#4175,#4176,#4177,#4178,#4179,
#4180,#4181,#4182,#4183,#4184,#4185,#4186,#4187,#4188,#4189));
#4191=DERIVED_UNIT_ELEMENT(#4193,1.);
#4192=DERIVED_UNIT_ELEMENT(#6747,-3.);
#4193=(
MASS_UNIT()
NAMED_UNIT(*)
SI_UNIT(.KILO.,.GRAM.)
);
#4194=DERIVED_UNIT((#4191,#4192));
#4195=MEASURE_REPRESENTATION_ITEM('density measure',
POSITIVE_RATIO_MEASURE(7850.),#4194);
#4196=PROPERTY_DEFINITION_REPRESENTATION(#4201,#4198);
#4197=PROPERTY_DEFINITION_REPRESENTATION(#4202,#4199);
#4198=REPRESENTATION('material name',(#4200),#6744);
#4199=REPRESENTATION('density',(#4195),#6744);
#4200=DESCRIPTIVE_REPRESENTATION_ITEM('Steel','Steel');
#4201=PROPERTY_DEFINITION('material property','material name',#6754);
#4202=PROPERTY_DEFINITION('material property','density of part',#6754);
#4203=AXIS2_PLACEMENT_3D('',#5550,#4474,#4475);
#4204=AXIS2_PLACEMENT_3D('',#5551,#4476,#4477);
#4205=AXIS2_PLACEMENT_3D('',#5560,#4482,#4483);
#4206=AXIS2_PLACEMENT_3D('',#5566,#4487,#4488);
#4207=AXIS2_PLACEMENT_3D('',#5572,#4492,#4493);
#4208=AXIS2_PLACEMENT_3D('',#5581,#4498,#4499);
#4209=AXIS2_PLACEMENT_3D('',#5587,#4503,#4504);
#4210=AXIS2_PLACEMENT_3D('',#5593,#4508,#4509);
#4211=AXIS2_PLACEMENT_3D('',#5602,#4514,#4515);
#4212=AXIS2_PLACEMENT_3D('',#5608,#4519,#4520);
#4213=AXIS2_PLACEMENT_3D('',#5614,#4524,#4525);
#4214=AXIS2_PLACEMENT_3D('',#5623,#4530,#4531);
#4215=AXIS2_PLACEMENT_3D('',#5629,#4535,#4536);
#4216=AXIS2_PLACEMENT_3D('',#5635,#4540,#4541);
#4217=AXIS2_PLACEMENT_3D('',#5644,#4546,#4547);
#4218=AXIS2_PLACEMENT_3D('',#5650,#4551,#4552);
#4219=AXIS2_PLACEMENT_3D('',#5656,#4556,#4557);
#4220=AXIS2_PLACEMENT_3D('',#5690,#4577,#4578);
#4221=AXIS2_PLACEMENT_3D('',#5696,#4582,#4583);
#4222=AXIS2_PLACEMENT_3D('',#5702,#4587,#4588);
#4223=AXIS2_PLACEMENT_3D('',#5708,#4592,#4593);
#4224=AXIS2_PLACEMENT_3D('',#5714,#4597,#4598);
#4225=AXIS2_PLACEMENT_3D('',#5720,#4602,#4603);
#4226=AXIS2_PLACEMENT_3D('',#5726,#4607,#4608);
#4227=AXIS2_PLACEMENT_3D('',#5732,#4612,#4613);
#4228=AXIS2_PLACEMENT_3D('',#5738,#4617,#4618);
#4229=AXIS2_PLACEMENT_3D('',#5744,#4622,#4623);
#4230=AXIS2_PLACEMENT_3D('',#5750,#4627,#4628);
#4231=AXIS2_PLACEMENT_3D('',#5756,#4632,#4633);
#4232=AXIS2_PLACEMENT_3D('',#5762,#4637,#4638);
#4233=AXIS2_PLACEMENT_3D('',#5768,#4642,#4643);
#4234=AXIS2_PLACEMENT_3D('',#5773,#4647,#4648);
#4235=AXIS2_PLACEMENT_3D('',#5774,#4649,#4650);
#4236=AXIS2_PLACEMENT_3D('',#5782,#4655,#4656);
#4237=AXIS2_PLACEMENT_3D('',#5788,#4660,#4661);
#4238=AXIS2_PLACEMENT_3D('',#5794,#4665,#4666);
#4239=AXIS2_PLACEMENT_3D('',#5797,#4669,#4670);
#4240=AXIS2_PLACEMENT_3D('',#5798,#4671,#4672);
#4241=AXIS2_PLACEMENT_3D('',#5804,#4676,#4677);
#4242=AXIS2_PLACEMENT_3D('',#5810,#4681,#4682);
#4243=AXIS2_PLACEMENT_3D('',#5816,#4686,#4687);
#4244=AXIS2_PLACEMENT_3D('',#5819,#4690,#4691);
#4245=AXIS2_PLACEMENT_3D('',#5820,#4692,#4693);
#4246=AXIS2_PLACEMENT_3D('',#5826,#4697,#4698);
#4247=AXIS2_PLACEMENT_3D('',#5832,#4702,#4703);
#4248=AXIS2_PLACEMENT_3D('',#5838,#4707,#4708);
#4249=AXIS2_PLACEMENT_3D('',#5841,#4711,#4712);
#4250=AXIS2_PLACEMENT_3D('',#5842,#4713,#4714);
#4251=AXIS2_PLACEMENT_3D('',#5848,#4718,#4719);
#4252=AXIS2_PLACEMENT_3D('',#5854,#4723,#4724);
#4253=AXIS2_PLACEMENT_3D('',#5860,#4728,#4729);
#4254=AXIS2_PLACEMENT_3D('',#5863,#4732,#4733);
#4255=AXIS2_PLACEMENT_3D('',#5864,#4734,#4735);
#4256=AXIS2_PLACEMENT_3D('',#5866,#4736,#4737);
#4257=AXIS2_PLACEMENT_3D('',#5867,#4738,#4739);
#4258=AXIS2_PLACEMENT_3D('',#5869,#4740,#4741);
#4259=AXIS2_PLACEMENT_3D('',#5870,#4742,#4743);
#4260=AXIS2_PLACEMENT_3D('',#5873,#4745,#4746);
#4261=AXIS2_PLACEMENT_3D('',#5874,#4747,#4748);
#4262=AXIS2_PLACEMENT_3D('',#5876,#4749,#4750);
#4263=AXIS2_PLACEMENT_3D('',#5878,#4751,#4752);
#4264=AXIS2_PLACEMENT_3D('',#5879,#4753,#4754);
#4265=AXIS2_PLACEMENT_3D('',#5884,#4756,#4757);
#4266=AXIS2_PLACEMENT_3D('',#5888,#4759,#4760);
#4267=AXIS2_PLACEMENT_3D('',#5891,#4762,#4763);
#4268=AXIS2_PLACEMENT_3D('',#5894,#4765,#4766);
#4269=AXIS2_PLACEMENT_3D('',#5895,#4767,#4768);
#4270=AXIS2_PLACEMENT_3D('',#5901,#4772,#4773);
#4271=AXIS2_PLACEMENT_3D('',#5941,#4794,#4795);
#4272=AXIS2_PLACEMENT_3D('',#5945,#4798,#4799);
#4273=AXIS2_PLACEMENT_3D('',#5947,#4801,#4802);
#4274=AXIS2_PLACEMENT_3D('',#5957,#4808,#4809);
#4275=AXIS2_PLACEMENT_3D('',#5961,#4812,#4813);
#4276=AXIS2_PLACEMENT_3D('',#5973,#4820,#4821);
#4277=AXIS2_PLACEMENT_3D('',#5975,#4823,#4824);
#4278=AXIS2_PLACEMENT_3D('',#5978,#4827,#4828);
#4279=AXIS2_PLACEMENT_3D('',#5980,#4830,#4831);
#4280=AXIS2_PLACEMENT_3D('',#5981,#4832,#4833);
#4281=AXIS2_PLACEMENT_3D('',#5988,#4838,#4839);
#4282=AXIS2_PLACEMENT_3D('',#5997,#4844,#4845);
#4283=AXIS2_PLACEMENT_3D('',#6006,#4850,#4851);
#4284=AXIS2_PLACEMENT_3D('',#6015,#4856,#4857);
#4285=AXIS2_PLACEMENT_3D('',#6028,#4864,#4865);
#4286=AXIS2_PLACEMENT_3D('',#6048,#4876,#4877);
#4287=AXIS2_PLACEMENT_3D('',#6050,#4879,#4880);
#4288=AXIS2_PLACEMENT_3D('',#6056,#4884,#4885);
#4289=AXIS2_PLACEMENT_3D('',#6059,#4888,#4889);
#4290=AXIS2_PLACEMENT_3D('',#6064,#4893,#4894);
#4291=AXIS2_PLACEMENT_3D('',#6070,#4898,#4899);
#4292=AXIS2_PLACEMENT_3D('',#6073,#4902,#4903);
#4293=AXIS2_PLACEMENT_3D('',#6078,#4907,#4908);
#4294=AXIS2_PLACEMENT_3D('',#6084,#4912,#4913);
#4295=AXIS2_PLACEMENT_3D('',#6087,#4916,#4917);
#4296=AXIS2_PLACEMENT_3D('',#6089,#4919,#4920);
#4297=AXIS2_PLACEMENT_3D('',#6091,#4922,#4923);
#4298=AXIS2_PLACEMENT_3D('',#6092,#4924,#4925);
#4299=AXIS2_PLACEMENT_3D('',#6094,#4927,#4928);
#4300=AXIS2_PLACEMENT_3D('',#6099,#4932,#4933);
#4301=AXIS2_PLACEMENT_3D('',#6102,#4934,#4935);
#4302=AXIS2_PLACEMENT_3D('',#6104,#4937,#4938);
#4303=AXIS2_PLACEMENT_3D('',#6107,#4939,#4940);
#4304=AXIS2_PLACEMENT_3D('',#6112,#4943,#4944);
#4305=AXIS2_PLACEMENT_3D('',#6113,#4945,#4946);
#4306=AXIS2_PLACEMENT_3D('',#6116,#4947,#4948);
#4307=AXIS2_PLACEMENT_3D('',#6120,#4951,#4952);
#4308=AXIS2_PLACEMENT_3D('',#6123,#4953,#4954);
#4309=AXIS2_PLACEMENT_3D('',#6127,#4957,#4958);
#4310=AXIS2_PLACEMENT_3D('',#6132,#4960,#4961);
#4311=AXIS2_PLACEMENT_3D('',#6133,#4962,#4963);
#4312=AXIS2_PLACEMENT_3D('',#6134,#4964,#4965);
#4313=AXIS2_PLACEMENT_3D('',#6139,#4967,#4968);
#4314=AXIS2_PLACEMENT_3D('',#6141,#4969,#4970);
#4315=AXIS2_PLACEMENT_3D('',#6143,#4972,#4973);
#4316=AXIS2_PLACEMENT_3D('',#6146,#4974,#4975);
#4317=AXIS2_PLACEMENT_3D('',#6148,#4977,#4978);
#4318=AXIS2_PLACEMENT_3D('',#6172,#4992,#4993);
#4319=AXIS2_PLACEMENT_3D('',#6174,#4994,#4995);
#4320=AXIS2_PLACEMENT_3D('',#6177,#4997,#4998);
#4321=AXIS2_PLACEMENT_3D('',#6178,#4999,#5000);
#4322=AXIS2_PLACEMENT_3D('',#6179,#5001,#5002);
#4323=AXIS2_PLACEMENT_3D('',#6182,#5004,#5005);
#4324=AXIS2_PLACEMENT_3D('',#6183,#5006,#5007);
#4325=AXIS2_PLACEMENT_3D('',#6184,#5008,#5009);
#4326=AXIS2_PLACEMENT_3D('',#6186,#5010,#5011);
#4327=AXIS2_PLACEMENT_3D('',#6188,#5012,#5013);
#4328=AXIS2_PLACEMENT_3D('',#6190,#5015,#5016);
#4329=AXIS2_PLACEMENT_3D('',#6192,#5018,#5019);
#4330=AXIS2_PLACEMENT_3D('',#6250,#5050,#5051);
#4331=AXIS2_PLACEMENT_3D('',#6253,#5053,#5054);
#4332=AXIS2_PLACEMENT_3D('',#6254,#5055,#5056);
#4333=AXIS2_PLACEMENT_3D('',#6255,#5057,#5058);
#4334=AXIS2_PLACEMENT_3D('',#6258,#5059,#5060);
#4335=AXIS2_PLACEMENT_3D('',#6262,#5062,#5063);
#4336=AXIS2_PLACEMENT_3D('',#6264,#5065,#5066);
#4337=AXIS2_PLACEMENT_3D('',#6267,#5069,#5070);
#4338=AXIS2_PLACEMENT_3D('',#6285,#5081,#5082);
#4339=AXIS2_PLACEMENT_3D('',#6288,#5083,#5084);
#4340=AXIS2_PLACEMENT_3D('',#6292,#5086,#5087);
#4341=AXIS2_PLACEMENT_3D('',#6294,#5089,#5090);
#4342=AXIS2_PLACEMENT_3D('',#6297,#5092,#5093);
#4343=AXIS2_PLACEMENT_3D('',#6298,#5094,#5095);
#4344=AXIS2_PLACEMENT_3D('',#6299,#5096,#5097);
#4345=AXIS2_PLACEMENT_3D('',#6302,#5100,#5101);
#4346=AXIS2_PLACEMENT_3D('',#6304,#5102,#5103);
#4347=AXIS2_PLACEMENT_3D('',#6305,#5104,#5105);
#4348=AXIS2_PLACEMENT_3D('',#6308,#5107,#5108);
#4349=AXIS2_PLACEMENT_3D('',#6309,#5109,#5110);
#4350=AXIS2_PLACEMENT_3D('',#6310,#5111,#5112);
#4351=AXIS2_PLACEMENT_3D('',#6311,#5113,#5114);
#4352=AXIS2_PLACEMENT_3D('',#6312,#5115,#5116);
#4353=AXIS2_PLACEMENT_3D('',#6313,#5117,#5118);
#4354=AXIS2_PLACEMENT_3D('',#6314,#5119,#5120);
#4355=AXIS2_PLACEMENT_3D('',#6317,#5122,#5123);
#4356=AXIS2_PLACEMENT_3D('',#6318,#5124,#5125);
#4357=AXIS2_PLACEMENT_3D('',#6319,#5126,#5127);
#4358=AXIS2_PLACEMENT_3D('',#6320,#5128,#5129);
#4359=AXIS2_PLACEMENT_3D('',#6321,#5130,#5131);
#4360=AXIS2_PLACEMENT_3D('',#6322,#5132,#5133);
#4361=AXIS2_PLACEMENT_3D('',#6324,#5134,#5135);
#4362=AXIS2_PLACEMENT_3D('',#6326,#5136,#5137);
#4363=AXIS2_PLACEMENT_3D('',#6328,#5139,#5140);
#4364=AXIS2_PLACEMENT_3D('',#6329,#5141,#5142);
#4365=AXIS2_PLACEMENT_3D('',#6332,#5144,#5145);
#4366=AXIS2_PLACEMENT_3D('',#6333,#5146,#5147);
#4367=AXIS2_PLACEMENT_3D('',#6335,#5149,#5150);
#4368=AXIS2_PLACEMENT_3D('',#6336,#5151,#5152);
#4369=AXIS2_PLACEMENT_3D('',#6339,#5154,#5155);
#4370=AXIS2_PLACEMENT_3D('',#6340,#5156,#5157);
#4371=AXIS2_PLACEMENT_3D('',#6341,#5158,#5159);
#4372=AXIS2_PLACEMENT_3D('',#6342,#5160,#5161);
#4373=AXIS2_PLACEMENT_3D('',#6343,#5162,#5163);
#4374=AXIS2_PLACEMENT_3D('',#6344,#5164,#5165);
#4375=AXIS2_PLACEMENT_3D('',#6353,#5170,#5171);
#4376=AXIS2_PLACEMENT_3D('',#6362,#5176,#5177);
#4377=AXIS2_PLACEMENT_3D('',#6367,#5181,#5182);
#4378=AXIS2_PLACEMENT_3D('',#6372,#5186,#5187);
#4379=AXIS2_PLACEMENT_3D('',#6379,#5192,#5193);
#4380=AXIS2_PLACEMENT_3D('',#6388,#5198,#5199);
#4381=AXIS2_PLACEMENT_3D('',#6394,#5203,#5204);
#4382=AXIS2_PLACEMENT_3D('',#6403,#5209,#5210);
#4383=AXIS2_PLACEMENT_3D('',#6409,#5214,#5215);
#4384=AXIS2_PLACEMENT_3D('',#6415,#5219,#5220);
#4385=AXIS2_PLACEMENT_3D('',#6418,#5223,#5224);
#4386=AXIS2_PLACEMENT_3D('',#6419,#5225,#5226);
#4387=AXIS2_PLACEMENT_3D('',#6422,#5229,#5230);
#4388=AXIS2_PLACEMENT_3D('',#6431,#5235,#5236);
#4389=AXIS2_PLACEMENT_3D('',#6437,#5240,#5241);
#4390=AXIS2_PLACEMENT_3D('',#6443,#5245,#5246);
#4391=AXIS2_PLACEMENT_3D('',#6446,#5249,#5250);
#4392=AXIS2_PLACEMENT_3D('',#6447,#5251,#5252);
#4393=AXIS2_PLACEMENT_3D('',#6456,#5257,#5258);
#4394=AXIS2_PLACEMENT_3D('',#6459,#5261,#5262);
#4395=AXIS2_PLACEMENT_3D('',#6461,#5264,#5265);
#4396=AXIS2_PLACEMENT_3D('',#6463,#5267,#5268);
#4397=AXIS2_PLACEMENT_3D('',#6468,#5272,#5273);
#4398=AXIS2_PLACEMENT_3D('',#6470,#5275,#5276);
#4399=AXIS2_PLACEMENT_3D('',#6474,#5279,#5280);
#4400=AXIS2_PLACEMENT_3D('',#6476,#5282,#5283);
#4401=AXIS2_PLACEMENT_3D('',#6482,#5287,#5288);
#4402=AXIS2_PLACEMENT_3D('',#6484,#5290,#5291);
#4403=AXIS2_PLACEMENT_3D('',#6486,#5293,#5294);
#4404=AXIS2_PLACEMENT_3D('',#6487,#5295,#5296);
#4405=AXIS2_PLACEMENT_3D('',#6491,#5299,#5300);
#4406=AXIS2_PLACEMENT_3D('',#6495,#5303,#5304);
#4407=AXIS2_PLACEMENT_3D('',#6499,#5308,#5309);
#4408=AXIS2_PLACEMENT_3D('',#6501,#5311,#5312);
#4409=AXIS2_PLACEMENT_3D('',#6503,#5314,#5315);
#4410=AXIS2_PLACEMENT_3D('',#6504,#5316,#5317);
#4411=AXIS2_PLACEMENT_3D('',#6510,#5321,#5322);
#4412=AXIS2_PLACEMENT_3D('',#6516,#5326,#5327);
#4413=AXIS2_PLACEMENT_3D('',#6519,#5330,#5331);
#4414=AXIS2_PLACEMENT_3D('',#6525,#5335,#5336);
#4415=AXIS2_PLACEMENT_3D('',#6527,#5338,#5339);
#4416=AXIS2_PLACEMENT_3D('',#6530,#5342,#5343);
#4417=AXIS2_PLACEMENT_3D('',#6533,#5346,#5347);
#4418=AXIS2_PLACEMENT_3D('',#6534,#5348,#5349);
#4419=AXIS2_PLACEMENT_3D('',#6536,#5351,#5352);
#4420=AXIS2_PLACEMENT_3D('',#6538,#5354,#5355);
#4421=AXIS2_PLACEMENT_3D('',#6539,#5356,#5357);
#4422=AXIS2_PLACEMENT_3D('',#6542,#5358,#5359);
#4423=AXIS2_PLACEMENT_3D('',#6546,#5361,#5362);
#4424=AXIS2_PLACEMENT_3D('',#6548,#5364,#5365);
#4425=AXIS2_PLACEMENT_3D('',#6557,#5371,#5372);
#4426=AXIS2_PLACEMENT_3D('',#6561,#5375,#5376);
#4427=AXIS2_PLACEMENT_3D('',#6564,#5377,#5378);
#4428=AXIS2_PLACEMENT_3D('',#6568,#5380,#5381);
#4429=AXIS2_PLACEMENT_3D('',#6570,#5383,#5384);
#4430=AXIS2_PLACEMENT_3D('',#6579,#5390,#5391);
#4431=AXIS2_PLACEMENT_3D('',#6583,#5394,#5395);
#4432=AXIS2_PLACEMENT_3D('',#6586,#5396,#5397);
#4433=AXIS2_PLACEMENT_3D('',#6590,#5399,#5400);
#4434=AXIS2_PLACEMENT_3D('',#6592,#5402,#5403);
#4435=AXIS2_PLACEMENT_3D('',#6604,#5410,#5411);
#4436=AXIS2_PLACEMENT_3D('',#6608,#5414,#5415);
#4437=AXIS2_PLACEMENT_3D('',#6611,#5416,#5417);
#4438=AXIS2_PLACEMENT_3D('',#6615,#5419,#5420);
#4439=AXIS2_PLACEMENT_3D('',#6617,#5422,#5423);
#4440=AXIS2_PLACEMENT_3D('',#6629,#5430,#5431);
#4441=AXIS2_PLACEMENT_3D('',#6633,#5434,#5435);
#4442=AXIS2_PLACEMENT_3D('',#6636,#5436,#5437);
#4443=AXIS2_PLACEMENT_3D('',#6640,#5439,#5440);
#4444=AXIS2_PLACEMENT_3D('',#6642,#5442,#5443);
#4445=AXIS2_PLACEMENT_3D('',#6648,#5447,#5448);
#4446=AXIS2_PLACEMENT_3D('',#6658,#5454,#5455);
#4447=AXIS2_PLACEMENT_3D('',#6662,#5458,#5459);
#4448=AXIS2_PLACEMENT_3D('',#6667,#5463,#5464);
#4449=AXIS2_PLACEMENT_3D('',#6669,#5466,#5467);
#4450=AXIS2_PLACEMENT_3D('',#6670,#5468,#5469);
#4451=AXIS2_PLACEMENT_3D('',#6674,#5472,#5473);
#4452=AXIS2_PLACEMENT_3D('',#6678,#5476,#5477);
#4453=AXIS2_PLACEMENT_3D('',#6682,#5480,#5481);
#4454=AXIS2_PLACEMENT_3D('',#6690,#5486,#5487);
#4455=AXIS2_PLACEMENT_3D('',#6692,#5489,#5490);
#4456=AXIS2_PLACEMENT_3D('',#6694,#5492,#5493);
#4457=AXIS2_PLACEMENT_3D('',#6698,#5496,#5497);
#4458=AXIS2_PLACEMENT_3D('',#6702,#5500,#5501);
#4459=AXIS2_PLACEMENT_3D('',#6708,#5505,#5506);
#4460=AXIS2_PLACEMENT_3D('',#6710,#5508,#5509);
#4461=AXIS2_PLACEMENT_3D('',#6712,#5511,#5512);
#4462=AXIS2_PLACEMENT_3D('',#6714,#5514,#5515);
#4463=AXIS2_PLACEMENT_3D('',#6715,#5516,#5517);
#4464=AXIS2_PLACEMENT_3D('',#6716,#5518,#5519);
#4465=AXIS2_PLACEMENT_3D('',#6718,#5521,#5522);
#4466=AXIS2_PLACEMENT_3D('',#6722,#5525,#5526);
#4467=AXIS2_PLACEMENT_3D('',#6726,#5529,#5530);
#4468=AXIS2_PLACEMENT_3D('',#6728,#5532,#5533);
#4469=AXIS2_PLACEMENT_3D('',#6732,#5536,#5537);
#4470=AXIS2_PLACEMENT_3D('',#6736,#5540,#5541);
#4471=AXIS2_PLACEMENT_3D('',#6738,#5543,#5544);
#4472=AXIS2_PLACEMENT_3D('',#6740,#5546,#5547);
#4473=AXIS2_PLACEMENT_3D('',#6741,#5548,#5549);
#4474=DIRECTION('axis',(0.,0.,1.));
#4475=DIRECTION('refdir',(1.,0.,0.));
#4476=DIRECTION('center_axis',(-1.,0.,0.));
#4477=DIRECTION('ref_axis',(0.,0.,-1.));
#4478=DIRECTION('',(0.,0.,1.));
#4479=DIRECTION('',(0.,-1.,0.));
#4480=DIRECTION('',(0.,0.,-1.));
#4481=DIRECTION('',(0.,-1.,0.));
#4482=DIRECTION('center_axis',(-0.707106781186546,0.,-0.707106781186549));
#4483=DIRECTION('ref_axis',(0.707106781186549,0.,-0.707106781186546));
#4484=DIRECTION('',(-0.707106781186549,0.,0.707106781186546));
#4485=DIRECTION('',(0.707106781186549,0.,-0.707106781186546));
#4486=DIRECTION('',(0.,-1.,0.));
#4487=DIRECTION('center_axis',(0.,1.,0.));
#4488=DIRECTION('ref_axis',(0.,0.,1.));
#4489=DIRECTION('',(1.,0.,0.));
#4490=DIRECTION('',(-1.,0.,0.));
#4491=DIRECTION('',(0.,0.,-1.));
#4492=DIRECTION('center_axis',(-1.,0.,0.));
#4493=DIRECTION('ref_axis',(0.,0.,-1.));
#4494=DIRECTION('',(0.,0.,1.));
#4495=DIRECTION('',(0.,-1.,0.));
#4496=DIRECTION('',(0.,0.,-1.));
#4497=DIRECTION('',(0.,-1.,0.));
#4498=DIRECTION('center_axis',(-0.707106781186546,0.,-0.707106781186549));
#4499=DIRECTION('ref_axis',(0.707106781186549,0.,-0.707106781186546));
#4500=DIRECTION('',(-0.707106781186549,0.,0.707106781186546));
#4501=DIRECTION('',(0.707106781186549,0.,-0.707106781186546));
#4502=DIRECTION('',(0.,-1.,0.));
#4503=DIRECTION('center_axis',(0.,1.,0.));
#4504=DIRECTION('ref_axis',(0.,0.,1.));
#4505=DIRECTION('',(1.,0.,0.));
#4506=DIRECTION('',(-1.,0.,0.));
#4507=DIRECTION('',(0.,0.,-1.));
#4508=DIRECTION('center_axis',(-1.,0.,0.));
#4509=DIRECTION('ref_axis',(0.,0.,-1.));
#4510=DIRECTION('',(0.,0.,1.));
#4511=DIRECTION('',(0.,-1.,0.));
#4512=DIRECTION('',(0.,0.,-1.));
#4513=DIRECTION('',(0.,-1.,0.));
#4514=DIRECTION('center_axis',(-0.707106781186546,0.,-0.707106781186549));
#4515=DIRECTION('ref_axis',(0.707106781186549,0.,-0.707106781186546));
#4516=DIRECTION('',(-0.707106781186549,0.,0.707106781186546));
#4517=DIRECTION('',(0.707106781186549,0.,-0.707106781186546));
#4518=DIRECTION('',(0.,-1.,0.));
#4519=DIRECTION('center_axis',(0.,1.,0.));
#4520=DIRECTION('ref_axis',(0.,0.,1.));
#4521=DIRECTION('',(1.,0.,0.));
#4522=DIRECTION('',(-1.,0.,0.));
#4523=DIRECTION('',(0.,0.,-1.));
#4524=DIRECTION('center_axis',(-1.,0.,0.));
#4525=DIRECTION('ref_axis',(0.,0.,-1.));
#4526=DIRECTION('',(0.,0.,1.));
#4527=DIRECTION('',(0.,-1.,0.));
#4528=DIRECTION('',(0.,0.,-1.));
#4529=DIRECTION('',(0.,-1.,0.));
#4530=DIRECTION('center_axis',(-0.707106781186546,0.,-0.707106781186549));
#4531=DIRECTION('ref_axis',(0.707106781186549,0.,-0.707106781186546));
#4532=DIRECTION('',(-0.707106781186549,0.,0.707106781186546));
#4533=DIRECTION('',(0.707106781186549,0.,-0.707106781186546));
#4534=DIRECTION('',(0.,-1.,0.));
#4535=DIRECTION('center_axis',(0.,1.,0.));
#4536=DIRECTION('ref_axis',(0.,0.,1.));
#4537=DIRECTION('',(1.,0.,0.));
#4538=DIRECTION('',(-1.,0.,0.));
#4539=DIRECTION('',(0.,0.,-1.));
#4540=DIRECTION('center_axis',(-1.,0.,0.));
#4541=DIRECTION('ref_axis',(0.,0.,-1.));
#4542=DIRECTION('',(0.,0.,1.));
#4543=DIRECTION('',(0.,-1.,0.));
#4544=DIRECTION('',(0.,0.,-1.));
#4545=DIRECTION('',(0.,-1.,0.));
#4546=DIRECTION('center_axis',(-0.707106781186546,0.,-0.707106781186549));
#4547=DIRECTION('ref_axis',(0.707106781186549,0.,-0.707106781186546));
#4548=DIRECTION('',(-0.707106781186549,0.,0.707106781186546));
#4549=DIRECTION('',(0.707106781186549,0.,-0.707106781186546));
#4550=DIRECTION('',(0.,-1.,0.));
#4551=DIRECTION('center_axis',(0.,1.,0.));
#4552=DIRECTION('ref_axis',(0.,0.,1.));
#4553=DIRECTION('',(1.,0.,0.));
#4554=DIRECTION('',(-1.,0.,0.));
#4555=DIRECTION('',(0.,0.,-1.));
#4556=DIRECTION('center_axis',(0.,1.,0.));
#4557=DIRECTION('ref_axis',(1.,0.,0.));
#4558=DIRECTION('',(1.,0.,0.));
#4559=DIRECTION('',(-1.,0.,0.));
#4560=DIRECTION('',(0.,0.,-1.));
#4561=DIRECTION('',(1.,0.,0.));
#4562=DIRECTION('',(-1.,0.,0.));
#4563=DIRECTION('',(0.,0.,-1.));
#4564=DIRECTION('',(1.,0.,0.));
#4565=DIRECTION('',(-1.,0.,0.));
#4566=DIRECTION('',(0.,0.,-1.));
#4567=DIRECTION('',(1.,0.,0.));
#4568=DIRECTION('',(-1.,0.,0.));
#4569=DIRECTION('',(0.,0.,-1.));
#4570=DIRECTION('',(1.,0.,0.));
#4571=DIRECTION('',(-1.,0.,0.));
#4572=DIRECTION('',(0.,0.,-1.));
#4573=DIRECTION('',(-1.,0.,0.));
#4574=DIRECTION('',(0.,0.,-1.));
#4575=DIRECTION('',(1.,0.,0.));
#4576=DIRECTION('',(0.,0.,-1.));
#4577=DIRECTION('center_axis',(1.,0.,0.));
#4578=DIRECTION('ref_axis',(0.,0.,-1.));
#4579=DIRECTION('',(0.,1.,0.));
#4580=DIRECTION('',(0.,0.,1.));
#4581=DIRECTION('',(0.,1.,0.));
#4582=DIRECTION('center_axis',(1.,0.,0.));
#4583=DIRECTION('ref_axis',(0.,0.,-1.));
#4584=DIRECTION('',(0.,1.,0.));
#4585=DIRECTION('',(0.,0.,1.));
#4586=DIRECTION('',(0.,1.,0.));
#4587=DIRECTION('center_axis',(1.,0.,0.));
#4588=DIRECTION('ref_axis',(0.,0.,-1.));
#4589=DIRECTION('',(0.,1.,0.));
#4590=DIRECTION('',(0.,0.,1.));
#4591=DIRECTION('',(0.,1.,0.));
#4592=DIRECTION('center_axis',(1.,0.,0.));
#4593=DIRECTION('ref_axis',(0.,0.,-1.));
#4594=DIRECTION('',(0.,1.,0.));
#4595=DIRECTION('',(0.,0.,1.));
#4596=DIRECTION('',(0.,1.,0.));
#4597=DIRECTION('center_axis',(1.,0.,0.));
#4598=DIRECTION('ref_axis',(0.,0.,-1.));
#4599=DIRECTION('',(0.,1.,0.));
#4600=DIRECTION('',(0.,0.,1.));
#4601=DIRECTION('',(0.,1.,0.));
#4602=DIRECTION('center_axis',(-1.,0.,0.));
#4603=DIRECTION('ref_axis',(0.,1.,0.));
#4604=DIRECTION('',(0.,1.,0.));
#4605=DIRECTION('',(0.,1.,0.));
#4606=DIRECTION('',(0.,0.,-1.));
#4607=DIRECTION('center_axis',(-1.,0.,0.));
#4608=DIRECTION('ref_axis',(0.,1.,0.));
#4609=DIRECTION('',(0.,1.,0.));
#4610=DIRECTION('',(0.,-1.,0.));
#4611=DIRECTION('',(0.,0.,-1.));
#4612=DIRECTION('center_axis',(-1.,0.,0.));
#4613=DIRECTION('ref_axis',(0.,1.,0.));
#4614=DIRECTION('',(0.,-1.,0.));
#4615=DIRECTION('',(0.,0.,-1.));
#4616=DIRECTION('',(0.,-1.,0.));
#4617=DIRECTION('center_axis',(-1.,0.,0.));
#4618=DIRECTION('ref_axis',(0.,1.,0.));
#4619=DIRECTION('',(0.,1.,0.));
#4620=DIRECTION('',(0.,-1.,0.));
#4621=DIRECTION('',(0.,0.,-1.));
#4622=DIRECTION('center_axis',(-1.,0.,0.));
#4623=DIRECTION('ref_axis',(0.,1.,0.));
#4624=DIRECTION('',(0.,-1.,0.));
#4625=DIRECTION('',(0.,0.,-1.));
#4626=DIRECTION('',(0.,1.,0.));
#4627=DIRECTION('center_axis',(0.,0.,-1.));
#4628=DIRECTION('ref_axis',(-1.,0.,0.));
#4629=DIRECTION('',(-1.,0.,0.));
#4630=DIRECTION('',(0.,1.,0.));
#4631=DIRECTION('',(-1.,0.,0.));
#4632=DIRECTION('center_axis',(1.,0.,0.));
#4633=DIRECTION('ref_axis',(0.,0.,-1.));
#4634=DIRECTION('',(0.,0.,-1.));
#4635=DIRECTION('',(0.,1.,0.));
#4636=DIRECTION('',(0.,0.,-1.));
#4637=DIRECTION('center_axis',(0.707106781186546,0.,0.707106781186549));
#4638=DIRECTION('ref_axis',(0.707106781186549,0.,-0.707106781186546));
#4639=DIRECTION('',(0.707106781186549,0.,-0.707106781186546));
#4640=DIRECTION('',(0.,1.,0.));
#4641=DIRECTION('',(0.707106781186549,0.,-0.707106781186546));
#4642=DIRECTION('center_axis',(0.,0.,1.));
#4643=DIRECTION('ref_axis',(1.,0.,0.));
#4644=DIRECTION('',(1.,0.,0.));
#4645=DIRECTION('',(0.,-1.,0.));
#4646=DIRECTION('',(1.,0.,0.));
#4647=DIRECTION('center_axis',(0.,1.,0.));
#4648=DIRECTION('ref_axis',(0.,0.,1.));
#4649=DIRECTION('center_axis',(0.,0.,-1.));
#4650=DIRECTION('ref_axis',(-1.,0.,0.));
#4651=DIRECTION('',(-1.,0.,0.));
#4652=DIRECTION('',(0.,1.,0.));
#4653=DIRECTION('',(-1.,0.,0.));
#4654=DIRECTION('',(0.,1.,0.));
#4655=DIRECTION('center_axis',(1.,0.,0.));
#4656=DIRECTION('ref_axis',(0.,0.,-1.));
#4657=DIRECTION('',(0.,0.,-1.));
#4658=DIRECTION('',(0.,1.,0.));
#4659=DIRECTION('',(0.,0.,-1.));
#4660=DIRECTION('center_axis',(0.707106781186546,0.,0.707106781186549));
#4661=DIRECTION('ref_axis',(0.707106781186549,0.,-0.707106781186546));
#4662=DIRECTION('',(0.707106781186549,0.,-0.707106781186546));
#4663=DIRECTION('',(0.,1.,0.));
#4664=DIRECTION('',(0.707106781186549,0.,-0.707106781186546));
#4665=DIRECTION('center_axis',(0.,0.,1.));
#4666=DIRECTION('ref_axis',(1.,0.,0.));
#4667=DIRECTION('',(1.,0.,0.));
#4668=DIRECTION('',(1.,0.,0.));
#4669=DIRECTION('center_axis',(0.,1.,0.));
#4670=DIRECTION('ref_axis',(0.,0.,1.));
#4671=DIRECTION('center_axis',(0.,0.,-1.));
#4672=DIRECTION('ref_axis',(-1.,0.,0.));
#4673=DIRECTION('',(-1.,0.,0.));
#4674=DIRECTION('',(0.,1.,0.));
#4675=DIRECTION('',(-1.,0.,0.));
#4676=DIRECTION('center_axis',(1.,0.,0.));
#4677=DIRECTION('ref_axis',(0.,0.,-1.));
#4678=DIRECTION('',(0.,0.,-1.));
#4679=DIRECTION('',(0.,1.,0.));
#4680=DIRECTION('',(0.,0.,-1.));
#4681=DIRECTION('center_axis',(0.707106781186546,0.,0.707106781186549));
#4682=DIRECTION('ref_axis',(0.707106781186549,0.,-0.707106781186546));
#4683=DIRECTION('',(0.707106781186549,0.,-0.707106781186546));
#4684=DIRECTION('',(0.,1.,0.));
#4685=DIRECTION('',(0.707106781186549,0.,-0.707106781186546));
#4686=DIRECTION('center_axis',(0.,0.,1.));
#4687=DIRECTION('ref_axis',(1.,0.,0.));
#4688=DIRECTION('',(1.,0.,0.));
#4689=DIRECTION('',(1.,0.,0.));
#4690=DIRECTION('center_axis',(0.,1.,0.));
#4691=DIRECTION('ref_axis',(0.,0.,1.));
#4692=DIRECTION('center_axis',(0.,0.,-1.));
#4693=DIRECTION('ref_axis',(-1.,0.,0.));
#4694=DIRECTION('',(-1.,0.,0.));
#4695=DIRECTION('',(0.,1.,0.));
#4696=DIRECTION('',(-1.,0.,0.));
#4697=DIRECTION('center_axis',(1.,0.,0.));
#4698=DIRECTION('ref_axis',(0.,0.,-1.));
#4699=DIRECTION('',(0.,0.,-1.));
#4700=DIRECTION('',(0.,1.,0.));
#4701=DIRECTION('',(0.,0.,-1.));
#4702=DIRECTION('center_axis',(0.707106781186546,0.,0.707106781186549));
#4703=DIRECTION('ref_axis',(0.707106781186549,0.,-0.707106781186546));
#4704=DIRECTION('',(0.707106781186549,0.,-0.707106781186546));
#4705=DIRECTION('',(0.,1.,0.));
#4706=DIRECTION('',(0.707106781186549,0.,-0.707106781186546));
#4707=DIRECTION('center_axis',(0.,0.,1.));
#4708=DIRECTION('ref_axis',(1.,0.,0.));
#4709=DIRECTION('',(1.,0.,0.));
#4710=DIRECTION('',(1.,0.,0.));
#4711=DIRECTION('center_axis',(0.,1.,0.));
#4712=DIRECTION('ref_axis',(0.,0.,1.));
#4713=DIRECTION('center_axis',(0.,0.,-1.));
#4714=DIRECTION('ref_axis',(-1.,0.,0.));
#4715=DIRECTION('',(-1.,0.,0.));
#4716=DIRECTION('',(0.,1.,0.));
#4717=DIRECTION('',(-1.,0.,0.));
#4718=DIRECTION('center_axis',(1.,0.,0.));
#4719=DIRECTION('ref_axis',(0.,0.,-1.));
#4720=DIRECTION('',(0.,0.,-1.));
#4721=DIRECTION('',(0.,1.,0.));
#4722=DIRECTION('',(0.,0.,-1.));
#4723=DIRECTION('center_axis',(0.707106781186546,0.,0.707106781186549));
#4724=DIRECTION('ref_axis',(0.707106781186549,0.,-0.707106781186546));
#4725=DIRECTION('',(0.707106781186549,0.,-0.707106781186546));
#4726=DIRECTION('',(0.,1.,0.));
#4727=DIRECTION('',(0.707106781186549,0.,-0.707106781186546));
#4728=DIRECTION('center_axis',(0.,0.,1.));
#4729=DIRECTION('ref_axis',(1.,0.,0.));
#4730=DIRECTION('',(1.,0.,0.));
#4731=DIRECTION('',(1.,0.,0.));
#4732=DIRECTION('center_axis',(0.,1.,0.));
#4733=DIRECTION('ref_axis',(0.,0.,1.));
#4734=DIRECTION('center_axis',(0.,0.,1.));
#4735=DIRECTION('ref_axis',(1.,0.,0.));
#4736=DIRECTION('center_axis',(0.,0.,-1.));
#4737=DIRECTION('ref_axis',(-1.,0.,0.));
#4738=DIRECTION('center_axis',(0.,0.,1.));
#4739=DIRECTION('ref_axis',(1.,0.,0.));
#4740=DIRECTION('center_axis',(0.,0.,1.));
#4741=DIRECTION('ref_axis',(-1.,0.,0.));
#4742=DIRECTION('center_axis',(0.,0.,-1.));
#4743=DIRECTION('ref_axis',(-1.,0.,0.));
#4744=DIRECTION('',(0.,0.,-1.));
#4745=DIRECTION('center_axis',(0.,0.,1.));
#4746=DIRECTION('ref_axis',(-1.,0.,0.));
#4747=DIRECTION('center_axis',(0.,0.,-1.));
#4748=DIRECTION('ref_axis',(-1.,0.,0.));
#4749=DIRECTION('center_axis',(0.,0.,1.));
#4750=DIRECTION('ref_axis',(-1.,0.,0.));
#4751=DIRECTION('center_axis',(0.,0.,-1.));
#4752=DIRECTION('ref_axis',(-1.,0.,0.));
#4753=DIRECTION('center_axis',(0.,0.,-1.));
#4754=DIRECTION('ref_axis',(-1.,0.,0.));
#4755=DIRECTION('',(0.,0.,1.));
#4756=DIRECTION('center_axis',(0.,0.,1.));
#4757=DIRECTION('ref_axis',(-1.,0.,0.));
#4758=DIRECTION('',(0.,0.,1.));
#4759=DIRECTION('center_axis',(0.,0.,-1.));
#4760=DIRECTION('ref_axis',(-1.,0.,0.));
#4761=DIRECTION('',(0.,0.,1.));
#4762=DIRECTION('center_axis',(0.,0.,-1.));
#4763=DIRECTION('ref_axis',(-1.,0.,0.));
#4764=DIRECTION('',(0.,0.,-1.));
#4765=DIRECTION('center_axis',(0.,0.,-1.));
#4766=DIRECTION('ref_axis',(-1.,0.,0.));
#4767=DIRECTION('center_axis',(0.707106781186549,-0.707106781186546,0.));
#4768=DIRECTION('ref_axis',(0.,0.,-1.));
#4769=DIRECTION('',(0.707106781186546,0.707106781186549,0.));
#4770=DIRECTION('',(0.,0.,1.));
#4771=DIRECTION('',(0.707106781186546,0.707106781186549,0.));
#4772=DIRECTION('center_axis',(0.,0.,-1.));
#4773=DIRECTION('ref_axis',(-1.,0.,0.));
#4774=DIRECTION('',(0.707106781186546,0.707106781186549,0.));
#4775=DIRECTION('',(1.,0.,0.));
#4776=DIRECTION('',(0.,1.,0.));
#4777=DIRECTION('',(-1.,0.,0.));
#4778=DIRECTION('',(0.,-1.,0.));
#4779=DIRECTION('',(1.,0.,0.));
#4780=DIRECTION('',(0.,-1.,0.));
#4781=DIRECTION('',(1.,0.,0.));
#4782=DIRECTION('',(0.,-1.,0.));
#4783=DIRECTION('',(1.,0.,0.));
#4784=DIRECTION('',(0.,-1.,0.));
#4785=DIRECTION('',(1.,0.,0.));
#4786=DIRECTION('',(0.,-1.,0.));
#4787=DIRECTION('',(1.,0.,0.));
#4788=DIRECTION('',(0.,-1.,0.));
#4789=DIRECTION('',(1.,0.,0.));
#4790=DIRECTION('',(-1.15849359091321E-16,1.,0.));
#4791=DIRECTION('',(1.,-2.26576127474522E-17,0.));
#4792=DIRECTION('',(0.,-1.,0.));
#4793=DIRECTION('',(-1.,0.,0.));
#4794=DIRECTION('center_axis',(-0.707106781186549,0.707106781186546,0.));
#4795=DIRECTION('ref_axis',(0.,0.,1.));
#4796=DIRECTION('',(0.707106781186546,0.707106781186549,0.));
#4797=DIRECTION('',(0.,0.,-1.));
#4798=DIRECTION('center_axis',(0.,0.,-1.));
#4799=DIRECTION('ref_axis',(-1.,0.,0.));
#4800=DIRECTION('',(0.,0.,-1.));
#4801=DIRECTION('center_axis',(0.,0.,-1.));
#4802=DIRECTION('ref_axis',(0.,1.,0.));
#4803=DIRECTION('',(0.707106781186546,0.707106781186549,0.));
#4804=DIRECTION('',(0.,-1.,0.));
#4805=DIRECTION('',(1.,0.,0.));
#4806=DIRECTION('',(0.,-1.,0.));
#4807=DIRECTION('',(1.,0.,0.));
#4808=DIRECTION('center_axis',(0.707106781186549,-0.707106781186546,0.));
#4809=DIRECTION('ref_axis',(0.,0.,-1.));
#4810=DIRECTION('',(0.707106781186546,0.707106781186549,0.));
#4811=DIRECTION('',(0.,0.,1.));
#4812=DIRECTION('center_axis',(0.,0.,-1.));
#4813=DIRECTION('ref_axis',(0.,1.,0.));
#4814=DIRECTION('',(1.,0.,0.));
#4815=DIRECTION('',(0.,1.,0.));
#4816=DIRECTION('',(1.,0.,0.));
#4817=DIRECTION('',(0.,-1.,0.));
#4818=DIRECTION('',(1.,0.,0.));
#4819=DIRECTION('',(0.,1.,0.));
#4820=DIRECTION('center_axis',(0.,1.,0.));
#4821=DIRECTION('ref_axis',(0.,0.,1.));
#4822=DIRECTION('',(0.,0.,1.));
#4823=DIRECTION('center_axis',(0.,-1.,0.));
#4824=DIRECTION('ref_axis',(0.,0.,-1.));
#4825=DIRECTION('',(0.,0.,1.));
#4826=DIRECTION('',(0.,0.,1.));
#4827=DIRECTION('center_axis',(0.,1.,0.));
#4828=DIRECTION('ref_axis',(0.,0.,1.));
#4829=DIRECTION('',(0.,0.,-1.));
#4830=DIRECTION('center_axis',(1.,0.,0.));
#4831=DIRECTION('ref_axis',(0.,0.,-1.));
#4832=DIRECTION('center_axis',(1.,0.,0.));
#4833=DIRECTION('ref_axis',(0.,-1.,0.));
#4834=DIRECTION('',(0.,0.,-1.));
#4835=DIRECTION('',(0.,-1.,0.));
#4836=DIRECTION('',(0.,-1.,0.));
#4837=DIRECTION('',(0.,0.,1.));
#4838=DIRECTION('center_axis',(1.,0.,0.));
#4839=DIRECTION('ref_axis',(0.,-1.,0.));
#4840=DIRECTION('',(0.,1.,0.));
#4841=DIRECTION('',(0.,0.,-1.));
#4842=DIRECTION('',(0.,1.,0.));
#4843=DIRECTION('',(0.,0.,-1.));
#4844=DIRECTION('center_axis',(1.,0.,0.));
#4845=DIRECTION('ref_axis',(0.,-1.,0.));
#4846=DIRECTION('',(0.,1.,0.));
#4847=DIRECTION('',(0.,0.,-1.));
#4848=DIRECTION('',(0.,1.,0.));
#4849=DIRECTION('',(0.,0.,-1.));
#4850=DIRECTION('center_axis',(1.,0.,0.));
#4851=DIRECTION('ref_axis',(0.,-1.,0.));
#4852=DIRECTION('',(0.,0.,1.));
#4853=DIRECTION('',(0.,-1.,0.));
#4854=DIRECTION('',(0.,0.,-1.));
#4855=DIRECTION('',(0.,-1.,0.));
#4856=DIRECTION('center_axis',(1.,0.,0.));
#4857=DIRECTION('ref_axis',(0.,-1.,0.));
#4858=DIRECTION('',(0.,0.,1.));
#4859=DIRECTION('',(0.,-1.,0.));
#4860=DIRECTION('',(0.,0.,1.));
#4861=DIRECTION('',(0.,1.,0.));
#4862=DIRECTION('',(0.,0.,-1.));
#4863=DIRECTION('',(0.,-1.,0.));
#4864=DIRECTION('center_axis',(0.,1.,0.));
#4865=DIRECTION('ref_axis',(-1.,0.,0.));
#4866=DIRECTION('',(-1.,0.,0.));
#4867=DIRECTION('',(0.,0.,1.));
#4868=DIRECTION('',(1.,0.,0.));
#4869=DIRECTION('',(0.,0.,1.));
#4870=DIRECTION('',(-1.,0.,0.));
#4871=DIRECTION('',(0.,0.,-1.));
#4872=DIRECTION('',(0.,0.,-1.));
#4873=DIRECTION('',(1.,0.,0.));
#4874=DIRECTION('',(0.,0.,1.));
#4875=DIRECTION('',(-1.,0.,0.));
#4876=DIRECTION('center_axis',(1.,0.,0.));
#4877=DIRECTION('ref_axis',(0.,0.,-1.));
#4878=DIRECTION('',(0.,0.,1.));
#4879=DIRECTION('center_axis',(0.,0.,-1.));
#4880=DIRECTION('ref_axis',(0.,1.,0.));
#4881=DIRECTION('',(-1.,0.,0.));
#4882=DIRECTION('',(0.,1.,0.));
#4883=DIRECTION('',(1.,0.,0.));
#4884=DIRECTION('center_axis',(1.,0.,0.));
#4885=DIRECTION('ref_axis',(0.,0.,-1.));
#4886=DIRECTION('',(0.,0.,-1.));
#4887=DIRECTION('',(0.,0.,1.));
#4888=DIRECTION('center_axis',(0.,1.,0.));
#4889=DIRECTION('ref_axis',(0.,0.,1.));
#4890=DIRECTION('',(0.,0.,1.));
#4891=DIRECTION('',(0.347314355823594,0.,0.937748760723704));
#4892=DIRECTION('',(-1.,0.,0.));
#4893=DIRECTION('center_axis',(0.,0.,-1.));
#4894=DIRECTION('ref_axis',(0.,1.,0.));
#4895=DIRECTION('',(-1.,0.,0.));
#4896=DIRECTION('',(0.,1.,0.));
#4897=DIRECTION('',(1.,0.,0.));
#4898=DIRECTION('center_axis',(1.,0.,0.));
#4899=DIRECTION('ref_axis',(0.,0.,-1.));
#4900=DIRECTION('',(0.,0.,-1.));
#4901=DIRECTION('',(0.,0.,-1.));
#4902=DIRECTION('center_axis',(0.,-1.,0.));
#4903=DIRECTION('ref_axis',(0.,0.,-1.));
#4904=DIRECTION('',(1.,0.,0.));
#4905=DIRECTION('',(-0.347314355823594,0.,-0.937748760723704));
#4906=DIRECTION('',(0.,0.,-1.));
#4907=DIRECTION('center_axis',(0.937748760723704,0.,-0.347314355823594));
#4908=DIRECTION('ref_axis',(-0.347314355823594,0.,-0.937748760723704));
#4909=DIRECTION('',(0.347314355823594,0.,0.937748760723704));
#4910=DIRECTION('',(0.,-1.,0.));
#4911=DIRECTION('',(-0.347314355823594,0.,-0.937748760723704));
#4912=DIRECTION('center_axis',(1.,0.,0.));
#4913=DIRECTION('ref_axis',(0.,0.,-1.));
#4914=DIRECTION('',(0.,0.,1.));
#4915=DIRECTION('',(0.,0.,-1.));
#4916=DIRECTION('center_axis',(0.,1.,0.));
#4917=DIRECTION('ref_axis',(0.,0.,1.));
#4918=DIRECTION('',(-1.,0.,0.));
#4919=DIRECTION('center_axis',(0.937748760723704,0.,-0.347314355823594));
#4920=DIRECTION('ref_axis',(-0.347314355823594,0.,-0.937748760723704));
#4921=DIRECTION('',(0.,-1.,0.));
#4922=DIRECTION('center_axis',(1.,0.,0.));
#4923=DIRECTION('ref_axis',(0.,0.,-1.));
#4924=DIRECTION('center_axis',(0.,-1.,0.));
#4925=DIRECTION('ref_axis',(0.,0.,-1.));
#4926=DIRECTION('',(1.,0.,0.));
#4927=DIRECTION('center_axis',(0.,0.,-1.));
#4928=DIRECTION('ref_axis',(1.,0.,0.));
#4929=DIRECTION('',(1.,0.,0.));
#4930=DIRECTION('',(1.,0.,0.));
#4931=DIRECTION('',(0.,-1.,0.));
#4932=DIRECTION('center_axis',(0.,0.,-1.));
#4933=DIRECTION('ref_axis',(1.,0.,0.));
#4934=DIRECTION('center_axis',(0.,0.,1.));
#4935=DIRECTION('ref_axis',(1.,0.,0.));
#4936=DIRECTION('',(0.,-1.,0.));
#4937=DIRECTION('center_axis',(0.,0.,-1.));
#4938=DIRECTION('ref_axis',(1.,0.,0.));
#4939=DIRECTION('center_axis',(0.,0.,1.));
#4940=DIRECTION('ref_axis',(1.,0.,0.));
#4941=DIRECTION('',(-1.15849359091321E-16,1.,0.));
#4942=DIRECTION('',(-1.,0.,0.));
#4943=DIRECTION('center_axis',(0.,0.,1.));
#4944=DIRECTION('ref_axis',(1.,0.,0.));
#4945=DIRECTION('center_axis',(0.,0.,-1.));
#4946=DIRECTION('ref_axis',(1.,0.,0.));
#4947=DIRECTION('center_axis',(0.,0.,1.));
#4948=DIRECTION('ref_axis',(1.,0.,0.));
#4949=DIRECTION('',(-1.,0.,0.));
#4950=DIRECTION('',(0.,-1.,0.));
#4951=DIRECTION('center_axis',(0.,0.,-1.));
#4952=DIRECTION('ref_axis',(1.,0.,0.));
#4953=DIRECTION('center_axis',(0.,0.,1.));
#4954=DIRECTION('ref_axis',(1.,0.,0.));
#4955=DIRECTION('',(0.,-1.,0.));
#4956=DIRECTION('',(1.,-2.26576127474522E-17,0.));
#4957=DIRECTION('center_axis',(0.,0.,-1.));
#4958=DIRECTION('ref_axis',(1.,0.,0.));
#4959=DIRECTION('',(-1.15849359091321E-16,1.,0.));
#4960=DIRECTION('center_axis',(0.,0.,1.));
#4961=DIRECTION('ref_axis',(1.,0.,0.));
#4962=DIRECTION('center_axis',(0.,0.,1.));
#4963=DIRECTION('ref_axis',(1.,0.,0.));
#4964=DIRECTION('center_axis',(0.,0.,-1.));
#4965=DIRECTION('ref_axis',(1.,0.,0.));
#4966=DIRECTION('',(-1.15849359091321E-16,1.,0.));
#4967=DIRECTION('center_axis',(0.,0.,1.));
#4968=DIRECTION('ref_axis',(1.,0.,0.));
#4969=DIRECTION('center_axis',(0.,0.,1.));
#4970=DIRECTION('ref_axis',(1.,0.,0.));
#4971=DIRECTION('',(1.,-2.26576127474522E-17,0.));
#4972=DIRECTION('center_axis',(0.,0.,-1.));
#4973=DIRECTION('ref_axis',(1.,0.,0.));
#4974=DIRECTION('center_axis',(0.,0.,1.));
#4975=DIRECTION('ref_axis',(1.,0.,0.));
#4976=DIRECTION('',(-1.,0.,0.));
#4977=DIRECTION('center_axis',(-1.,0.,0.));
#4978=DIRECTION('ref_axis',(0.,-1.,0.));
#4979=DIRECTION('',(0.,-1.,0.));
#4980=DIRECTION('',(0.,0.,-1.));
#4981=DIRECTION('',(0.,1.,0.));
#4982=DIRECTION('',(0.,0.,1.));
#4983=DIRECTION('',(0.,-1.,0.));
#4984=DIRECTION('',(0.,0.,-1.));
#4985=DIRECTION('',(0.,1.,0.));
#4986=DIRECTION('',(0.,0.,1.));
#4987=DIRECTION('',(0.,-1.,0.));
#4988=DIRECTION('',(0.,0.,-1.));
#4989=DIRECTION('',(0.,1.,0.));
#4990=DIRECTION('',(0.,0.,1.));
#4991=DIRECTION('',(0.,-1.,0.));
#4992=DIRECTION('center_axis',(0.,0.,1.));
#4993=DIRECTION('ref_axis',(1.,0.,0.));
#4994=DIRECTION('center_axis',(0.,0.,1.));
#4995=DIRECTION('ref_axis',(1.,0.,0.));
#4996=DIRECTION('',(0.,0.,1.));
#4997=DIRECTION('center_axis',(0.,0.,1.));
#4998=DIRECTION('ref_axis',(1.,0.,0.));
#4999=DIRECTION('center_axis',(0.,0.,-1.));
#5000=DIRECTION('ref_axis',(1.,0.,0.));
#5001=DIRECTION('center_axis',(0.,0.,1.));
#5002=DIRECTION('ref_axis',(1.,0.,0.));
#5003=DIRECTION('',(0.,0.,-1.));
#5004=DIRECTION('center_axis',(0.,0.,-1.));
#5005=DIRECTION('ref_axis',(1.,0.,0.));
#5006=DIRECTION('center_axis',(0.,0.,-1.));
#5007=DIRECTION('ref_axis',(1.,0.,0.));
#5008=DIRECTION('center_axis',(0.,0.,1.));
#5009=DIRECTION('ref_axis',(1.,0.,0.));
#5010=DIRECTION('center_axis',(0.,0.,-1.));
#5011=DIRECTION('ref_axis',(1.,0.,0.));
#5012=DIRECTION('center_axis',(0.,0.,1.));
#5013=DIRECTION('ref_axis',(1.,0.,0.));
#5014=DIRECTION('',(0.,0.,1.));
#5015=DIRECTION('center_axis',(0.,0.,-1.));
#5016=DIRECTION('ref_axis',(1.,0.,0.));
#5017=DIRECTION('',(1.,-2.26576127474522E-17,0.));
#5018=DIRECTION('center_axis',(-2.26576127474522E-17,-1.,0.));
#5019=DIRECTION('ref_axis',(1.,-2.26576127474522E-17,0.));
#5020=DIRECTION('',(-1.,2.26576127474522E-17,0.));
#5021=DIRECTION('',(0.,0.,1.));
#5022=DIRECTION('',(1.,-2.26576127474522E-17,0.));
#5023=DIRECTION('',(0.,0.,1.));
#5024=DIRECTION('',(0.,0.,-1.));
#5025=DIRECTION('',(1.,-2.26576127474522E-17,0.));
#5026=DIRECTION('',(0.,0.,1.));
#5027=DIRECTION('',(-1.,2.26576127474522E-17,0.));
#5028=DIRECTION('',(0.,0.,-1.));
#5029=DIRECTION('',(1.,-2.26576127474522E-17,0.));
#5030=DIRECTION('',(0.,0.,-1.));
#5031=DIRECTION('',(-1.,2.26576127474522E-17,0.));
#5032=DIRECTION('',(0.,0.,1.));
#5033=DIRECTION('',(1.,-2.26576127474522E-17,0.));
#5034=DIRECTION('',(0.,0.,-1.));
#5035=DIRECTION('',(-1.,2.26576127474522E-17,0.));
#5036=DIRECTION('',(0.,0.,1.));
#5037=DIRECTION('',(1.,-2.26576127474522E-17,5.39035786184181E-33));
#5038=DIRECTION('',(3.1049600021239E-16,-7.03509813244516E-33,-1.));
#5039=DIRECTION('',(-1.,2.26576127474522E-17,0.));
#5040=DIRECTION('',(1.,-2.26576127474522E-17,0.));
#5041=DIRECTION('',(0.,0.,-1.));
#5042=DIRECTION('',(-1.,2.26576127474522E-17,0.));
#5043=DIRECTION('',(0.,0.,1.));
#5044=DIRECTION('',(1.,-2.26576127474522E-17,0.));
#5045=DIRECTION('',(0.,0.,-1.));
#5046=DIRECTION('',(-1.,2.26576127474522E-17,0.));
#5047=DIRECTION('',(0.,0.,-1.));
#5048=DIRECTION('',(-1.,2.26576127474522E-17,0.));
#5049=DIRECTION('',(0.,0.,1.));
#5050=DIRECTION('center_axis',(0.,0.,1.));
#5051=DIRECTION('ref_axis',(1.,0.,0.));
#5052=DIRECTION('',(0.,0.,-1.));
#5053=DIRECTION('center_axis',(0.,0.,-1.));
#5054=DIRECTION('ref_axis',(1.,0.,0.));
#5055=DIRECTION('center_axis',(0.,0.,-1.));
#5056=DIRECTION('ref_axis',(1.,0.,0.));
#5057=DIRECTION('center_axis',(0.,0.,1.));
#5058=DIRECTION('ref_axis',(1.,0.,0.));
#5059=DIRECTION('center_axis',(0.,0.,-1.));
#5060=DIRECTION('ref_axis',(1.,0.,0.));
#5061=DIRECTION('',(0.,0.,-1.));
#5062=DIRECTION('center_axis',(0.,0.,1.));
#5063=DIRECTION('ref_axis',(1.,0.,0.));
#5064=DIRECTION('',(0.,0.,1.));
#5065=DIRECTION('center_axis',(0.,0.,-1.));
#5066=DIRECTION('ref_axis',(1.,0.,0.));
#5067=DIRECTION('',(-1.15849359091321E-16,1.,0.));
#5068=DIRECTION('',(-1.,0.,0.));
#5069=DIRECTION('center_axis',(0.,1.,0.));
#5070=DIRECTION('ref_axis',(-1.,0.,0.));
#5071=DIRECTION('',(0.,0.,-1.));
#5072=DIRECTION('',(1.,0.,0.));
#5073=DIRECTION('',(-1.,0.,0.));
#5074=DIRECTION('',(0.,0.,-1.));
#5075=DIRECTION('',(1.,0.,0.));
#5076=DIRECTION('',(0.,0.,1.));
#5077=DIRECTION('',(-1.,0.,0.));
#5078=DIRECTION('',(-1.,0.,0.));
#5079=DIRECTION('',(0.,0.,-1.));
#5080=DIRECTION('',(1.,0.,0.));
#5081=DIRECTION('center_axis',(0.,0.,1.));
#5082=DIRECTION('ref_axis',(1.,0.,0.));
#5083=DIRECTION('center_axis',(0.,0.,-1.));
#5084=DIRECTION('ref_axis',(1.,0.,0.));
#5085=DIRECTION('',(0.,0.,-1.));
#5086=DIRECTION('center_axis',(0.,0.,1.));
#5087=DIRECTION('ref_axis',(1.,0.,0.));
#5088=DIRECTION('',(0.,0.,1.));
#5089=DIRECTION('center_axis',(0.,0.,1.));
#5090=DIRECTION('ref_axis',(1.,0.,0.));
#5091=DIRECTION('',(0.,0.,-1.));
#5092=DIRECTION('center_axis',(0.,0.,-1.));
#5093=DIRECTION('ref_axis',(1.,0.,0.));
#5094=DIRECTION('center_axis',(0.,0.,-1.));
#5095=DIRECTION('ref_axis',(1.,0.,0.));
#5096=DIRECTION('center_axis',(0.,0.,-1.));
#5097=DIRECTION('ref_axis',(1.,0.,0.));
#5098=DIRECTION('',(-1.15849359091321E-16,1.,0.));
#5099=DIRECTION('',(-1.15849359091321E-16,1.,0.));
#5100=DIRECTION('center_axis',(0.,0.,1.));
#5101=DIRECTION('ref_axis',(1.,0.,0.));
#5102=DIRECTION('center_axis',(0.,0.,-1.));
#5103=DIRECTION('ref_axis',(1.,0.,0.));
#5104=DIRECTION('center_axis',(0.,0.,-1.));
#5105=DIRECTION('ref_axis',(1.,0.,0.));
#5106=DIRECTION('',(0.,0.,-1.));
#5107=DIRECTION('center_axis',(0.,0.,-1.));
#5108=DIRECTION('ref_axis',(1.,0.,0.));
#5109=DIRECTION('center_axis',(0.,0.,1.));
#5110=DIRECTION('ref_axis',(-1.,1.22464679914735E-16,0.));
#5111=DIRECTION('center_axis',(0.,0.,-1.));
#5112=DIRECTION('ref_axis',(1.,0.,0.));
#5113=DIRECTION('center_axis',(0.,0.,1.));
#5114=DIRECTION('ref_axis',(1.,0.,0.));
#5115=DIRECTION('center_axis',(0.,0.,-1.));
#5116=DIRECTION('ref_axis',(1.,0.,0.));
#5117=DIRECTION('center_axis',(0.,0.,1.));
#5118=DIRECTION('ref_axis',(1.,0.,0.));
#5119=DIRECTION('center_axis',(0.,0.,-1.));
#5120=DIRECTION('ref_axis',(1.,0.,0.));
#5121=DIRECTION('',(0.,0.,-1.));
#5122=DIRECTION('center_axis',(0.,0.,-1.));
#5123=DIRECTION('ref_axis',(1.,0.,0.));
#5124=DIRECTION('center_axis',(0.,0.,1.));
#5125=DIRECTION('ref_axis',(1.,0.,0.));
#5126=DIRECTION('center_axis',(0.,0.,-1.));
#5127=DIRECTION('ref_axis',(1.,0.,0.));
#5128=DIRECTION('center_axis',(0.,0.,1.));
#5129=DIRECTION('ref_axis',(1.,0.,0.));
#5130=DIRECTION('center_axis',(0.,0.,-1.));
#5131=DIRECTION('ref_axis',(1.,0.,0.));
#5132=DIRECTION('center_axis',(0.,0.,1.));
#5133=DIRECTION('ref_axis',(1.,0.,0.));
#5134=DIRECTION('center_axis',(0.,0.,-1.));
#5135=DIRECTION('ref_axis',(1.,0.,0.));
#5136=DIRECTION('center_axis',(0.,0.,1.));
#5137=DIRECTION('ref_axis',(1.,0.,0.));
#5138=DIRECTION('',(0.,0.,1.));
#5139=DIRECTION('center_axis',(0.,0.,1.));
#5140=DIRECTION('ref_axis',(1.,0.,0.));
#5141=DIRECTION('center_axis',(0.,0.,-1.));
#5142=DIRECTION('ref_axis',(1.,0.,0.));
#5143=DIRECTION('',(0.,0.,-1.));
#5144=DIRECTION('center_axis',(0.,0.,1.));
#5145=DIRECTION('ref_axis',(1.,0.,0.));
#5146=DIRECTION('center_axis',(0.,0.,-1.));
#5147=DIRECTION('ref_axis',(1.,0.,0.));
#5148=DIRECTION('',(-1.15849359091321E-16,1.,0.));
#5149=DIRECTION('center_axis',(0.,0.,1.));
#5150=DIRECTION('ref_axis',(1.,0.,0.));
#5151=DIRECTION('center_axis',(0.,0.,-1.));
#5152=DIRECTION('ref_axis',(1.,0.,0.));
#5153=DIRECTION('',(0.,0.,-1.));
#5154=DIRECTION('center_axis',(0.,0.,-1.));
#5155=DIRECTION('ref_axis',(1.,0.,0.));
#5156=DIRECTION('center_axis',(0.,0.,1.));
#5157=DIRECTION('ref_axis',(1.,0.,0.));
#5158=DIRECTION('center_axis',(0.,0.,-1.));
#5159=DIRECTION('ref_axis',(1.,0.,0.));
#5160=DIRECTION('center_axis',(0.,0.,1.));
#5161=DIRECTION('ref_axis',(1.,0.,0.));
#5162=DIRECTION('center_axis',(0.,0.,-1.));
#5163=DIRECTION('ref_axis',(1.,0.,0.));
#5164=DIRECTION('center_axis',(1.,0.,0.));
#5165=DIRECTION('ref_axis',(0.,0.,-1.));
#5166=DIRECTION('',(0.,-1.,0.));
#5167=DIRECTION('',(0.,0.,-1.));
#5168=DIRECTION('',(0.,-1.,0.));
#5169=DIRECTION('',(0.,0.,1.));
#5170=DIRECTION('center_axis',(0.,0.,-1.));
#5171=DIRECTION('ref_axis',(0.,1.,0.));
#5172=DIRECTION('',(0.,1.,0.));
#5173=DIRECTION('',(1.,0.,0.));
#5174=DIRECTION('',(0.,-1.,0.));
#5175=DIRECTION('',(1.,0.,0.));
#5176=DIRECTION('center_axis',(0.,-1.,0.));
#5177=DIRECTION('ref_axis',(0.,0.,-1.));
#5178=DIRECTION('',(-1.,0.,0.));
#5179=DIRECTION('',(0.,0.,1.));
#5180=DIRECTION('',(0.,0.,-1.));
#5181=DIRECTION('center_axis',(0.,1.,0.));
#5182=DIRECTION('ref_axis',(0.,0.,1.));
#5183=DIRECTION('',(1.,0.,0.));
#5184=DIRECTION('',(0.,0.,1.));
#5185=DIRECTION('',(0.,0.,-1.));
#5186=DIRECTION('center_axis',(-1.,0.,0.));
#5187=DIRECTION('ref_axis',(0.,0.,-1.));
#5188=DIRECTION('',(0.,-1.,0.));
#5189=DIRECTION('',(0.,-1.,0.));
#5190=DIRECTION('',(0.,0.,-1.));
#5191=DIRECTION('',(0.,-1.,0.));
#5192=DIRECTION('center_axis',(0.,1.,0.));
#5193=DIRECTION('ref_axis',(0.,0.,1.));
#5194=DIRECTION('',(0.,0.,-1.));
#5195=DIRECTION('',(-1.,0.,0.));
#5196=DIRECTION('',(0.,0.,1.));
#5197=DIRECTION('',(1.,0.,0.));
#5198=DIRECTION('center_axis',(1.,0.,0.));
#5199=DIRECTION('ref_axis',(0.,0.,-1.));
#5200=DIRECTION('',(0.,1.,0.));
#5201=DIRECTION('',(0.,1.,0.));
#5202=DIRECTION('',(0.,0.,-1.));
#5203=DIRECTION('center_axis',(-0.939692620785907,0.,-0.342020143325672));
#5204=DIRECTION('ref_axis',(0.,1.,0.));
#5205=DIRECTION('',(0.,-1.,0.));
#5206=DIRECTION('',(0.323615577118188,0.323615577118184,-0.889126490715987));
#5207=DIRECTION('',(0.,-1.,0.));
#5208=DIRECTION('',(0.323615577118188,-0.32361557711818,-0.889126490715989));
#5209=DIRECTION('center_axis',(0.,-0.939692620785909,-0.342020143325668));
#5210=DIRECTION('ref_axis',(-1.,0.,0.));
#5211=DIRECTION('',(1.,0.,0.));
#5212=DIRECTION('',(-0.323615577118188,0.323615577118184,-0.889126490715988));
#5213=DIRECTION('',(1.,0.,0.));
#5214=DIRECTION('center_axis',(0.939692620785907,0.,-0.342020143325672));
#5215=DIRECTION('ref_axis',(0.,-1.,0.));
#5216=DIRECTION('',(0.,1.,0.));
#5217=DIRECTION('',(-0.323615577118188,-0.32361557711818,-0.889126490715989));
#5218=DIRECTION('',(0.,-1.,0.));
#5219=DIRECTION('center_axis',(0.,0.93969262078591,-0.342020143325665));
#5220=DIRECTION('ref_axis',(1.,0.,0.));
#5221=DIRECTION('',(-1.,0.,0.));
#5222=DIRECTION('',(-1.,0.,0.));
#5223=DIRECTION('center_axis',(0.,0.,-1.));
#5224=DIRECTION('ref_axis',(-1.,0.,0.));
#5225=DIRECTION('center_axis',(0.,0.,-1.));
#5226=DIRECTION('ref_axis',(1.,0.,0.));
#5227=DIRECTION('',(0.,-1.,0.));
#5228=DIRECTION('',(0.,-1.,0.));
#5229=DIRECTION('center_axis',(0.,0.939692620785909,0.342020143325668));
#5230=DIRECTION('ref_axis',(-1.,0.,0.));
#5231=DIRECTION('',(1.,0.,0.));
#5232=DIRECTION('',(-0.323615577118188,-0.323615577118184,0.889126490715988));
#5233=DIRECTION('',(1.,0.,0.));
#5234=DIRECTION('',(0.323615577118188,-0.323615577118184,0.889126490715988));
#5235=DIRECTION('center_axis',(0.939692620785907,0.,0.342020143325672));
#5236=DIRECTION('ref_axis',(0.,1.,0.));
#5237=DIRECTION('',(0.,-1.,0.));
#5238=DIRECTION('',(-0.323615577118188,0.323615577118184,0.889126490715988));
#5239=DIRECTION('',(0.,-1.,0.));
#5240=DIRECTION('center_axis',(0.,-0.939692620785909,0.342020143325668));
#5241=DIRECTION('ref_axis',(1.,0.,0.));
#5242=DIRECTION('',(-1.,0.,0.));
#5243=DIRECTION('',(0.323615577118188,0.323615577118184,0.889126490715988));
#5244=DIRECTION('',(-1.,0.,0.));
#5245=DIRECTION('center_axis',(-0.939692620785907,0.,0.342020143325672));
#5246=DIRECTION('ref_axis',(0.,-1.,0.));
#5247=DIRECTION('',(0.,1.,0.));
#5248=DIRECTION('',(0.,-1.,0.));
#5249=DIRECTION('center_axis',(0.,0.,1.));
#5250=DIRECTION('ref_axis',(-1.,0.,0.));
#5251=DIRECTION('center_axis',(-8.33259071787095E-15,1.,3.58353135173517E-17));
#5252=DIRECTION('ref_axis',(0.,-3.58353135173517E-17,1.));
#5253=DIRECTION('',(0.,4.80193201132503E-16,1.));
#5254=DIRECTION('',(-1.,-1.90323947078597E-14,0.));
#5255=DIRECTION('',(0.,2.40096600566251E-16,-1.));
#5256=DIRECTION('',(1.,0.,0.));
#5257=DIRECTION('center_axis',(0.899466839286758,0.436989021628106,0.));
#5258=DIRECTION('ref_axis',(0.,0.,-1.));
#5259=DIRECTION('',(0.436989021628106,-0.899466839286758,2.85316798532278E-16));
#5260=DIRECTION('',(0.436989021628106,-0.899466839286758,2.13987598899209E-16));
#5261=DIRECTION('center_axis',(0.,-2.37904933848247E-16,-1.));
#5262=DIRECTION('ref_axis',(-1.,0.,0.));
#5263=DIRECTION('',(0.436989021628106,-0.899466839286758,2.13987598899209E-16));
#5264=DIRECTION('center_axis',(-0.899466839286758,-0.436989021628106,-2.79280855922219E-16));
#5265=DIRECTION('ref_axis',(-3.1049600021239E-16,0.,1.));
#5266=DIRECTION('',(0.436989021628106,-0.899466839286758,2.85316798532278E-16));
#5267=DIRECTION('center_axis',(-1.,0.,0.));
#5268=DIRECTION('ref_axis',(0.,0.,-1.));
#5269=DIRECTION('',(0.,-1.,0.));
#5270=DIRECTION('',(0.,0.,-1.));
#5271=DIRECTION('',(0.,-1.,0.));
#5272=DIRECTION('center_axis',(0.,0.,1.));
#5273=DIRECTION('ref_axis',(-1.,0.,0.));
#5274=DIRECTION('',(0.,-1.,0.));
#5275=DIRECTION('center_axis',(1.,0.,0.));
#5276=DIRECTION('ref_axis',(0.,0.,1.));
#5277=DIRECTION('',(0.,0.,1.));
#5278=DIRECTION('',(0.,-1.,0.));
#5279=DIRECTION('center_axis',(0.,-1.,0.));
#5280=DIRECTION('ref_axis',(0.,0.,-1.));
#5281=DIRECTION('',(1.,0.,0.));
#5282=DIRECTION('center_axis',(0.,0.,1.));
#5283=DIRECTION('ref_axis',(-1.,0.,0.));
#5284=DIRECTION('',(0.,-1.,0.));
#5285=DIRECTION('',(-1.,0.,0.));
#5286=DIRECTION('',(0.,-1.,0.));
#5287=DIRECTION('center_axis',(1.,0.,0.));
#5288=DIRECTION('ref_axis',(0.,0.,1.));
#5289=DIRECTION('',(0.,0.,1.));
#5290=DIRECTION('center_axis',(-1.,0.,0.));
#5291=DIRECTION('ref_axis',(0.,0.,-1.));
#5292=DIRECTION('',(0.,0.,-1.));
#5293=DIRECTION('center_axis',(0.,-1.,0.));
#5294=DIRECTION('ref_axis',(0.,0.,-1.));
#5295=DIRECTION('center_axis',(0.,0.,1.));
#5296=DIRECTION('ref_axis',(-1.,0.,0.));
#5297=DIRECTION('',(-1.,0.,0.));
#5298=DIRECTION('',(0.,-1.,0.));
#5299=DIRECTION('center_axis',(1.,0.,0.));
#5300=DIRECTION('ref_axis',(0.,0.,1.));
#5301=DIRECTION('',(0.,0.,1.));
#5302=DIRECTION('',(0.,-1.,0.));
#5303=DIRECTION('center_axis',(0.,0.,-1.));
#5304=DIRECTION('ref_axis',(1.,0.,0.));
#5305=DIRECTION('',(0.,-1.,0.));
#5306=DIRECTION('',(0.,-1.,0.));
#5307=DIRECTION('',(1.,0.,0.));
#5308=DIRECTION('center_axis',(1.,0.,0.));
#5309=DIRECTION('ref_axis',(0.,0.,1.));
#5310=DIRECTION('',(0.,-1.,0.));
#5311=DIRECTION('center_axis',(0.,0.,-1.));
#5312=DIRECTION('ref_axis',(1.,0.,0.));
#5313=DIRECTION('',(1.,0.,0.));
#5314=DIRECTION('center_axis',(0.,-1.,0.));
#5315=DIRECTION('ref_axis',(0.,0.,-1.));
#5316=DIRECTION('center_axis',(-1.,0.,0.));
#5317=DIRECTION('ref_axis',(0.,-1.,0.));
#5318=DIRECTION('',(0.,-1.,0.));
#5319=DIRECTION('',(0.,1.,0.));
#5320=DIRECTION('',(0.,0.,1.));
#5321=DIRECTION('center_axis',(1.,0.,0.));
#5322=DIRECTION('ref_axis',(0.,1.,0.));
#5323=DIRECTION('',(0.,1.,0.));
#5324=DIRECTION('',(0.,0.,1.));
#5325=DIRECTION('',(0.,-1.,0.));
#5326=DIRECTION('center_axis',(0.,-1.,0.));
#5327=DIRECTION('ref_axis',(1.,0.,0.));
#5328=DIRECTION('',(1.,0.,0.));
#5329=DIRECTION('',(-1.,0.,0.));
#5330=DIRECTION('center_axis',(0.,0.,1.));
#5331=DIRECTION('ref_axis',(-1.,2.26576127474522E-17,0.));
#5332=DIRECTION('',(-1.15849359091321E-16,1.,0.));
#5333=DIRECTION('',(-1.,0.,0.));
#5334=DIRECTION('',(0.,-1.,0.));
#5335=DIRECTION('center_axis',(0.,0.,-1.));
#5336=DIRECTION('ref_axis',(1.,-2.26576127474522E-17,0.));
#5337=DIRECTION('',(1.15849359091321E-16,-1.,0.));
#5338=DIRECTION('center_axis',(0.,1.,0.));
#5339=DIRECTION('ref_axis',(-1.,0.,0.));
#5340=DIRECTION('',(0.,0.,-1.));
#5341=DIRECTION('',(0.,0.,-1.));
#5342=DIRECTION('center_axis',(1.,1.15849359091321E-16,0.));
#5343=DIRECTION('ref_axis',(-1.15849359091321E-16,1.,0.));
#5344=DIRECTION('',(1.15849359091321E-16,-1.,0.));
#5345=DIRECTION('',(1.15849359091321E-16,-1.,0.));
#5346=DIRECTION('center_axis',(1.,1.15849359091321E-16,0.));
#5347=DIRECTION('ref_axis',(-1.15849359091321E-16,1.,0.));
#5348=DIRECTION('center_axis',(-1.,0.,0.));
#5349=DIRECTION('ref_axis',(0.,1.,0.));
#5350=DIRECTION('',(0.,0.,-1.));
#5351=DIRECTION('center_axis',(0.,-1.,0.));
#5352=DIRECTION('ref_axis',(-1.,0.,0.));
#5353=DIRECTION('',(-1.,0.,0.));
#5354=DIRECTION('center_axis',(0.,0.,-1.));
#5355=DIRECTION('ref_axis',(-1.,0.,0.));
#5356=DIRECTION('center_axis',(1.,0.,0.));
#5357=DIRECTION('ref_axis',(0.,0.382683432365089,0.923879532511287));
#5358=DIRECTION('center_axis',(-1.,0.,0.));
#5359=DIRECTION('ref_axis',(0.,0.382683432365089,0.923879532511287));
#5360=DIRECTION('',(-1.,0.,0.));
#5361=DIRECTION('center_axis',(1.,0.,0.));
#5362=DIRECTION('ref_axis',(0.,0.382683432365089,0.923879532511287));
#5363=DIRECTION('',(1.,0.,0.));
#5364=DIRECTION('center_axis',(-1.,0.,0.));
#5365=DIRECTION('ref_axis',(0.,0.,1.));
#5366=DIRECTION('',(0.,-0.707106781186547,0.707106781186548));
#5367=DIRECTION('',(0.,0.,1.));
#5368=DIRECTION('',(0.,0.707106781186547,0.707106781186548));
#5369=DIRECTION('',(0.,1.,0.));
#5370=DIRECTION('',(0.,1.,0.));
#5371=DIRECTION('center_axis',(0.,0.707106781186548,0.707106781186547));
#5372=DIRECTION('ref_axis',(1.,0.,0.));
#5373=DIRECTION('',(0.,0.707106781186547,-0.707106781186548));
#5374=DIRECTION('',(-1.,0.,0.));
#5375=DIRECTION('center_axis',(1.,0.,0.));
#5376=DIRECTION('ref_axis',(0.,0.382683432365089,0.923879532511287));
#5377=DIRECTION('center_axis',(-1.,0.,0.));
#5378=DIRECTION('ref_axis',(0.,0.382683432365089,0.923879532511287));
#5379=DIRECTION('',(-1.,0.,0.));
#5380=DIRECTION('center_axis',(1.,0.,0.));
#5381=DIRECTION('ref_axis',(0.,0.382683432365089,0.923879532511287));
#5382=DIRECTION('',(1.,0.,0.));
#5383=DIRECTION('center_axis',(-1.,0.,0.));
#5384=DIRECTION('ref_axis',(0.,0.,1.));
#5385=DIRECTION('',(0.,-0.707106781186547,0.707106781186548));
#5386=DIRECTION('',(0.,0.,1.));
#5387=DIRECTION('',(0.,0.707106781186547,0.707106781186548));
#5388=DIRECTION('',(0.,1.,0.));
#5389=DIRECTION('',(0.,1.,0.));
#5390=DIRECTION('center_axis',(0.,0.707106781186548,0.707106781186547));
#5391=DIRECTION('ref_axis',(1.,0.,0.));
#5392=DIRECTION('',(0.,0.707106781186547,-0.707106781186548));
#5393=DIRECTION('',(-1.,0.,0.));
#5394=DIRECTION('center_axis',(-1.,0.,0.));
#5395=DIRECTION('ref_axis',(0.,-0.382683432365083,0.92387953251129));
#5396=DIRECTION('center_axis',(1.,0.,0.));
#5397=DIRECTION('ref_axis',(0.,-0.382683432365083,0.92387953251129));
#5398=DIRECTION('',(1.,0.,0.));
#5399=DIRECTION('center_axis',(-1.,0.,0.));
#5400=DIRECTION('ref_axis',(0.,-0.382683432365083,0.92387953251129));
#5401=DIRECTION('',(-1.,0.,0.));
#5402=DIRECTION('center_axis',(1.,0.,0.));
#5403=DIRECTION('ref_axis',(0.,0.,1.));
#5404=DIRECTION('',(0.,0.70710678118655,0.707106781186545));
#5405=DIRECTION('',(0.,0.,1.));
#5406=DIRECTION('',(0.,-0.70710678118655,0.707106781186545));
#5407=DIRECTION('',(0.,-1.,0.));
#5408=DIRECTION('',(0.,0.,-1.));
#5409=DIRECTION('',(0.,-1.,0.));
#5410=DIRECTION('center_axis',(0.,-0.707106781186545,0.70710678118655));
#5411=DIRECTION('ref_axis',(1.,0.,0.));
#5412=DIRECTION('',(0.,-0.70710678118655,-0.707106781186545));
#5413=DIRECTION('',(1.,0.,0.));
#5414=DIRECTION('center_axis',(-1.,0.,0.));
#5415=DIRECTION('ref_axis',(0.,-0.382683432365083,0.92387953251129));
#5416=DIRECTION('center_axis',(1.,0.,0.));
#5417=DIRECTION('ref_axis',(0.,-0.382683432365083,0.92387953251129));
#5418=DIRECTION('',(1.,0.,0.));
#5419=DIRECTION('center_axis',(-1.,0.,0.));
#5420=DIRECTION('ref_axis',(0.,-0.382683432365083,0.92387953251129));
#5421=DIRECTION('',(-1.,0.,0.));
#5422=DIRECTION('center_axis',(1.,0.,0.));
#5423=DIRECTION('ref_axis',(0.,0.,1.));
#5424=DIRECTION('',(0.,0.70710678118655,0.707106781186545));
#5425=DIRECTION('',(0.,0.,1.));
#5426=DIRECTION('',(0.,-0.70710678118655,0.707106781186545));
#5427=DIRECTION('',(0.,-1.,0.));
#5428=DIRECTION('',(0.,0.,-1.));
#5429=DIRECTION('',(0.,-1.,0.));
#5430=DIRECTION('center_axis',(0.,-0.707106781186545,0.70710678118655));
#5431=DIRECTION('ref_axis',(1.,0.,0.));
#5432=DIRECTION('',(0.,-0.70710678118655,-0.707106781186545));
#5433=DIRECTION('',(1.,0.,0.));
#5434=DIRECTION('center_axis',(-1.,0.,0.));
#5435=DIRECTION('ref_axis',(0.,-0.382683432365083,0.92387953251129));
#5436=DIRECTION('center_axis',(1.,0.,0.));
#5437=DIRECTION('ref_axis',(0.,-0.382683432365083,0.92387953251129));
#5438=DIRECTION('',(1.,0.,0.));
#5439=DIRECTION('center_axis',(-1.,0.,0.));
#5440=DIRECTION('ref_axis',(0.,-0.382683432365083,0.92387953251129));
#5441=DIRECTION('',(-1.,0.,0.));
#5442=DIRECTION('center_axis',(0.,-0.707106781186545,0.70710678118655));
#5443=DIRECTION('ref_axis',(1.,0.,0.));
#5444=DIRECTION('',(0.,-0.70710678118655,-0.707106781186545));
#5445=DIRECTION('',(1.,0.,0.));
#5446=DIRECTION('',(0.,0.70710678118655,0.707106781186545));
#5447=DIRECTION('center_axis',(-1.,0.,0.));
#5448=DIRECTION('ref_axis',(0.,0.,-1.));
#5449=DIRECTION('',(0.,-1.,0.));
#5450=DIRECTION('',(0.,0.,1.));
#5451=DIRECTION('',(0.,-1.,0.));
#5452=DIRECTION('',(0.,0.70710678118655,-0.707106781186545));
#5453=DIRECTION('',(0.,0.,-1.));
#5454=DIRECTION('center_axis',(0.,1.,0.));
#5455=DIRECTION('ref_axis',(0.,0.,1.));
#5456=DIRECTION('',(0.,0.,-1.));
#5457=DIRECTION('',(1.,0.,0.));
#5458=DIRECTION('center_axis',(1.,0.,0.));
#5459=DIRECTION('ref_axis',(0.,0.,-1.));
#5460=DIRECTION('',(0.,1.,0.));
#5461=DIRECTION('',(0.,1.,0.));
#5462=DIRECTION('',(0.,-0.707106781186547,-0.707106781186548));
#5463=DIRECTION('center_axis',(0.,0.707106781186548,-0.707106781186547));
#5464=DIRECTION('ref_axis',(-1.,0.,0.));
#5465=DIRECTION('',(-1.,0.,0.));
#5466=DIRECTION('center_axis',(0.,0.,-1.));
#5467=DIRECTION('ref_axis',(-1.,0.,0.));
#5468=DIRECTION('center_axis',(0.,1.,0.));
#5469=DIRECTION('ref_axis',(0.,0.,1.));
#5470=DIRECTION('',(0.,0.,-1.));
#5471=DIRECTION('',(1.,0.,0.));
#5472=DIRECTION('center_axis',(0.,0.707106781186548,-0.707106781186547));
#5473=DIRECTION('ref_axis',(-1.,0.,0.));
#5474=DIRECTION('',(0.,-0.707106781186547,-0.707106781186548));
#5475=DIRECTION('',(-1.,0.,0.));
#5476=DIRECTION('center_axis',(0.,-1.,0.));
#5477=DIRECTION('ref_axis',(0.,0.,-1.));
#5478=DIRECTION('',(0.,0.,-1.));
#5479=DIRECTION('',(-1.,0.,0.));
#5480=DIRECTION('center_axis',(-1.,0.,0.));
#5481=DIRECTION('ref_axis',(0.,0.,-1.));
#5482=DIRECTION('',(0.,-1.,0.));
#5483=DIRECTION('',(0.,0.,1.));
#5484=DIRECTION('',(0.,-1.,0.));
#5485=DIRECTION('',(0.,0.70710678118655,-0.707106781186545));
#5486=DIRECTION('center_axis',(0.,-0.707106781186545,-0.70710678118655));
#5487=DIRECTION('ref_axis',(-1.,0.,0.));
#5488=DIRECTION('',(1.,0.,0.));
#5489=DIRECTION('center_axis',(0.,0.,-1.));
#5490=DIRECTION('ref_axis',(1.,0.,0.));
#5491=DIRECTION('',(-1.,0.,0.));
#5492=DIRECTION('center_axis',(0.,-1.,0.));
#5493=DIRECTION('ref_axis',(0.,0.,-1.));
#5494=DIRECTION('',(0.,0.,-1.));
#5495=DIRECTION('',(-1.,0.,0.));
#5496=DIRECTION('center_axis',(0.,-0.707106781186545,-0.70710678118655));
#5497=DIRECTION('ref_axis',(-1.,0.,0.));
#5498=DIRECTION('',(0.,0.70710678118655,-0.707106781186545));
#5499=DIRECTION('',(1.,0.,0.));
#5500=DIRECTION('center_axis',(0.,-0.707106781186545,-0.70710678118655));
#5501=DIRECTION('ref_axis',(-1.,0.,0.));
#5502=DIRECTION('',(0.,-0.70710678118655,0.707106781186545));
#5503=DIRECTION('',(-1.,0.,0.));
#5504=DIRECTION('',(1.,0.,0.));
#5505=DIRECTION('center_axis',(0.,-1.,0.));
#5506=DIRECTION('ref_axis',(0.,0.,-1.));
#5507=DIRECTION('',(0.,0.,1.));
#5508=DIRECTION('center_axis',(0.,0.,-1.));
#5509=DIRECTION('ref_axis',(-1.,0.,0.));
#5510=DIRECTION('',(0.,1.,0.));
#5511=DIRECTION('center_axis',(1.,0.,0.));
#5512=DIRECTION('ref_axis',(0.,0.,-1.));
#5513=DIRECTION('',(0.,1.,0.));
#5514=DIRECTION('center_axis',(0.,0.,1.));
#5515=DIRECTION('ref_axis',(1.,0.,0.));
#5516=DIRECTION('center_axis',(0.,0.,1.));
#5517=DIRECTION('ref_axis',(1.,0.,0.));
#5518=DIRECTION('center_axis',(0.,0.,1.));
#5519=DIRECTION('ref_axis',(-1.,0.,0.));
#5520=DIRECTION('',(1.,0.,0.));
#5521=DIRECTION('center_axis',(0.,0.,-1.));
#5522=DIRECTION('ref_axis',(1.,0.,0.));
#5523=DIRECTION('',(0.,-1.,0.));
#5524=DIRECTION('',(-1.,0.,0.));
#5525=DIRECTION('center_axis',(-1.,0.,0.));
#5526=DIRECTION('ref_axis',(0.,0.,-1.));
#5527=DIRECTION('',(0.,-1.,0.));
#5528=DIRECTION('',(0.,0.,1.));
#5529=DIRECTION('center_axis',(0.,0.,1.));
#5530=DIRECTION('ref_axis',(-1.,0.,0.));
#5531=DIRECTION('',(1.,0.,0.));
#5532=DIRECTION('center_axis',(0.,0.,-1.));
#5533=DIRECTION('ref_axis',(1.,0.,0.));
#5534=DIRECTION('',(-1.,0.,0.));
#5535=DIRECTION('',(0.,-1.,0.));
#5536=DIRECTION('center_axis',(0.,0.,1.));
#5537=DIRECTION('ref_axis',(-1.,0.,0.));
#5538=DIRECTION('',(0.,-1.,0.));
#5539=DIRECTION('',(1.,0.,0.));
#5540=DIRECTION('center_axis',(1.,0.,0.));
#5541=DIRECTION('ref_axis',(0.,0.,1.));
#5542=DIRECTION('',(0.,0.,-1.));
#5543=DIRECTION('center_axis',(0.,-1.,0.));
#5544=DIRECTION('ref_axis',(1.,0.,0.));
#5545=DIRECTION('',(0.,0.,1.));
#5546=DIRECTION('center_axis',(-1.,0.,0.));
#5547=DIRECTION('ref_axis',(0.,-1.,0.));
#5548=DIRECTION('center_axis',(-1.,0.,0.));
#5549=DIRECTION('ref_axis',(0.,-1.,0.));
#5550=CARTESIAN_POINT('',(0.,0.,0.));
#5551=CARTESIAN_POINT('Origin',(110.5,-10.5,-45.6803680356839));
#5552=CARTESIAN_POINT('',(110.5,-10.5,-46.1803680356839));
#5553=CARTESIAN_POINT('',(110.5,-10.5,-45.6803680356839));
#5554=CARTESIAN_POINT('',(110.5,-10.5,-34.835184017842));
#5555=CARTESIAN_POINT('',(110.5,-11.,-46.1803680356839));
#5556=CARTESIAN_POINT('',(110.5,-10.5,-46.1803680356839));
#5557=CARTESIAN_POINT('',(110.5,-11.,-45.6803680356839));
#5558=CARTESIAN_POINT('',(110.5,-11.,-45.6803680356839));
#5559=CARTESIAN_POINT('',(110.5,-10.5,-45.6803680356839));
#5560=CARTESIAN_POINT('Origin',(109.,-10.5,-44.1803680356839));
#5561=CARTESIAN_POINT('',(109.,-10.5,-44.1803680356839));
#5562=CARTESIAN_POINT('',(79.327407991079,-10.5,-14.507776026763));
#5563=CARTESIAN_POINT('',(109.,-11.,-44.1803680356839));
#5564=CARTESIAN_POINT('',(109.,-11.,-44.1803680356839));
#5565=CARTESIAN_POINT('',(109.,-10.5,-44.1803680356839));
#5566=CARTESIAN_POINT('Origin',(60.75,-11.,-45.1803680356839));
#5567=CARTESIAN_POINT('',(11.,-11.,-44.1803680356839));
#5568=CARTESIAN_POINT('',(10.5,-11.,-44.1803680356839));
#5569=CARTESIAN_POINT('',(11.,-11.,-46.1803680356839));
#5570=CARTESIAN_POINT('',(110.5,-11.,-46.1803680356839));
#5571=CARTESIAN_POINT('',(11.,-11.,-44.6803680356839));
#5572=CARTESIAN_POINT('Origin',(90.5,-10.5,-37.6803680356839));
#5573=CARTESIAN_POINT('',(90.5,-10.5,-38.1803680356839));
#5574=CARTESIAN_POINT('',(90.5,-10.5,-37.6803680356839));
#5575=CARTESIAN_POINT('',(90.5,-10.5,-30.835184017842));
#5576=CARTESIAN_POINT('',(90.5,-11.,-38.1803680356839));
#5577=CARTESIAN_POINT('',(90.5,-10.5,-38.1803680356839));
#5578=CARTESIAN_POINT('',(90.5,-11.,-37.6803680356839));
#5579=CARTESIAN_POINT('',(90.5,-11.,-37.6803680356839));
#5580=CARTESIAN_POINT('',(90.5,-10.5,-37.6803680356839));
#5581=CARTESIAN_POINT('Origin',(89.,-10.5,-36.1803680356839));
#5582=CARTESIAN_POINT('',(89.,-10.5,-36.1803680356839));
#5583=CARTESIAN_POINT('',(66.327407991079,-10.5,-13.5077760267629));
#5584=CARTESIAN_POINT('',(89.,-11.,-36.1803680356839));
#5585=CARTESIAN_POINT('',(89.,-11.,-36.1803680356839));
#5586=CARTESIAN_POINT('',(89.,-10.5,-36.1803680356839));
#5587=CARTESIAN_POINT('Origin',(50.75,-11.,-37.1803680356839));
#5588=CARTESIAN_POINT('',(11.,-11.,-36.1803680356839));
#5589=CARTESIAN_POINT('',(10.5,-11.,-36.1803680356839));
#5590=CARTESIAN_POINT('',(11.,-11.,-38.1803680356839));
#5591=CARTESIAN_POINT('',(90.5,-11.,-38.1803680356839));
#5592=CARTESIAN_POINT('',(11.,-11.,-36.6803680356839));
#5593=CARTESIAN_POINT('Origin',(70.5,-10.5,-28.6803680356839));
#5594=CARTESIAN_POINT('',(70.5,-10.5,-29.1803680356839));
#5595=CARTESIAN_POINT('',(70.5,-10.5,-28.6803680356839));
#5596=CARTESIAN_POINT('',(70.5,-10.5,-26.335184017842));
#5597=CARTESIAN_POINT('',(70.5,-11.,-29.1803680356839));
#5598=CARTESIAN_POINT('',(70.5,-10.5,-29.1803680356839));
#5599=CARTESIAN_POINT('',(70.5,-11.,-28.6803680356839));
#5600=CARTESIAN_POINT('',(70.5,-11.,-28.6803680356839));
#5601=CARTESIAN_POINT('',(70.5,-10.5,-28.6803680356839));
#5602=CARTESIAN_POINT('Origin',(69.,-10.5,-27.1803680356839));
#5603=CARTESIAN_POINT('',(69.,-10.5,-27.1803680356839));
#5604=CARTESIAN_POINT('',(53.577407991079,-10.5,-11.7577760267629));
#5605=CARTESIAN_POINT('',(69.,-11.,-27.1803680356839));
#5606=CARTESIAN_POINT('',(69.,-11.,-27.1803680356839));
#5607=CARTESIAN_POINT('',(69.,-10.5,-27.1803680356839));
#5608=CARTESIAN_POINT('Origin',(40.75,-11.,-28.1803680356839));
#5609=CARTESIAN_POINT('',(11.,-11.,-27.1803680356839));
#5610=CARTESIAN_POINT('',(10.5,-11.,-27.1803680356839));
#5611=CARTESIAN_POINT('',(11.,-11.,-29.1803680356839));
#5612=CARTESIAN_POINT('',(70.5,-11.,-29.1803680356839));
#5613=CARTESIAN_POINT('',(11.,-11.,-27.6803680356839));
#5614=CARTESIAN_POINT('Origin',(80.5,-10.5,-33.6803680356839));
#5615=CARTESIAN_POINT('',(80.5,-10.5,-34.1803680356839));
#5616=CARTESIAN_POINT('',(80.5,-10.5,-33.6803680356839));
#5617=CARTESIAN_POINT('',(80.5,-10.5,-28.835184017842));
#5618=CARTESIAN_POINT('',(80.5,-11.,-34.1803680356839));
#5619=CARTESIAN_POINT('',(80.5,-10.5,-34.1803680356839));
#5620=CARTESIAN_POINT('',(80.5,-11.,-33.6803680356839));
#5621=CARTESIAN_POINT('',(80.5,-11.,-33.6803680356839));
#5622=CARTESIAN_POINT('',(80.5,-10.5,-33.6803680356839));
#5623=CARTESIAN_POINT('Origin',(79.,-10.5,-32.1803680356839));
#5624=CARTESIAN_POINT('',(79.,-10.5,-32.1803680356839));
#5625=CARTESIAN_POINT('',(59.827407991079,-10.5,-13.0077760267629));
#5626=CARTESIAN_POINT('',(79.,-11.,-32.1803680356839));
#5627=CARTESIAN_POINT('',(79.,-11.,-32.1803680356839));
#5628=CARTESIAN_POINT('',(79.,-10.5,-32.1803680356839));
#5629=CARTESIAN_POINT('Origin',(45.75,-11.,-33.1803680356839));
#5630=CARTESIAN_POINT('',(11.,-11.,-32.1803680356839));
#5631=CARTESIAN_POINT('',(10.5,-11.,-32.1803680356839));
#5632=CARTESIAN_POINT('',(11.,-11.,-34.1803680356839));
#5633=CARTESIAN_POINT('',(80.5,-11.,-34.1803680356839));
#5634=CARTESIAN_POINT('',(11.,-11.,-32.6803680356839));
#5635=CARTESIAN_POINT('Origin',(100.5,-10.5,-41.6803680356839));
#5636=CARTESIAN_POINT('',(100.5,-10.5,-42.1803680356839));
#5637=CARTESIAN_POINT('',(100.5,-10.5,-41.6803680356839));
#5638=CARTESIAN_POINT('',(100.5,-10.5,-32.835184017842));
#5639=CARTESIAN_POINT('',(100.5,-11.,-42.1803680356839));
#5640=CARTESIAN_POINT('',(100.5,-10.5,-42.1803680356839));
#5641=CARTESIAN_POINT('',(100.5,-11.,-41.6803680356839));
#5642=CARTESIAN_POINT('',(100.5,-11.,-41.6803680356839));
#5643=CARTESIAN_POINT('',(100.5,-10.5,-41.6803680356839));
#5644=CARTESIAN_POINT('Origin',(99.,-10.5,-40.1803680356839));
#5645=CARTESIAN_POINT('',(99.,-10.5,-40.1803680356839));
#5646=CARTESIAN_POINT('',(72.827407991079,-10.5,-14.007776026763));
#5647=CARTESIAN_POINT('',(99.,-11.,-40.1803680356839));
#5648=CARTESIAN_POINT('',(99.,-11.,-40.1803680356839));
#5649=CARTESIAN_POINT('',(99.,-10.5,-40.1803680356839));
#5650=CARTESIAN_POINT('Origin',(55.75,-11.,-41.1803680356839));
#5651=CARTESIAN_POINT('',(11.,-11.,-40.1803680356839));
#5652=CARTESIAN_POINT('',(10.5,-11.,-40.1803680356839));
#5653=CARTESIAN_POINT('',(11.,-11.,-42.1803680356839));
#5654=CARTESIAN_POINT('',(100.5,-11.,-42.1803680356839));
#5655=CARTESIAN_POINT('',(11.,-11.,-40.6803680356839));
#5656=CARTESIAN_POINT('Origin',(10.5,-10.5,-23.99));
#5657=CARTESIAN_POINT('',(10.5,-10.5,-46.1803680356839));
#5658=CARTESIAN_POINT('',(60.5,-10.5,-46.1803680356839));
#5659=CARTESIAN_POINT('',(10.5,-10.5,-44.1803680356839));
#5660=CARTESIAN_POINT('',(10.75,-10.5,-44.1803680356839));
#5661=CARTESIAN_POINT('',(10.5,-10.5,-42.1803680356839));
#5662=CARTESIAN_POINT('',(10.5,-10.5,-23.99));
#5663=CARTESIAN_POINT('',(55.5,-10.5,-42.1803680356839));
#5664=CARTESIAN_POINT('',(10.5,-10.5,-40.1803680356839));
#5665=CARTESIAN_POINT('',(10.75,-10.5,-40.1803680356839));
#5666=CARTESIAN_POINT('',(10.5,-10.5,-38.1803680356839));
#5667=CARTESIAN_POINT('',(10.5,-10.5,-23.99));
#5668=CARTESIAN_POINT('',(50.5,-10.5,-38.1803680356839));
#5669=CARTESIAN_POINT('',(10.5,-10.5,-36.1803680356839));
#5670=CARTESIAN_POINT('',(10.75,-10.5,-36.1803680356839));
#5671=CARTESIAN_POINT('',(10.5,-10.5,-34.1803680356839));
#5672=CARTESIAN_POINT('',(10.5,-10.5,-23.99));
#5673=CARTESIAN_POINT('',(45.5,-10.5,-34.1803680356839));
#5674=CARTESIAN_POINT('',(10.5,-10.5,-32.1803680356839));
#5675=CARTESIAN_POINT('',(10.75,-10.5,-32.1803680356839));
#5676=CARTESIAN_POINT('',(10.5,-10.5,-29.1803680356839));
#5677=CARTESIAN_POINT('',(10.5,-10.5,-23.99));
#5678=CARTESIAN_POINT('',(40.5,-10.5,-29.1803680356839));
#5679=CARTESIAN_POINT('',(10.5,-10.5,-27.1803680356839));
#5680=CARTESIAN_POINT('',(10.75,-10.5,-27.1803680356839));
#5681=CARTESIAN_POINT('',(10.5,-10.5,-23.99));
#5682=CARTESIAN_POINT('',(10.5,-10.5,-23.99));
#5683=CARTESIAN_POINT('',(114.,-10.5,-23.99));
#5684=CARTESIAN_POINT('',(114.,-10.5,-23.99));
#5685=CARTESIAN_POINT('',(114.,-10.5,-48.99));
#5686=CARTESIAN_POINT('',(114.,-10.5,-23.99));
#5687=CARTESIAN_POINT('',(10.5,-10.5,-48.99));
#5688=CARTESIAN_POINT('',(114.,-10.5,-48.99));
#5689=CARTESIAN_POINT('',(10.5,-10.5,-23.99));
#5690=CARTESIAN_POINT('Origin',(11.,-73.5,-36.1803680356839));
#5691=CARTESIAN_POINT('',(11.,-73.,-38.1803680356839));
#5692=CARTESIAN_POINT('',(11.,-73.5,-38.1803680356839));
#5693=CARTESIAN_POINT('',(11.,-73.,-36.1803680356839));
#5694=CARTESIAN_POINT('',(11.,-73.,-36.1803680356839));
#5695=CARTESIAN_POINT('',(11.,-73.5,-36.1803680356839));
#5696=CARTESIAN_POINT('Origin',(11.,-73.5,-32.1803680356839));
#5697=CARTESIAN_POINT('',(11.,-73.,-34.1803680356839));
#5698=CARTESIAN_POINT('',(11.,-73.5,-34.1803680356839));
#5699=CARTESIAN_POINT('',(11.,-73.,-32.1803680356839));
#5700=CARTESIAN_POINT('',(11.,-73.,-32.1803680356839));
#5701=CARTESIAN_POINT('',(11.,-73.5,-32.1803680356839));
#5702=CARTESIAN_POINT('Origin',(11.,-73.5,-40.1803680356839));
#5703=CARTESIAN_POINT('',(11.,-73.,-42.1803680356839));
#5704=CARTESIAN_POINT('',(11.,-73.5,-42.1803680356839));
#5705=CARTESIAN_POINT('',(11.,-73.,-40.1803680356839));
#5706=CARTESIAN_POINT('',(11.,-73.,-40.1803680356839));
#5707=CARTESIAN_POINT('',(11.,-73.5,-40.1803680356839));
#5708=CARTESIAN_POINT('Origin',(11.,-73.5,-27.1803680356839));
#5709=CARTESIAN_POINT('',(11.,-73.,-29.1803680356839));
#5710=CARTESIAN_POINT('',(11.,-73.5,-29.1803680356839));
#5711=CARTESIAN_POINT('',(11.,-73.,-27.1803680356839));
#5712=CARTESIAN_POINT('',(11.,-73.,-27.1803680356839));
#5713=CARTESIAN_POINT('',(11.,-73.5,-27.1803680356839));
#5714=CARTESIAN_POINT('Origin',(11.,-73.5,-44.1803680356839));
#5715=CARTESIAN_POINT('',(11.,-73.,-46.1803680356839));
#5716=CARTESIAN_POINT('',(11.,-73.5,-46.1803680356839));
#5717=CARTESIAN_POINT('',(11.,-73.,-44.1803680356839));
#5718=CARTESIAN_POINT('',(11.,-73.,-44.1803680356839));
#5719=CARTESIAN_POINT('',(11.,-73.5,-44.1803680356839));
#5720=CARTESIAN_POINT('Origin',(10.5,-73.5,-23.99));
#5721=CARTESIAN_POINT('',(10.5,-73.5,-46.1803680356839));
#5722=CARTESIAN_POINT('',(10.5,-73.5,-46.1803680356839));
#5723=CARTESIAN_POINT('',(10.5,-73.5,-48.99));
#5724=CARTESIAN_POINT('',(10.5,-10.5,-48.99));
#5725=CARTESIAN_POINT('',(10.5,-73.5,-23.99));
#5726=CARTESIAN_POINT('Origin',(10.5,-73.5,-23.99));
#5727=CARTESIAN_POINT('',(10.5,-73.5,-42.1803680356839));
#5728=CARTESIAN_POINT('',(10.5,-73.5,-42.1803680356839));
#5729=CARTESIAN_POINT('',(10.5,-73.5,-44.1803680356839));
#5730=CARTESIAN_POINT('',(10.5,-73.5,-44.1803680356839));
#5731=CARTESIAN_POINT('',(10.5,-73.5,-23.99));
#5732=CARTESIAN_POINT('Origin',(10.5,-73.5,-23.99));
#5733=CARTESIAN_POINT('',(10.5,-73.5,-27.1803680356839));
#5734=CARTESIAN_POINT('',(10.5,-73.5,-27.1803680356839));
#5735=CARTESIAN_POINT('',(10.5,-73.5,-23.99));
#5736=CARTESIAN_POINT('',(10.5,-73.5,-23.99));
#5737=CARTESIAN_POINT('',(10.5,-10.5,-23.99));
#5738=CARTESIAN_POINT('Origin',(10.5,-73.5,-23.99));
#5739=CARTESIAN_POINT('',(10.5,-73.5,-38.1803680356839));
#5740=CARTESIAN_POINT('',(10.5,-73.5,-38.1803680356839));
#5741=CARTESIAN_POINT('',(10.5,-73.5,-40.1803680356839));
#5742=CARTESIAN_POINT('',(10.5,-73.5,-40.1803680356839));
#5743=CARTESIAN_POINT('',(10.5,-73.5,-23.99));
#5744=CARTESIAN_POINT('Origin',(10.5,-73.5,-23.99));
#5745=CARTESIAN_POINT('',(10.5,-73.5,-32.1803680356839));
#5746=CARTESIAN_POINT('',(10.5,-73.5,-32.1803680356839));
#5747=CARTESIAN_POINT('',(10.5,-73.5,-29.1803680356839));
#5748=CARTESIAN_POINT('',(10.5,-73.5,-23.99));
#5749=CARTESIAN_POINT('',(10.5,-73.5,-29.1803680356839));
#5750=CARTESIAN_POINT('Origin',(90.5,-73.5,-38.1803680356839));
#5751=CARTESIAN_POINT('',(90.5,-73.5,-38.1803680356839));
#5752=CARTESIAN_POINT('',(62.5,-73.5,-38.1803680356839));
#5753=CARTESIAN_POINT('',(90.5,-73.,-38.1803680356839));
#5754=CARTESIAN_POINT('',(90.5,-73.5,-38.1803680356839));
#5755=CARTESIAN_POINT('',(90.5,-73.,-38.1803680356839));
#5756=CARTESIAN_POINT('Origin',(90.5,-73.5,-37.6803680356839));
#5757=CARTESIAN_POINT('',(90.5,-73.5,-37.6803680356839));
#5758=CARTESIAN_POINT('',(90.5,-73.5,-30.835184017842));
#5759=CARTESIAN_POINT('',(90.5,-73.,-37.6803680356839));
#5760=CARTESIAN_POINT('',(90.5,-73.5,-37.6803680356839));
#5761=CARTESIAN_POINT('',(90.5,-73.,-37.6803680356839));
#5762=CARTESIAN_POINT('Origin',(89.,-73.5,-36.1803680356839));
#5763=CARTESIAN_POINT('',(89.,-73.5,-36.1803680356839));
#5764=CARTESIAN_POINT('',(92.202407991079,-73.5,-39.3827760267629));
#5765=CARTESIAN_POINT('',(89.,-73.,-36.1803680356839));
#5766=CARTESIAN_POINT('',(89.,-73.5,-36.1803680356839));
#5767=CARTESIAN_POINT('',(89.,-73.,-36.1803680356839));
#5768=CARTESIAN_POINT('Origin',(11.,-73.5,-36.1803680356839));
#5769=CARTESIAN_POINT('',(10.5,-73.5,-36.1803680356839));
#5770=CARTESIAN_POINT('',(62.25,-73.5,-36.1803680356839));
#5771=CARTESIAN_POINT('',(10.5,-73.5,-36.1803680356839));
#5772=CARTESIAN_POINT('',(10.5,-73.,-36.1803680356839));
#5773=CARTESIAN_POINT('Origin',(50.75,-73.,-37.1803680356839));
#5774=CARTESIAN_POINT('Origin',(80.5,-73.5,-34.1803680356839));
#5775=CARTESIAN_POINT('',(80.5,-73.5,-34.1803680356839));
#5776=CARTESIAN_POINT('',(10.5,-73.5,-34.1803680356839));
#5777=CARTESIAN_POINT('',(62.5,-73.5,-34.1803680356839));
#5778=CARTESIAN_POINT('',(80.5,-73.,-34.1803680356839));
#5779=CARTESIAN_POINT('',(80.5,-73.5,-34.1803680356839));
#5780=CARTESIAN_POINT('',(80.5,-73.,-34.1803680356839));
#5781=CARTESIAN_POINT('',(10.5,-73.5,-34.1803680356839));
#5782=CARTESIAN_POINT('Origin',(80.5,-73.5,-33.6803680356839));
#5783=CARTESIAN_POINT('',(80.5,-73.5,-33.6803680356839));
#5784=CARTESIAN_POINT('',(80.5,-73.5,-28.835184017842));
#5785=CARTESIAN_POINT('',(80.5,-73.,-33.6803680356839));
#5786=CARTESIAN_POINT('',(80.5,-73.5,-33.6803680356839));
#5787=CARTESIAN_POINT('',(80.5,-73.,-33.6803680356839));
#5788=CARTESIAN_POINT('Origin',(79.,-73.5,-32.1803680356839));
#5789=CARTESIAN_POINT('',(79.,-73.5,-32.1803680356839));
#5790=CARTESIAN_POINT('',(85.7024079910791,-73.5,-38.8827760267629));
#5791=CARTESIAN_POINT('',(79.,-73.,-32.1803680356839));
#5792=CARTESIAN_POINT('',(79.,-73.5,-32.1803680356839));
#5793=CARTESIAN_POINT('',(79.,-73.,-32.1803680356839));
#5794=CARTESIAN_POINT('Origin',(11.,-73.5,-32.1803680356839));
#5795=CARTESIAN_POINT('',(62.25,-73.5,-32.1803680356839));
#5796=CARTESIAN_POINT('',(10.5,-73.,-32.1803680356839));
#5797=CARTESIAN_POINT('Origin',(45.75,-73.,-33.1803680356839));
#5798=CARTESIAN_POINT('Origin',(100.5,-73.5,-42.1803680356839));
#5799=CARTESIAN_POINT('',(100.5,-73.5,-42.1803680356839));
#5800=CARTESIAN_POINT('',(62.5,-73.5,-42.1803680356839));
#5801=CARTESIAN_POINT('',(100.5,-73.,-42.1803680356839));
#5802=CARTESIAN_POINT('',(100.5,-73.5,-42.1803680356839));
#5803=CARTESIAN_POINT('',(100.5,-73.,-42.1803680356839));
#5804=CARTESIAN_POINT('Origin',(100.5,-73.5,-41.6803680356839));
#5805=CARTESIAN_POINT('',(100.5,-73.5,-41.6803680356839));
#5806=CARTESIAN_POINT('',(100.5,-73.5,-32.835184017842));
#5807=CARTESIAN_POINT('',(100.5,-73.,-41.6803680356839));
#5808=CARTESIAN_POINT('',(100.5,-73.5,-41.6803680356839));
#5809=CARTESIAN_POINT('',(100.5,-73.,-41.6803680356839));
#5810=CARTESIAN_POINT('Origin',(99.,-73.5,-40.1803680356839));
#5811=CARTESIAN_POINT('',(99.,-73.5,-40.1803680356839));
#5812=CARTESIAN_POINT('',(98.702407991079,-73.5,-39.8827760267629));
#5813=CARTESIAN_POINT('',(99.,-73.,-40.1803680356839));
#5814=CARTESIAN_POINT('',(99.,-73.5,-40.1803680356839));
#5815=CARTESIAN_POINT('',(99.,-73.,-40.1803680356839));
#5816=CARTESIAN_POINT('Origin',(11.,-73.5,-40.1803680356839));
#5817=CARTESIAN_POINT('',(62.25,-73.5,-40.1803680356839));
#5818=CARTESIAN_POINT('',(10.5,-73.,-40.1803680356839));
#5819=CARTESIAN_POINT('Origin',(55.75,-73.,-41.1803680356839));
#5820=CARTESIAN_POINT('Origin',(70.5,-73.5,-29.1803680356839));
#5821=CARTESIAN_POINT('',(70.5,-73.5,-29.1803680356839));
#5822=CARTESIAN_POINT('',(62.5,-73.5,-29.1803680356839));
#5823=CARTESIAN_POINT('',(70.5,-73.,-29.1803680356839));
#5824=CARTESIAN_POINT('',(70.5,-73.5,-29.1803680356839));
#5825=CARTESIAN_POINT('',(70.5,-73.,-29.1803680356839));
#5826=CARTESIAN_POINT('Origin',(70.5,-73.5,-28.6803680356839));
#5827=CARTESIAN_POINT('',(70.5,-73.5,-28.6803680356839));
#5828=CARTESIAN_POINT('',(70.5,-73.5,-26.335184017842));
#5829=CARTESIAN_POINT('',(70.5,-73.,-28.6803680356839));
#5830=CARTESIAN_POINT('',(70.5,-73.5,-28.6803680356839));
#5831=CARTESIAN_POINT('',(70.5,-73.,-28.6803680356839));
#5832=CARTESIAN_POINT('Origin',(69.,-73.5,-27.1803680356839));
#5833=CARTESIAN_POINT('',(69.,-73.5,-27.1803680356839));
#5834=CARTESIAN_POINT('',(79.4524079910791,-73.5,-37.6327760267629));
#5835=CARTESIAN_POINT('',(69.,-73.,-27.1803680356839));
#5836=CARTESIAN_POINT('',(69.,-73.5,-27.1803680356839));
#5837=CARTESIAN_POINT('',(69.,-73.,-27.1803680356839));
#5838=CARTESIAN_POINT('Origin',(11.,-73.5,-27.1803680356839));
#5839=CARTESIAN_POINT('',(62.25,-73.5,-27.1803680356839));
#5840=CARTESIAN_POINT('',(10.5,-73.,-27.1803680356839));
#5841=CARTESIAN_POINT('Origin',(40.75,-73.,-28.1803680356839));
#5842=CARTESIAN_POINT('Origin',(110.5,-73.5,-46.1803680356839));
#5843=CARTESIAN_POINT('',(110.5,-73.5,-46.1803680356839));
#5844=CARTESIAN_POINT('',(62.5,-73.5,-46.1803680356839));
#5845=CARTESIAN_POINT('',(110.5,-73.,-46.1803680356839));
#5846=CARTESIAN_POINT('',(110.5,-73.5,-46.1803680356839));
#5847=CARTESIAN_POINT('',(110.5,-73.,-46.1803680356839));
#5848=CARTESIAN_POINT('Origin',(110.5,-73.5,-45.6803680356839));
#5849=CARTESIAN_POINT('',(110.5,-73.5,-45.6803680356839));
#5850=CARTESIAN_POINT('',(110.5,-73.5,-34.835184017842));
#5851=CARTESIAN_POINT('',(110.5,-73.,-45.6803680356839));
#5852=CARTESIAN_POINT('',(110.5,-73.5,-45.6803680356839));
#5853=CARTESIAN_POINT('',(110.5,-73.,-45.6803680356839));
#5854=CARTESIAN_POINT('Origin',(109.,-73.5,-44.1803680356839));
#5855=CARTESIAN_POINT('',(109.,-73.5,-44.1803680356839));
#5856=CARTESIAN_POINT('',(105.202407991079,-73.5,-40.382776026763));
#5857=CARTESIAN_POINT('',(109.,-73.,-44.1803680356839));
#5858=CARTESIAN_POINT('',(109.,-73.5,-44.1803680356839));
#5859=CARTESIAN_POINT('',(109.,-73.,-44.1803680356839));
#5860=CARTESIAN_POINT('Origin',(11.,-73.5,-44.1803680356839));
#5861=CARTESIAN_POINT('',(62.25,-73.5,-44.1803680356839));
#5862=CARTESIAN_POINT('',(10.5,-73.,-44.1803680356839));
#5863=CARTESIAN_POINT('Origin',(60.75,-73.,-45.1803680356839));
#5864=CARTESIAN_POINT('Origin',(123.264218160582,-9.24758967190717,-20.7500000745058));
#5865=CARTESIAN_POINT('',(125.305694376132,-9.24758967190717,-20.7500000745058));
#5866=CARTESIAN_POINT('Origin',(123.264218160582,-9.24758967190717,-20.7500000745058));
#5867=CARTESIAN_POINT('Origin',(123.264218160582,-9.24758967190717,-24.7500000745058));
#5868=CARTESIAN_POINT('',(125.305694376132,-9.24758967190717,-24.7500000745058));
#5869=CARTESIAN_POINT('Origin',(123.264218160582,-9.24758967190717,-24.7500000745058));
#5870=CARTESIAN_POINT('Origin',(123.264218160582,-9.24758967190717,-20.));
#5871=CARTESIAN_POINT('',(125.305694376132,-9.24758967190717,-25.));
#5872=CARTESIAN_POINT('',(125.305694376132,-9.24758967190717,-20.));
#5873=CARTESIAN_POINT('Origin',(123.264218160582,-9.24758967190717,-25.));
#5874=CARTESIAN_POINT('Origin',(123.264218160582,-9.24758967190717,-19.0000000745058));
#5875=CARTESIAN_POINT('',(126.264218160582,-9.24758967190717,-19.0000000745058));
#5876=CARTESIAN_POINT('Origin',(123.264218160582,-9.24758967190717,-19.0000000745058));
#5877=CARTESIAN_POINT('',(125.305694376132,-9.24758967190717,-19.0000000745058));
#5878=CARTESIAN_POINT('Origin',(123.264218160582,-9.24758967190717,-19.0000000745058));
#5879=CARTESIAN_POINT('Origin',(123.264218160582,-9.24758967190717,-20.));
#5880=CARTESIAN_POINT('',(121.971324920376,-11.9546964428766,-22.0000001788139));
#5881=CARTESIAN_POINT('',(121.971324920376,-11.9546964428766,-20.));
#5882=CARTESIAN_POINT('',(121.971324920376,-11.9546964428766,-20.));
#5883=CARTESIAN_POINT('',(121.942249132503,-11.9406173154339,-22.0000001788139));
#5884=CARTESIAN_POINT('Origin',(123.264218160582,-9.24758967190717,-22.0000001788139));
#5885=CARTESIAN_POINT('',(121.942249132503,-11.9406173154339,-24.9999996647239));
#5886=CARTESIAN_POINT('',(121.942249132503,-11.9406173154339,-20.));
#5887=CARTESIAN_POINT('',(126.264218160582,-9.24758967190717,-25.));
#5888=CARTESIAN_POINT('Origin',(123.264218160582,-9.24758967190717,-25.));
#5889=CARTESIAN_POINT('',(126.264218160582,-9.24758967190717,-20.));
#5890=CARTESIAN_POINT('',(120.557111389613,-10.5404829121136,-24.9999996647239));
#5891=CARTESIAN_POINT('Origin',(123.264218160582,-9.24758967190717,-25.));
#5892=CARTESIAN_POINT('',(120.557111389613,-10.5404829121136,-20.));
#5893=CARTESIAN_POINT('',(120.557111389613,-10.5404829121136,-20.));
#5894=CARTESIAN_POINT('Origin',(123.264218160582,-9.24758967190717,-20.));
#5895=CARTESIAN_POINT('Origin',(119.021577457658,-14.9044439055945,-19.9999997764826));
#5896=CARTESIAN_POINT('',(119.926021154636,-14.0000002086163,-19.9999997764826));
#5897=CARTESIAN_POINT('',(119.021577457658,-14.9044439055945,-19.9999997764826));
#5898=CARTESIAN_POINT('',(119.926021154636,-14.0000002086163,-22.0000001788139));
#5899=CARTESIAN_POINT('',(119.926021154636,-14.0000002086163,-20.9999999776483));
#5900=CARTESIAN_POINT('',(119.021577457658,-14.9044439055945,-22.0000001788139));
#5901=CARTESIAN_POINT('Origin',(62.25,-42.,-20.));
#5902=CARTESIAN_POINT('',(118.097594108011,-13.0000001937151,-19.9999997764826));
#5903=CARTESIAN_POINT('',(117.607363926895,-13.4902303748315,-19.9999997764826));
#5904=CARTESIAN_POINT('',(114.,-13.0000001937151,-20.0000001490116));
#5905=CARTESIAN_POINT('',(114.,-13.0000001937151,-20.0000001490116));
#5906=CARTESIAN_POINT('',(114.,-12.5,-20.0000001490116));
#5907=CARTESIAN_POINT('',(114.,-71.500001065433,-20.0000001490116));
#5908=CARTESIAN_POINT('',(12.5,-12.5,-20.));
#5909=CARTESIAN_POINT('',(87.125,-12.5,-20.));
#5910=CARTESIAN_POINT('',(12.5,-71.5,-20.));
#5911=CARTESIAN_POINT('',(12.5,-27.25,-20.));
#5912=CARTESIAN_POINT('',(120.,-71.500001065433,-20.0000001490116));
#5913=CARTESIAN_POINT('',(114.,-71.500001065433,-20.0000001490116));
#5914=CARTESIAN_POINT('',(120.,-52.0000007748604,-20.0000001490116));
#5915=CARTESIAN_POINT('',(120.,-52.0000007748604,-20.0000001490116));
#5916=CARTESIAN_POINT('',(125.,-52.0000007748604,-20.0000001490116));
#5917=CARTESIAN_POINT('',(114.,-52.0000007748604,-20.0000001490116));
#5918=CARTESIAN_POINT('',(125.,-49.0000007301569,-20.0000001490116));
#5919=CARTESIAN_POINT('',(125.,-52.0000007748604,-20.0000001490116));
#5920=CARTESIAN_POINT('',(120.,-49.0000007301569,-20.0000001490116));
#5921=CARTESIAN_POINT('',(114.,-49.0000007301569,-20.0000001490116));
#5922=CARTESIAN_POINT('',(120.,-33.0000004917383,-20.0000001490116));
#5923=CARTESIAN_POINT('',(120.,-49.0000007301569,-20.0000001490116));
#5924=CARTESIAN_POINT('',(125.,-33.0000004917383,-20.0000001490116));
#5925=CARTESIAN_POINT('',(114.,-33.0000004917383,-20.0000001490116));
#5926=CARTESIAN_POINT('',(125.,-30.0000004470348,-20.0000001490116));
#5927=CARTESIAN_POINT('',(125.,-33.0000004917383,-20.0000001490116));
#5928=CARTESIAN_POINT('',(120.,-30.0000004470348,-20.0000001490116));
#5929=CARTESIAN_POINT('',(114.,-30.0000004470348,-20.0000001490116));
#5930=CARTESIAN_POINT('',(120.,-14.0000002086163,-20.0000001490116));
#5931=CARTESIAN_POINT('',(120.,-30.0000004470348,-20.0000001490116));
#5932=CARTESIAN_POINT('',(114.,-14.0000002086163,-20.0000001490116));
#5933=CARTESIAN_POINT('',(13.25,-70.75,-20.));
#5934=CARTESIAN_POINT('',(13.25,-13.25,-20.));
#5935=CARTESIAN_POINT('',(13.25,-56.375,-20.));
#5936=CARTESIAN_POINT('',(111.25,-13.25,-20.));
#5937=CARTESIAN_POINT('',(37.75,-13.25,-20.));
#5938=CARTESIAN_POINT('',(111.25,-70.75,-20.));
#5939=CARTESIAN_POINT('',(111.25,-27.625,-20.));
#5940=CARTESIAN_POINT('',(86.75,-70.75,-20.));
#5941=CARTESIAN_POINT('Origin',(117.607363926895,-13.4902303748315,-24.9999996647239));
#5942=CARTESIAN_POINT('',(118.097594108011,-13.0000001937151,-24.9999996647239));
#5943=CARTESIAN_POINT('',(117.607363926895,-13.4902303748315,-24.9999996647239));
#5944=CARTESIAN_POINT('',(118.097594108011,-13.0000001937151,-22.5));
#5945=CARTESIAN_POINT('Origin',(123.264218160582,-9.24758967190717,-20.));
#5946=CARTESIAN_POINT('',(125.305694376132,-9.24758967190717,-20.));
#5947=CARTESIAN_POINT('Origin',(114.,-15.0000002235174,-25.0000002235174));
#5948=CARTESIAN_POINT('',(119.,-14.8828664479368,-24.9999996647239));
#5949=CARTESIAN_POINT('',(119.,-14.8828664479368,-24.9999996647239));
#5950=CARTESIAN_POINT('',(119.,-15.0000002235174,-25.0000002235174));
#5951=CARTESIAN_POINT('',(119.,-14.5000002160668,-25.0000002235174));
#5952=CARTESIAN_POINT('',(114.,-15.0000002235174,-25.0000002235174));
#5953=CARTESIAN_POINT('',(114.,-15.0000002235174,-25.0000002235174));
#5954=CARTESIAN_POINT('',(114.,-13.0000001937151,-25.0000002235174));
#5955=CARTESIAN_POINT('',(114.,-12.7500001117587,-25.0000002235174));
#5956=CARTESIAN_POINT('',(114.,-13.0000001937151,-25.0000002235174));
#5957=CARTESIAN_POINT('Origin',(119.,-14.8828664479368,-22.0000001788139));
#5958=CARTESIAN_POINT('',(119.,-14.8828664479368,-22.0000001788139));
#5959=CARTESIAN_POINT('',(119.,-14.8828664479368,-22.0000001788139));
#5960=CARTESIAN_POINT('',(119.,-14.8828664479368,-22.4999999534339));
#5961=CARTESIAN_POINT('Origin',(114.,-30.0000004470348,-22.0000001788139));
#5962=CARTESIAN_POINT('',(120.,-14.0000002086163,-22.0000001788139));
#5963=CARTESIAN_POINT('',(114.,-14.0000002086163,-22.0000001788139));
#5964=CARTESIAN_POINT('',(120.,-30.0000004470348,-22.0000001788139));
#5965=CARTESIAN_POINT('',(120.,-14.0000002086163,-22.0000001788139));
#5966=CARTESIAN_POINT('',(114.,-30.0000004470348,-22.0000001788139));
#5967=CARTESIAN_POINT('',(114.,-30.0000004470348,-22.0000001788139));
#5968=CARTESIAN_POINT('',(114.,-15.0000002235174,-22.0000001788139));
#5969=CARTESIAN_POINT('',(114.,-20.2500002235174,-22.0000001788139));
#5970=CARTESIAN_POINT('',(119.,-15.0000002235174,-22.0000001788139));
#5971=CARTESIAN_POINT('',(114.,-15.0000002235174,-22.0000001788139));
#5972=CARTESIAN_POINT('',(119.,-22.0000003278255,-22.0000001788139));
#5973=CARTESIAN_POINT('Origin',(114.,-14.0000002086163,-22.0000001788139));
#5974=CARTESIAN_POINT('',(120.,-14.0000002086163,-20.0000001490116));
#5975=CARTESIAN_POINT('Origin',(114.,-15.0000002235174,-20.0000001490116));
#5976=CARTESIAN_POINT('',(114.,-15.0000002235174,-21.9950000745058));
#5977=CARTESIAN_POINT('',(119.,-15.0000002235174,-21.2500001676381));
#5978=CARTESIAN_POINT('Origin',(114.,-13.0000001937151,-25.0000002235174));
#5979=CARTESIAN_POINT('',(114.,-13.0000001937151,-24.4950001117587));
#5980=CARTESIAN_POINT('Origin',(119.,-14.0000002086163,-22.5000001862645));
#5981=CARTESIAN_POINT('Origin',(114.,-10.5,-23.99));
#5982=CARTESIAN_POINT('',(114.,-30.0000004470348,-48.99));
#5983=CARTESIAN_POINT('',(114.,-30.0000004470348,-35.9950002831221));
#5984=CARTESIAN_POINT('',(114.,-73.5,-48.99));
#5985=CARTESIAN_POINT('',(114.,-12.5,-23.99));
#5986=CARTESIAN_POINT('',(114.,-10.5,-23.99));
#5987=CARTESIAN_POINT('',(114.,-12.5,-23.99));
#5988=CARTESIAN_POINT('Origin',(115.,-30.0000004470348,-48.0000005662441));
#5989=CARTESIAN_POINT('',(115.,-33.0000004917383,-48.99));
#5990=CARTESIAN_POINT('',(115.,-30.0000004470348,-48.99));
#5991=CARTESIAN_POINT('',(115.,-35.5000005289912,-48.99));
#5992=CARTESIAN_POINT('',(115.,-30.0000004470348,-48.0000005662441));
#5993=CARTESIAN_POINT('',(115.,-30.0000004470348,-48.0000005662441));
#5994=CARTESIAN_POINT('',(115.,-33.0000004917383,-48.0000005662441));
#5995=CARTESIAN_POINT('',(115.,-32.2500004805624,-48.0000005662441));
#5996=CARTESIAN_POINT('',(115.,-33.0000004917383,-48.0000005662441));
#5997=CARTESIAN_POINT('Origin',(115.,-49.0000007301569,-48.0000005662441));
#5998=CARTESIAN_POINT('',(115.,-52.0000007748604,-48.99));
#5999=CARTESIAN_POINT('',(115.,-49.0000007301569,-48.99));
#6000=CARTESIAN_POINT('',(115.,-45.0000006705523,-48.99));
#6001=CARTESIAN_POINT('',(115.,-49.0000007301569,-48.0000005662441));
#6002=CARTESIAN_POINT('',(115.,-49.0000007301569,-48.0000005662441));
#6003=CARTESIAN_POINT('',(115.,-52.0000007748604,-48.0000005662441));
#6004=CARTESIAN_POINT('',(115.,-51.2500007636845,-48.0000005662441));
#6005=CARTESIAN_POINT('',(115.,-52.0000007748604,-48.0000005662441));
#6006=CARTESIAN_POINT('Origin',(114.,-10.5,-23.99));
#6007=CARTESIAN_POINT('',(114.,-33.0000004917383,-48.99));
#6008=CARTESIAN_POINT('',(114.,-33.0000004917383,-22.0000001788139));
#6009=CARTESIAN_POINT('',(114.,-33.0000004917383,-21.9950000745058));
#6010=CARTESIAN_POINT('',(114.,-49.0000007301569,-22.0000001788139));
#6011=CARTESIAN_POINT('',(114.,-29.7500003650784,-22.0000001788139));
#6012=CARTESIAN_POINT('',(114.,-49.0000007301569,-48.99));
#6013=CARTESIAN_POINT('',(114.,-49.0000007301569,-35.9950002831221));
#6014=CARTESIAN_POINT('',(114.,-73.5,-48.99));
#6015=CARTESIAN_POINT('Origin',(114.,-10.5,-23.99));
#6016=CARTESIAN_POINT('',(114.,-52.0000007748604,-48.99));
#6017=CARTESIAN_POINT('',(114.,-52.0000007748604,-22.0000001490116));
#6018=CARTESIAN_POINT('',(114.,-52.0000007748604,-21.9950000745058));
#6019=CARTESIAN_POINT('',(114.,-71.500001065433,-22.0000001490116));
#6020=CARTESIAN_POINT('',(114.,-41.0000005327165,-22.0000001490116));
#6021=CARTESIAN_POINT('',(114.,-71.500001065433,-23.99));
#6022=CARTESIAN_POINT('',(114.,-71.500001065433,-23.99));
#6023=CARTESIAN_POINT('',(114.,-73.5,-23.99));
#6024=CARTESIAN_POINT('',(114.,-73.5,-23.99));
#6025=CARTESIAN_POINT('',(114.,-73.5,-48.99));
#6026=CARTESIAN_POINT('',(114.,-73.5,-23.99));
#6027=CARTESIAN_POINT('',(114.,-73.5,-48.99));
#6028=CARTESIAN_POINT('Origin',(112.,-12.5,-23.99));
#6029=CARTESIAN_POINT('',(12.5,-12.5,-23.99));
#6030=CARTESIAN_POINT('',(112.,-12.5,-23.99));
#6031=CARTESIAN_POINT('',(12.5,-12.5,-23.99));
#6032=CARTESIAN_POINT('',(16.0000002384186,-12.5,-23.5000000521541));
#6033=CARTESIAN_POINT('',(26.0000002384186,-12.5,-23.5000000521541));
#6034=CARTESIAN_POINT('',(69.0000001192093,-12.5,-23.5000000521541));
#6035=CARTESIAN_POINT('',(26.0000002384186,-12.5,-21.5000000521541));
#6036=CARTESIAN_POINT('',(26.0000002384186,-12.5,-22.745000026077));
#6037=CARTESIAN_POINT('',(16.0000002384186,-12.5,-21.5000000521541));
#6038=CARTESIAN_POINT('',(64.0000001192093,-12.5,-21.5000000521541));
#6039=CARTESIAN_POINT('',(16.0000002384186,-12.5,-23.745000026077));
#6040=CARTESIAN_POINT('',(57.0000002384186,-12.5,-21.5000000521541));
#6041=CARTESIAN_POINT('',(57.0000002384186,-12.5,-23.5000000521541));
#6042=CARTESIAN_POINT('',(57.0000002384186,-12.5,-23.745000026077));
#6043=CARTESIAN_POINT('',(67.0000002384186,-12.5,-23.5000000521541));
#6044=CARTESIAN_POINT('',(89.5000001192093,-12.5,-23.5000000521541));
#6045=CARTESIAN_POINT('',(67.0000002384186,-12.5,-21.5000000521541));
#6046=CARTESIAN_POINT('',(67.0000002384186,-12.5,-22.745000026077));
#6047=CARTESIAN_POINT('',(84.5000001192093,-12.5,-21.5000000521541));
#6048=CARTESIAN_POINT('Origin',(120.,-22.0000003278255,-21.0000001639128));
#6049=CARTESIAN_POINT('',(120.,-30.0000004470348,-34.5000003650784));
#6050=CARTESIAN_POINT('Origin',(114.,-49.0000007301569,-22.0000001788139));
#6051=CARTESIAN_POINT('',(120.,-33.0000004917383,-22.0000001788139));
#6052=CARTESIAN_POINT('',(114.,-33.0000004917383,-22.0000001788139));
#6053=CARTESIAN_POINT('',(120.,-49.0000007301569,-22.0000001788139));
#6054=CARTESIAN_POINT('',(120.,-33.0000004917383,-22.0000001788139));
#6055=CARTESIAN_POINT('',(114.,-49.0000007301569,-22.0000001788139));
#6056=CARTESIAN_POINT('Origin',(120.,-41.0000006109476,-21.0000001639128));
#6057=CARTESIAN_POINT('',(120.,-33.0000004917383,-20.5000001564622));
#6058=CARTESIAN_POINT('',(120.,-49.0000007301569,-34.5000003650784));
#6059=CARTESIAN_POINT('Origin',(114.,-49.0000007301569,-48.0000005662441));
#6060=CARTESIAN_POINT('',(125.,-49.0000007301569,-21.0000005662441));
#6061=CARTESIAN_POINT('',(125.,-49.0000007301569,-20.0000001490116));
#6062=CARTESIAN_POINT('',(117.439686369119,-49.0000007301569,-41.4128473696217));
#6063=CARTESIAN_POINT('',(114.25,-49.0000007301569,-48.99));
#6064=CARTESIAN_POINT('Origin',(114.,-71.500001065433,-22.0000001490116));
#6065=CARTESIAN_POINT('',(120.,-52.0000007748604,-22.0000001490116));
#6066=CARTESIAN_POINT('',(114.,-52.0000007748604,-22.0000001490116));
#6067=CARTESIAN_POINT('',(120.,-71.500001065433,-22.0000001490116));
#6068=CARTESIAN_POINT('',(120.,-71.500001065433,-22.0000001490116));
#6069=CARTESIAN_POINT('',(114.,-71.500001065433,-22.0000001490116));
#6070=CARTESIAN_POINT('Origin',(120.,-61.7500009201467,-21.0000001490116));
#6071=CARTESIAN_POINT('',(120.,-52.0000007748604,-20.5000001490116));
#6072=CARTESIAN_POINT('',(120.,-71.500001065433,-20.0000001490116));
#6073=CARTESIAN_POINT('Origin',(114.,-52.0000007748604,-20.0000001490116));
#6074=CARTESIAN_POINT('',(114.75,-52.0000007748604,-48.99));
#6075=CARTESIAN_POINT('',(125.,-52.0000007748604,-21.0000005662441));
#6076=CARTESIAN_POINT('',(121.999396931636,-52.0000007748604,-29.1016288508265));
#6077=CARTESIAN_POINT('',(125.,-52.0000007748604,-48.0000005662441));
#6078=CARTESIAN_POINT('Origin',(120.,-32.2500004805624,-34.5000005662441));
#6079=CARTESIAN_POINT('',(125.,-30.0000004470348,-21.0000005662441));
#6080=CARTESIAN_POINT('',(117.439686369119,-30.0000004470348,-41.4128473696217));
#6081=CARTESIAN_POINT('',(125.,-33.0000004917383,-21.0000005662441));
#6082=CARTESIAN_POINT('',(125.,-32.2500004805624,-21.0000005662441));
#6083=CARTESIAN_POINT('',(121.999396931636,-33.0000004917383,-29.1016288508265));
#6084=CARTESIAN_POINT('Origin',(125.,-31.5000004693866,-34.0000003576279));
#6085=CARTESIAN_POINT('',(125.,-30.0000004470348,-20.0000001490116));
#6086=CARTESIAN_POINT('',(125.,-33.0000004917383,-48.0000005662441));
#6087=CARTESIAN_POINT('Origin',(114.,-30.0000004470348,-48.0000005662441));
#6088=CARTESIAN_POINT('',(114.25,-30.0000004470348,-48.99));
#6089=CARTESIAN_POINT('Origin',(120.,-51.2500007636845,-34.5000005662441));
#6090=CARTESIAN_POINT('',(125.,-51.2500007636845,-21.0000005662441));
#6091=CARTESIAN_POINT('Origin',(125.,-50.5000007525086,-34.0000003576279));
#6092=CARTESIAN_POINT('Origin',(114.,-33.0000004917383,-20.0000001490116));
#6093=CARTESIAN_POINT('',(114.75,-33.0000004917383,-48.99));
#6094=CARTESIAN_POINT('Origin',(62.25,-42.,-23.99));
#6095=CARTESIAN_POINT('',(10.5,-73.5,-23.99));
#6096=CARTESIAN_POINT('',(12.5,-71.5,-23.99));
#6097=CARTESIAN_POINT('',(12.5,-71.5,-23.99));
#6098=CARTESIAN_POINT('',(12.5,-12.5,-23.99));
#6099=CARTESIAN_POINT('Origin',(111.625,-42.,-43.99));
#6100=CARTESIAN_POINT('',(111.25,-42.75,-43.99));
#6101=CARTESIAN_POINT('',(111.25,-41.25,-43.99));
#6102=CARTESIAN_POINT('Origin',(111.25,-42.,-43.99));
#6103=CARTESIAN_POINT('',(111.25,-27.625,-43.99));
#6104=CARTESIAN_POINT('Origin',(13.25,-70.75,-43.99));
#6105=CARTESIAN_POINT('',(13.25,-70.,-43.99));
#6106=CARTESIAN_POINT('',(12.5,-70.75,-43.99));
#6107=CARTESIAN_POINT('Origin',(13.25,-70.75,-43.99));
#6108=CARTESIAN_POINT('',(13.25,-70.75,-43.99));
#6109=CARTESIAN_POINT('',(13.25,-70.75,-43.99));
#6110=CARTESIAN_POINT('',(14.,-70.75,-43.99));
#6111=CARTESIAN_POINT('',(62.25,-70.75,-43.99));
#6112=CARTESIAN_POINT('Origin',(13.25,-70.75,-43.99));
#6113=CARTESIAN_POINT('Origin',(111.25,-70.75,-43.99));
#6114=CARTESIAN_POINT('',(110.5,-70.75,-43.99));
#6115=CARTESIAN_POINT('',(111.25,-70.,-43.99));
#6116=CARTESIAN_POINT('Origin',(111.25,-70.75,-43.99));
#6117=CARTESIAN_POINT('',(111.25,-70.75,-43.99));
#6118=CARTESIAN_POINT('',(111.25,-70.75,-43.99));
#6119=CARTESIAN_POINT('',(111.25,-42.,-43.99));
#6120=CARTESIAN_POINT('Origin',(111.25,-13.25,-43.99));
#6121=CARTESIAN_POINT('',(111.25,-14.,-43.99));
#6122=CARTESIAN_POINT('',(110.5,-13.25,-43.99));
#6123=CARTESIAN_POINT('Origin',(111.25,-13.25,-43.99));
#6124=CARTESIAN_POINT('',(111.25,-13.25,-43.99));
#6125=CARTESIAN_POINT('',(111.25,-13.25,-43.99));
#6126=CARTESIAN_POINT('',(62.25,-13.25,-43.99));
#6127=CARTESIAN_POINT('Origin',(12.875,-42.,-43.99));
#6128=CARTESIAN_POINT('',(13.25,-42.75,-43.99));
#6129=CARTESIAN_POINT('',(13.25,-41.25,-43.99));
#6130=CARTESIAN_POINT('',(13.25,-56.375,-43.99));
#6131=CARTESIAN_POINT('',(12.5,-42.,-43.99));
#6132=CARTESIAN_POINT('Origin',(13.25,-42.,-43.99));
#6133=CARTESIAN_POINT('Origin',(13.25,-42.,-43.99));
#6134=CARTESIAN_POINT('Origin',(13.25,-13.25,-43.99));
#6135=CARTESIAN_POINT('',(13.25,-14.,-43.99));
#6136=CARTESIAN_POINT('',(13.25,-13.25,-43.99));
#6137=CARTESIAN_POINT('',(13.25,-42.,-43.99));
#6138=CARTESIAN_POINT('',(12.5,-13.25,-43.99));
#6139=CARTESIAN_POINT('Origin',(13.25,-13.25,-43.99));
#6140=CARTESIAN_POINT('',(14.,-13.25,-43.99));
#6141=CARTESIAN_POINT('Origin',(13.25,-13.25,-43.99));
#6142=CARTESIAN_POINT('',(13.25,-13.25,-43.99));
#6143=CARTESIAN_POINT('Origin',(62.25,-71.125,-43.99));
#6144=CARTESIAN_POINT('',(61.5,-70.75,-43.99));
#6145=CARTESIAN_POINT('',(63.,-70.75,-43.99));
#6146=CARTESIAN_POINT('Origin',(62.25,-70.75,-43.99));
#6147=CARTESIAN_POINT('',(86.75,-70.75,-43.99));
#6148=CARTESIAN_POINT('Origin',(111.25,-13.25,-23.99));
#6149=CARTESIAN_POINT('',(111.25,-43.25,-43.99));
#6150=CARTESIAN_POINT('',(111.25,-27.625,-43.99));
#6151=CARTESIAN_POINT('',(111.25,-43.25,-48.99));
#6152=CARTESIAN_POINT('',(111.25,-43.25,-48.99));
#6153=CARTESIAN_POINT('',(111.25,-69.5,-48.99));
#6154=CARTESIAN_POINT('',(111.25,-70.75,-48.99));
#6155=CARTESIAN_POINT('',(111.25,-69.5,-43.99));
#6156=CARTESIAN_POINT('',(111.25,-69.5,-48.99));
#6157=CARTESIAN_POINT('',(111.25,-41.6875,-43.99));
#6158=CARTESIAN_POINT('',(111.25,-70.75,-26.99));
#6159=CARTESIAN_POINT('',(111.25,-70.75,-23.99));
#6160=CARTESIAN_POINT('',(111.25,-13.25,-26.99));
#6161=CARTESIAN_POINT('',(111.25,-13.25,-26.99));
#6162=CARTESIAN_POINT('',(111.25,-13.25,-23.99));
#6163=CARTESIAN_POINT('',(111.25,-14.5,-43.99));
#6164=CARTESIAN_POINT('',(111.25,-13.5625,-43.99));
#6165=CARTESIAN_POINT('',(111.25,-14.5,-48.99));
#6166=CARTESIAN_POINT('',(111.25,-14.5,-48.99));
#6167=CARTESIAN_POINT('',(111.25,-40.75,-48.99));
#6168=CARTESIAN_POINT('',(111.25,-70.75,-48.99));
#6169=CARTESIAN_POINT('',(111.25,-40.75,-43.99));
#6170=CARTESIAN_POINT('',(111.25,-40.75,-48.99));
#6171=CARTESIAN_POINT('',(111.25,-27.625,-43.99));
#6172=CARTESIAN_POINT('Origin',(60.0000008940697,-12.0000001788139,-48.99));
#6173=CARTESIAN_POINT('',(59.2500008940697,-12.0000001788139,-48.99));
#6174=CARTESIAN_POINT('Origin',(60.0000008940697,-12.0000001788139,-48.99));
#6175=CARTESIAN_POINT('',(59.2500008940697,-12.0000001788139,-43.99));
#6176=CARTESIAN_POINT('',(59.2500008940697,-12.0000001788139,-48.99));
#6177=CARTESIAN_POINT('Origin',(60.0000008940697,-12.0000001788139,-43.99));
#6178=CARTESIAN_POINT('Origin',(60.0000008940697,-12.0000001788139,-43.99));
#6179=CARTESIAN_POINT('Origin',(111.25,-13.25,-48.99));
#6180=CARTESIAN_POINT('',(110.5,-13.25,-48.99));
#6181=CARTESIAN_POINT('',(110.5,-13.25,-48.99));
#6182=CARTESIAN_POINT('Origin',(111.25,-13.25,-48.99));
#6183=CARTESIAN_POINT('Origin',(111.25,-13.25,-43.99));
#6184=CARTESIAN_POINT('Origin',(111.25,-13.25,-48.99));
#6185=CARTESIAN_POINT('',(110.,-13.25,-48.99));
#6186=CARTESIAN_POINT('Origin',(111.25,-13.25,-48.99));
#6187=CARTESIAN_POINT('',(110.,-13.25,-43.99));
#6188=CARTESIAN_POINT('Origin',(111.25,-13.25,-43.99));
#6189=CARTESIAN_POINT('',(110.,-13.25,-48.99));
#6190=CARTESIAN_POINT('Origin',(110.625,-13.875,-43.99));
#6191=CARTESIAN_POINT('',(61.9375,-13.25,-43.99));
#6192=CARTESIAN_POINT('Origin',(13.25,-13.25,-23.99));
#6193=CARTESIAN_POINT('',(25.1388824098625,-13.25,-26.99));
#6194=CARTESIAN_POINT('',(12.9207813463823,-13.25,-26.99));
#6195=CARTESIAN_POINT('',(25.1388824098625,-13.25,-23.99));
#6196=CARTESIAN_POINT('',(25.1388824098625,-13.25,-26.99));
#6197=CARTESIAN_POINT('',(111.25,-13.25,-23.99));
#6198=CARTESIAN_POINT('',(62.8703925553971,-13.25,-23.99));
#6199=CARTESIAN_POINT('',(111.25,-13.25,-23.99));
#6200=CARTESIAN_POINT('',(13.25,-13.25,-23.99));
#6201=CARTESIAN_POINT('',(13.25,-13.25,-23.99));
#6202=CARTESIAN_POINT('',(14.0000002086163,-13.25,-23.99));
#6203=CARTESIAN_POINT('',(62.8703925553971,-13.25,-23.99));
#6204=CARTESIAN_POINT('',(14.0000002086163,-13.25,-26.99));
#6205=CARTESIAN_POINT('',(14.0000002086163,-13.25,-26.99));
#6206=CARTESIAN_POINT('',(13.25,-13.25,-26.99));
#6207=CARTESIAN_POINT('',(12.9207813463823,-13.25,-26.99));
#6208=CARTESIAN_POINT('',(13.25,-13.25,-23.99));
#6209=CARTESIAN_POINT('',(14.5,-13.25,-43.99));
#6210=CARTESIAN_POINT('',(13.5625,-13.25,-43.99));
#6211=CARTESIAN_POINT('',(14.5,-13.25,-48.99));
#6212=CARTESIAN_POINT('',(14.5,-13.25,-48.99));
#6213=CARTESIAN_POINT('',(44.5476969694656,-13.25,-48.99));
#6214=CARTESIAN_POINT('',(111.25,-13.25,-48.99));
#6215=CARTESIAN_POINT('',(44.5476969694656,-13.25,-48.49));
#6216=CARTESIAN_POINT('',(44.5476969694656,-13.25,-36.24));
#6217=CARTESIAN_POINT('',(74.5476969694656,-13.25,-48.49));
#6218=CARTESIAN_POINT('',(43.8988484847328,-13.25,-48.49));
#6219=CARTESIAN_POINT('',(74.5476969694656,-13.25,-48.99));
#6220=CARTESIAN_POINT('',(74.5476969694656,-13.25,-36.49));
#6221=CARTESIAN_POINT('',(86.0881025154553,-13.25,-48.99));
#6222=CARTESIAN_POINT('',(111.25,-13.25,-48.99));
#6223=CARTESIAN_POINT('',(86.0881025154553,-13.25,-30.4937277161481));
#6224=CARTESIAN_POINT('',(86.0881025154553,-13.25,-36.49));
#6225=CARTESIAN_POINT('',(86.7881025154553,-13.25,-30.4937277161481));
#6226=CARTESIAN_POINT('',(49.6690512577277,-13.25,-30.4937277161481));
#6227=CARTESIAN_POINT('',(86.7881025154553,-13.25,-48.99));
#6228=CARTESIAN_POINT('',(86.7881025154553,-13.25,-27.241863858074));
#6229=CARTESIAN_POINT('',(111.25,-13.25,-48.99));
#6230=CARTESIAN_POINT('',(44.5476969694656,-13.25,-30.2396135390014));
#6231=CARTESIAN_POINT('',(74.5476969694656,-13.25,-30.2396135390014));
#6232=CARTESIAN_POINT('',(43.8988484847328,-13.25,-30.2396135390014));
#6233=CARTESIAN_POINT('',(74.5476969694656,-13.25,-30.8396135390014));
#6234=CARTESIAN_POINT('',(74.5476969694656,-13.25,-27.4148067695007));
#6235=CARTESIAN_POINT('',(44.5476969694656,-13.25,-30.8396135390014));
#6236=CARTESIAN_POINT('',(28.8988484847328,-13.25,-30.8396135390014));
#6237=CARTESIAN_POINT('',(44.5476969694656,-13.25,-27.1148067695007));
#6238=CARTESIAN_POINT('',(32.2143580117206,-13.25,-29.2398916083045));
#6239=CARTESIAN_POINT('',(37.2143580117206,-13.25,-29.2398916083045));
#6240=CARTESIAN_POINT('',(25.2321790058603,-13.25,-29.2398916083045));
#6241=CARTESIAN_POINT('',(37.2143580117206,-13.25,-30.7398916083045));
#6242=CARTESIAN_POINT('',(37.2143580117206,-13.25,-27.3649458041523));
#6243=CARTESIAN_POINT('',(34.2143580117206,-13.25,-30.7398916083045));
#6244=CARTESIAN_POINT('',(23.7321790058603,-13.25,-30.7398916083045));
#6245=CARTESIAN_POINT('',(34.2143580117206,-13.25,-48.4797905045242));
#6246=CARTESIAN_POINT('',(34.2143580117206,-13.25,-36.2348952522621));
#6247=CARTESIAN_POINT('',(32.2143580117206,-13.25,-48.4797905045242));
#6248=CARTESIAN_POINT('',(22.7321790058603,-13.25,-48.4797905045242));
#6249=CARTESIAN_POINT('',(32.2143580117206,-13.25,-26.6149458041523));
#6250=CARTESIAN_POINT('Origin',(13.25,-70.75,-48.99));
#6251=CARTESIAN_POINT('',(12.5,-70.75,-48.99));
#6252=CARTESIAN_POINT('',(12.5,-70.75,-48.99));
#6253=CARTESIAN_POINT('Origin',(13.25,-70.75,-48.99));
#6254=CARTESIAN_POINT('Origin',(13.25,-70.75,-43.99));
#6255=CARTESIAN_POINT('Origin',(13.25,-70.75,-48.99));
#6256=CARTESIAN_POINT('',(13.25,-69.5,-48.99));
#6257=CARTESIAN_POINT('',(14.5,-70.75,-48.99));
#6258=CARTESIAN_POINT('Origin',(13.25,-70.75,-48.99));
#6259=CARTESIAN_POINT('',(13.25,-69.5,-43.99));
#6260=CARTESIAN_POINT('',(13.25,-69.5,-48.99));
#6261=CARTESIAN_POINT('',(14.5,-70.75,-43.99));
#6262=CARTESIAN_POINT('Origin',(13.25,-70.75,-43.99));
#6263=CARTESIAN_POINT('',(14.5,-70.75,-48.99));
#6264=CARTESIAN_POINT('Origin',(13.875,-70.125,-43.99));
#6265=CARTESIAN_POINT('',(13.25,-70.4375,-43.99));
#6266=CARTESIAN_POINT('',(62.5625,-70.75,-43.99));
#6267=CARTESIAN_POINT('Origin',(111.25,-70.75,-23.99));
#6268=CARTESIAN_POINT('',(13.25,-70.75,-26.99));
#6269=CARTESIAN_POINT('',(13.25,-70.75,-23.99));
#6270=CARTESIAN_POINT('',(61.9207813463823,-70.75,-26.99));
#6271=CARTESIAN_POINT('',(110.,-70.75,-43.99));
#6272=CARTESIAN_POINT('',(110.9375,-70.75,-43.99));
#6273=CARTESIAN_POINT('',(110.,-70.75,-48.99));
#6274=CARTESIAN_POINT('',(110.,-70.75,-48.99));
#6275=CARTESIAN_POINT('',(63.5,-70.75,-48.99));
#6276=CARTESIAN_POINT('',(13.25,-70.75,-48.99));
#6277=CARTESIAN_POINT('',(63.5,-70.75,-43.99));
#6278=CARTESIAN_POINT('',(63.5,-70.75,-48.99));
#6279=CARTESIAN_POINT('',(86.75,-70.75,-43.99));
#6280=CARTESIAN_POINT('',(61.,-70.75,-43.99));
#6281=CARTESIAN_POINT('',(86.75,-70.75,-43.99));
#6282=CARTESIAN_POINT('',(61.,-70.75,-48.99));
#6283=CARTESIAN_POINT('',(61.,-70.75,-48.99));
#6284=CARTESIAN_POINT('',(13.25,-70.75,-48.99));
#6285=CARTESIAN_POINT('Origin',(13.25,-42.,-48.99));
#6286=CARTESIAN_POINT('',(13.25,-40.75,-48.99));
#6287=CARTESIAN_POINT('',(13.25,-43.25,-48.99));
#6288=CARTESIAN_POINT('Origin',(13.25,-42.,-48.99));
#6289=CARTESIAN_POINT('',(13.25,-40.75,-43.99));
#6290=CARTESIAN_POINT('',(13.25,-40.75,-48.99));
#6291=CARTESIAN_POINT('',(13.25,-43.25,-43.99));
#6292=CARTESIAN_POINT('Origin',(13.25,-42.,-43.99));
#6293=CARTESIAN_POINT('',(13.25,-43.25,-48.99));
#6294=CARTESIAN_POINT('Origin',(13.25,-42.,-48.99));
#6295=CARTESIAN_POINT('',(12.5,-42.,-48.99));
#6296=CARTESIAN_POINT('',(12.5,-42.,-48.99));
#6297=CARTESIAN_POINT('Origin',(13.25,-42.,-48.99));
#6298=CARTESIAN_POINT('Origin',(13.25,-42.,-43.99));
#6299=CARTESIAN_POINT('Origin',(13.875,-42.,-43.99));
#6300=CARTESIAN_POINT('',(13.25,-56.375,-43.99));
#6301=CARTESIAN_POINT('',(13.25,-56.375,-43.99));
#6302=CARTESIAN_POINT('Origin',(111.25,-42.,-48.99));
#6303=CARTESIAN_POINT('',(110.5,-42.,-43.99));
#6304=CARTESIAN_POINT('Origin',(111.25,-42.,-43.99));
#6305=CARTESIAN_POINT('Origin',(111.25,-42.,-43.99));
#6306=CARTESIAN_POINT('',(110.5,-42.,-48.99));
#6307=CARTESIAN_POINT('',(110.5,-42.,-48.99));
#6308=CARTESIAN_POINT('Origin',(111.25,-42.,-48.99));
#6309=CARTESIAN_POINT('Origin',(111.25,-42.,-48.99));
#6310=CARTESIAN_POINT('Origin',(111.25,-42.,-48.99));
#6311=CARTESIAN_POINT('Origin',(111.25,-42.,-43.99));
#6312=CARTESIAN_POINT('Origin',(110.625,-42.,-43.99));
#6313=CARTESIAN_POINT('Origin',(62.25,-70.75,-48.99));
#6314=CARTESIAN_POINT('Origin',(62.25,-70.75,-43.99));
#6315=CARTESIAN_POINT('',(61.5,-70.75,-48.99));
#6316=CARTESIAN_POINT('',(61.5,-70.75,-48.99));
#6317=CARTESIAN_POINT('Origin',(62.25,-70.75,-48.99));
#6318=CARTESIAN_POINT('Origin',(62.25,-70.75,-48.99));
#6319=CARTESIAN_POINT('Origin',(62.25,-70.75,-48.99));
#6320=CARTESIAN_POINT('Origin',(62.25,-70.75,-43.99));
#6321=CARTESIAN_POINT('Origin',(62.25,-70.125,-43.99));
#6322=CARTESIAN_POINT('Origin',(13.25,-13.25,-48.99));
#6323=CARTESIAN_POINT('',(13.25,-14.5,-48.99));
#6324=CARTESIAN_POINT('Origin',(13.25,-13.25,-48.99));
#6325=CARTESIAN_POINT('',(13.25,-14.5,-43.99));
#6326=CARTESIAN_POINT('Origin',(13.25,-13.25,-43.99));
#6327=CARTESIAN_POINT('',(13.25,-14.5,-48.99));
#6328=CARTESIAN_POINT('Origin',(13.25,-13.25,-48.99));
#6329=CARTESIAN_POINT('Origin',(13.25,-13.25,-43.99));
#6330=CARTESIAN_POINT('',(12.5,-13.25,-48.99));
#6331=CARTESIAN_POINT('',(12.5,-13.25,-48.99));
#6332=CARTESIAN_POINT('Origin',(13.25,-13.25,-48.99));
#6333=CARTESIAN_POINT('Origin',(13.875,-13.875,-43.99));
#6334=CARTESIAN_POINT('',(13.25,-42.3125,-43.99));
#6335=CARTESIAN_POINT('Origin',(111.25,-70.75,-48.99));
#6336=CARTESIAN_POINT('Origin',(111.25,-70.75,-43.99));
#6337=CARTESIAN_POINT('',(110.5,-70.75,-48.99));
#6338=CARTESIAN_POINT('',(110.5,-70.75,-48.99));
#6339=CARTESIAN_POINT('Origin',(111.25,-70.75,-48.99));
#6340=CARTESIAN_POINT('Origin',(111.25,-70.75,-48.99));
#6341=CARTESIAN_POINT('Origin',(111.25,-70.75,-48.99));
#6342=CARTESIAN_POINT('Origin',(111.25,-70.75,-43.99));
#6343=CARTESIAN_POINT('Origin',(110.625,-70.125,-43.99));
#6344=CARTESIAN_POINT('Origin',(34.2143580117206,-25.7500003837049,-31.2500001676381));
#6345=CARTESIAN_POINT('',(34.2143580117206,-18.5000002756715,-30.7398916083045));
#6346=CARTESIAN_POINT('',(34.2143580117206,-33.0000004917383,-30.7398916083045));
#6347=CARTESIAN_POINT('',(34.2143580117206,-13.25,-30.7398916083045));
#6348=CARTESIAN_POINT('',(34.2143580117206,-33.0000004917383,-29.2398916083045));
#6349=CARTESIAN_POINT('',(34.2143580117206,-33.0000004917383,-32.3750001844019));
#6350=CARTESIAN_POINT('',(34.2143580117206,-18.5000002756715,-29.2398916083045));
#6351=CARTESIAN_POINT('',(34.2143580117206,-19.5000001918525,-29.2398916083045));
#6352=CARTESIAN_POINT('',(34.2143580117206,-18.5000002756715,-30.1250001508743));
#6353=CARTESIAN_POINT('Origin',(32.2143580117206,-33.0000004917383,-33.5000002011657));
#6354=CARTESIAN_POINT('',(32.2143580117206,-33.0000004917383,-33.5000002011657));
#6355=CARTESIAN_POINT('',(32.2143580117206,-18.5000002756715,-33.5000002011657));
#6356=CARTESIAN_POINT('',(32.2143580117206,-23.1250002458692,-33.5000002011657));
#6357=CARTESIAN_POINT('',(34.2143580117206,-33.0000004917383,-33.5000002011657));
#6358=CARTESIAN_POINT('',(32.2143580117206,-33.0000004917383,-33.5000002011657));
#6359=CARTESIAN_POINT('',(34.2143580117206,-18.5000002756715,-33.5000002011657));
#6360=CARTESIAN_POINT('',(34.2143580117206,-23.1250002458692,-33.5000002011657));
#6361=CARTESIAN_POINT('',(32.2143580117206,-18.5000002756715,-33.5000002011657));
#6362=CARTESIAN_POINT('Origin',(32.2143580117206,-33.0000004917383,-29.0000001341105));
#6363=CARTESIAN_POINT('',(32.2143580117206,-33.0000004917383,-29.2398916083045));
#6364=CARTESIAN_POINT('',(34.7143580117206,-33.0000004917383,-29.2398916083045));
#6365=CARTESIAN_POINT('',(34.2143580117206,-33.0000004917383,-38.7398953193173));
#6366=CARTESIAN_POINT('',(32.2143580117206,-33.0000004917383,-29.1199458712075));
#6367=CARTESIAN_POINT('Origin',(32.2143580117206,-18.5000002756715,-33.5000002011657));
#6368=CARTESIAN_POINT('',(32.2143580117206,-18.5000002756715,-29.2398916083045));
#6369=CARTESIAN_POINT('',(34.7143580117206,-18.5000002756715,-29.2398916083045));
#6370=CARTESIAN_POINT('',(32.2143580117206,-18.5000002756715,-31.3699459047351));
#6371=CARTESIAN_POINT('',(34.2143580117206,-18.5000002756715,-40.989895352845));
#6372=CARTESIAN_POINT('Origin',(32.2143580117206,-13.25,-29.2398916083045));
#6373=CARTESIAN_POINT('',(32.2143580117206,-13.25,-29.2398916083045));
#6374=CARTESIAN_POINT('',(32.2143580117206,-40.25,-48.4797905045242));
#6375=CARTESIAN_POINT('',(32.2143580117206,-13.25,-48.4797905045242));
#6376=CARTESIAN_POINT('',(32.2143580117206,-40.25,-29.2398916083045));
#6377=CARTESIAN_POINT('',(32.2143580117206,-40.25,-30.7398916083045));
#6378=CARTESIAN_POINT('',(32.2143580117206,-13.25,-29.2398916083045));
#6379=CARTESIAN_POINT('Origin',(34.2143580117206,-39.45,-48.4797905045242));
#6380=CARTESIAN_POINT('',(34.2143580117206,-39.45,-30.7398916083045));
#6381=CARTESIAN_POINT('',(34.2143580117206,-39.45,-48.4797905045242));
#6382=CARTESIAN_POINT('',(34.2143580117206,-39.45,-48.4797905045242));
#6383=CARTESIAN_POINT('',(36.2143580117206,-39.45,-30.7398916083045));
#6384=CARTESIAN_POINT('',(34.2143580117206,-39.45,-30.7398916083045));
#6385=CARTESIAN_POINT('',(36.2143580117206,-39.45,-48.4797905045242));
#6386=CARTESIAN_POINT('',(36.2143580117206,-39.45,-30.7398916083045));
#6387=CARTESIAN_POINT('',(34.2143580117206,-39.45,-48.4797905045242));
#6388=CARTESIAN_POINT('Origin',(36.2143580117206,-39.85,-39.6098410564144));
#6389=CARTESIAN_POINT('',(36.2143580117206,-40.25,-48.4797905045242));
#6390=CARTESIAN_POINT('',(36.2143580117206,-39.45,-48.4797905045242));
#6391=CARTESIAN_POINT('',(36.2143580117206,-40.25,-30.7398916083045));
#6392=CARTESIAN_POINT('',(36.2143580117206,-26.55,-30.7398916083045));
#6393=CARTESIAN_POINT('',(36.2143580117206,-40.25,-48.4797905045242));
#6394=CARTESIAN_POINT('Origin',(44.5476969694656,-39.25,-30.8396135390014));
#6395=CARTESIAN_POINT('',(44.9116672037318,-39.6139702342662,-31.8396135390014));
#6396=CARTESIAN_POINT('',(44.9116672037318,-39.8860297657338,-31.8396135390014));
#6397=CARTESIAN_POINT('',(44.9116672037318,-39.5,-31.8396135390014));
#6398=CARTESIAN_POINT('',(44.5476969694656,-40.25,-30.8396135390014));
#6399=CARTESIAN_POINT('',(44.6000604903424,-40.1976364791232,-30.9834811302135));
#6400=CARTESIAN_POINT('',(44.5476969694656,-39.25,-30.8396135390014));
#6401=CARTESIAN_POINT('',(44.5476969694656,-13.25,-30.8396135390014));
#6402=CARTESIAN_POINT('',(46.1186025957686,-40.820905626303,-35.1556412753633));
#6403=CARTESIAN_POINT('Origin',(44.5476969694656,-40.25,-30.8396135390014));
#6404=CARTESIAN_POINT('',(74.1837267351994,-39.8860297657338,-31.8396135390014));
#6405=CARTESIAN_POINT('',(52.0476969694656,-39.8860297657338,-31.8396135390014));
#6406=CARTESIAN_POINT('',(74.5476969694656,-40.25,-30.8396135390014));
#6407=CARTESIAN_POINT('',(72.9767913431625,-38.679094373697,-35.1556412753633));
#6408=CARTESIAN_POINT('',(44.5476969694656,-40.25,-30.8396135390014));
#6409=CARTESIAN_POINT('Origin',(74.5476969694656,-40.25,-30.8396135390014));
#6410=CARTESIAN_POINT('',(74.1837267351994,-39.6139702342662,-31.8396135390014));
#6411=CARTESIAN_POINT('',(74.1837267351994,-40.,-31.8396135390014));
#6412=CARTESIAN_POINT('',(74.5476969694656,-39.25,-30.8396135390014));
#6413=CARTESIAN_POINT('',(74.4953334485888,-39.3023635208768,-30.9834811302135));
#6414=CARTESIAN_POINT('',(74.5476969694656,-13.25,-30.8396135390014));
#6415=CARTESIAN_POINT('Origin',(74.5476969694656,-39.25,-30.8396135390014));
#6416=CARTESIAN_POINT('',(67.0476969694656,-39.6139702342662,-31.8396135390014));
#6417=CARTESIAN_POINT('',(59.5476969694656,-39.25,-30.8396135390014));
#6418=CARTESIAN_POINT('Origin',(59.5476969694656,-39.75,-31.8396135390014));
#6419=CARTESIAN_POINT('Origin',(44.5476969694656,-13.25,-30.8396135390014));
#6420=CARTESIAN_POINT('',(44.5476969694656,-13.25,-30.8396135390014));
#6421=CARTESIAN_POINT('',(74.5476969694656,-13.25,-30.8396135390014));
#6422=CARTESIAN_POINT('Origin',(44.5476969694656,-39.25,-48.49));
#6423=CARTESIAN_POINT('',(44.9116672037318,-39.6139702342662,-47.49));
#6424=CARTESIAN_POINT('',(74.1837267351994,-39.6139702342662,-47.49));
#6425=CARTESIAN_POINT('',(74.5476969694656,-39.6139702342662,-47.49));
#6426=CARTESIAN_POINT('',(74.5476969694656,-39.25,-48.49));
#6427=CARTESIAN_POINT('',(72.9767913431625,-40.8209056263031,-44.1739722636381));
#6428=CARTESIAN_POINT('',(44.5476969694656,-39.25,-48.49));
#6429=CARTESIAN_POINT('',(59.5476969694656,-39.25,-48.49));
#6430=CARTESIAN_POINT('',(44.6000604903423,-39.3023635208768,-48.3461324087879));
#6431=CARTESIAN_POINT('Origin',(74.5476969694656,-39.25,-48.49));
#6432=CARTESIAN_POINT('',(74.1837267351994,-39.8860297657338,-47.49));
#6433=CARTESIAN_POINT('',(74.1837267351994,-40.25,-47.49));
#6434=CARTESIAN_POINT('',(74.5476969694656,-40.25,-48.49));
#6435=CARTESIAN_POINT('',(74.4953334485888,-40.1976364791232,-48.3461324087879));
#6436=CARTESIAN_POINT('',(74.5476969694656,-13.25,-48.49));
#6437=CARTESIAN_POINT('Origin',(74.5476969694656,-40.25,-48.49));
#6438=CARTESIAN_POINT('',(44.9116672037318,-39.8860297657338,-47.49));
#6439=CARTESIAN_POINT('',(44.5476969694656,-39.8860297657338,-47.49));
#6440=CARTESIAN_POINT('',(44.5476969694656,-40.25,-48.49));
#6441=CARTESIAN_POINT('',(46.1186025957686,-38.679094373697,-44.1739722636381));
#6442=CARTESIAN_POINT('',(44.5476969694656,-40.25,-48.49));
#6443=CARTESIAN_POINT('Origin',(44.5476969694656,-40.25,-48.49));
#6444=CARTESIAN_POINT('',(44.9116672037318,-39.25,-47.49));
#6445=CARTESIAN_POINT('',(44.5476969694656,-13.25,-48.49));
#6446=CARTESIAN_POINT('Origin',(59.5476969694656,-39.75,-47.49));
#6447=CARTESIAN_POINT('Origin',(100.041375111129,-41.25,-39.741863858074));
#6448=CARTESIAN_POINT('',(99.6913751111292,-41.25,-48.99));
#6449=CARTESIAN_POINT('',(99.6913751111292,-41.25,-30.4937277161481));
#6450=CARTESIAN_POINT('',(99.6913751111292,-41.25,-48.99));
#6451=CARTESIAN_POINT('',(100.391375111129,-41.25,-48.99));
#6452=CARTESIAN_POINT('',(100.391375111129,-41.25,-48.99));
#6453=CARTESIAN_POINT('',(100.391375111129,-41.25,-30.4937277161481));
#6454=CARTESIAN_POINT('',(100.391375111129,-41.25,-30.4937277161481));
#6455=CARTESIAN_POINT('',(99.6913751111292,-41.25,-30.4937277161481));
#6456=CARTESIAN_POINT('Origin',(86.0881025154553,-13.25,-48.99));
#6457=CARTESIAN_POINT('',(86.0881025154553,-13.25,-48.99));
#6458=CARTESIAN_POINT('',(86.0881025154553,-13.25,-30.4937277161481));
#6459=CARTESIAN_POINT('Origin',(86.0881025154553,-13.25,-30.4937277161481));
#6460=CARTESIAN_POINT('',(86.7881025154553,-13.25,-30.4937277161481));
#6461=CARTESIAN_POINT('Origin',(86.7881025154553,-13.25,-30.4937277161481));
#6462=CARTESIAN_POINT('',(86.7881025154553,-13.25,-48.99));
#6463=CARTESIAN_POINT('Origin',(44.5476969694656,-13.25,-48.49));
#6464=CARTESIAN_POINT('',(44.5476969694656,-40.25,-48.99));
#6465=CARTESIAN_POINT('',(44.5476969694656,-13.25,-48.99));
#6466=CARTESIAN_POINT('',(44.5476969694656,-40.25,-48.99));
#6467=CARTESIAN_POINT('',(44.5476969694656,-13.25,-48.49));
#6468=CARTESIAN_POINT('Origin',(74.5476969694656,-13.25,-48.49));
#6469=CARTESIAN_POINT('',(74.5476969694656,-13.25,-48.49));
#6470=CARTESIAN_POINT('Origin',(74.5476969694656,-13.25,-48.99));
#6471=CARTESIAN_POINT('',(74.5476969694656,-40.25,-48.99));
#6472=CARTESIAN_POINT('',(74.5476969694656,-40.25,-48.49));
#6473=CARTESIAN_POINT('',(74.5476969694656,-13.25,-48.99));
#6474=CARTESIAN_POINT('Origin',(59.5476969694656,-40.25,-48.74));
#6475=CARTESIAN_POINT('',(74.5476969694656,-40.25,-48.99));
#6476=CARTESIAN_POINT('Origin',(74.5476969694656,-13.25,-30.2396135390014));
#6477=CARTESIAN_POINT('',(44.5476969694656,-40.25,-30.2396135390014));
#6478=CARTESIAN_POINT('',(44.5476969694656,-13.25,-30.2396135390014));
#6479=CARTESIAN_POINT('',(74.5476969694656,-40.25,-30.2396135390014));
#6480=CARTESIAN_POINT('',(74.5476969694656,-40.25,-30.2396135390014));
#6481=CARTESIAN_POINT('',(74.5476969694656,-13.25,-30.2396135390014));
#6482=CARTESIAN_POINT('Origin',(74.5476969694656,-13.25,-30.8396135390014));
#6483=CARTESIAN_POINT('',(74.5476969694656,-40.25,-30.8396135390014));
#6484=CARTESIAN_POINT('Origin',(44.5476969694656,-13.25,-30.2396135390014));
#6485=CARTESIAN_POINT('',(44.5476969694656,-40.25,-30.2396135390014));
#6486=CARTESIAN_POINT('Origin',(59.5476969694656,-40.25,-30.5396135390015));
#6487=CARTESIAN_POINT('Origin',(37.2143580117206,-13.25,-29.2398916083045));
#6488=CARTESIAN_POINT('',(37.2143580117206,-40.25,-29.2398916083045));
#6489=CARTESIAN_POINT('',(32.2143580117206,-40.25,-29.2398916083045));
#6490=CARTESIAN_POINT('',(37.2143580117206,-13.25,-29.2398916083045));
#6491=CARTESIAN_POINT('Origin',(37.2143580117206,-13.25,-30.7398916083045));
#6492=CARTESIAN_POINT('',(37.2143580117206,-40.25,-30.7398916083045));
#6493=CARTESIAN_POINT('',(37.2143580117206,-40.25,-29.2398916083045));
#6494=CARTESIAN_POINT('',(37.2143580117206,-13.25,-30.7398916083045));
#6495=CARTESIAN_POINT('Origin',(34.2143580117206,-13.25,-30.7398916083045));
#6496=CARTESIAN_POINT('',(34.2143580117206,-13.25,-30.7398916083045));
#6497=CARTESIAN_POINT('',(34.2143580117206,-13.25,-30.7398916083045));
#6498=CARTESIAN_POINT('',(37.2143580117206,-40.25,-30.7398916083045));
#6499=CARTESIAN_POINT('Origin',(34.2143580117206,-13.25,-48.4797905045242));
#6500=CARTESIAN_POINT('',(34.2143580117206,-13.25,-48.4797905045242));
#6501=CARTESIAN_POINT('Origin',(32.2143580117206,-13.25,-48.4797905045242));
#6502=CARTESIAN_POINT('',(34.2143580117206,-40.25,-48.4797905045242));
#6503=CARTESIAN_POINT('Origin',(34.7143580117206,-40.25,-38.8598410564144));
#6504=CARTESIAN_POINT('Origin',(14.0000002086163,-13.25,-26.99));
#6505=CARTESIAN_POINT('',(14.0000002086163,-35.0000005215406,-26.99));
#6506=CARTESIAN_POINT('',(14.0000002086163,-13.25,-26.99));
#6507=CARTESIAN_POINT('',(14.0000002086163,-35.0000005215406,-23.99));
#6508=CARTESIAN_POINT('',(14.0000002086163,-13.25,-23.99));
#6509=CARTESIAN_POINT('',(14.0000002086163,-35.0000005215406,-26.99));
#6510=CARTESIAN_POINT('Origin',(25.1388824098625,-35.0000005215406,-26.99));
#6511=CARTESIAN_POINT('',(25.1388824098625,-35.0000005215406,-26.99));
#6512=CARTESIAN_POINT('',(25.1388824098625,-24.1250002607703,-26.99));
#6513=CARTESIAN_POINT('',(25.1388824098625,-35.0000005215406,-23.99));
#6514=CARTESIAN_POINT('',(25.1388824098625,-35.0000005215406,-26.99));
#6515=CARTESIAN_POINT('',(25.1388824098625,-24.1250002607703,-23.99));
#6516=CARTESIAN_POINT('Origin',(14.0000002086163,-35.0000005215406,-26.99));
#6517=CARTESIAN_POINT('',(13.2957814506904,-35.0000005215406,-26.99));
#6518=CARTESIAN_POINT('',(63.2453926597052,-35.0000005215406,-23.99));
#6519=CARTESIAN_POINT('Origin',(112.490785110794,-13.25,-23.99));
#6520=CARTESIAN_POINT('',(13.25,-70.75,-23.99));
#6521=CARTESIAN_POINT('',(13.25,-42.,-23.99));
#6522=CARTESIAN_POINT('',(111.25,-70.75,-23.99));
#6523=CARTESIAN_POINT('',(111.870392555397,-70.75,-23.99));
#6524=CARTESIAN_POINT('',(111.25,-13.25,-23.99));
#6525=CARTESIAN_POINT('Origin',(12.5915626927646,-13.25,-26.99));
#6526=CARTESIAN_POINT('',(13.25,-42.,-26.99));
#6527=CARTESIAN_POINT('Origin',(111.25,-70.75,-23.99));
#6528=CARTESIAN_POINT('',(13.25,-70.75,-23.99));
#6529=CARTESIAN_POINT('',(111.25,-70.75,-23.99));
#6530=CARTESIAN_POINT('Origin',(13.25,-70.75,-23.99));
#6531=CARTESIAN_POINT('',(13.25,-13.25,-48.99));
#6532=CARTESIAN_POINT('',(13.25,-13.25,-48.99));
#6533=CARTESIAN_POINT('Origin',(13.25,-70.75,-23.99));
#6534=CARTESIAN_POINT('Origin',(10.5,-73.5,-23.99));
#6535=CARTESIAN_POINT('',(10.5,-73.5,-23.99));
#6536=CARTESIAN_POINT('Origin',(114.,-73.5,-23.99));
#6537=CARTESIAN_POINT('',(10.5,-73.5,-48.99));
#6538=CARTESIAN_POINT('Origin',(62.25,-42.,-48.99));
#6539=CARTESIAN_POINT('Origin',(27.5000002384186,-12.4106601717798,-22.2500000521541));
#6540=CARTESIAN_POINT('',(26.0000002384186,-12.4106601717798,-21.5000000521541));
#6541=CARTESIAN_POINT('',(26.0000002384186,-11.8803300858899,-21.7196699662642));
#6542=CARTESIAN_POINT('Origin',(26.0000002384186,-12.4106601717798,-22.2500000521541));
#6543=CARTESIAN_POINT('',(16.0000002384186,-11.8803300858899,-21.7196699662642));
#6544=CARTESIAN_POINT('',(27.5000002384186,-11.8803300858899,-21.7196699662642));
#6545=CARTESIAN_POINT('',(16.0000002384186,-12.4106601717798,-21.5000000521541));
#6546=CARTESIAN_POINT('Origin',(16.0000002384186,-12.4106601717798,-22.2500000521541));
#6547=CARTESIAN_POINT('',(27.5000002384186,-12.4106601717798,-21.5000000521541));
#6548=CARTESIAN_POINT('Origin',(16.0000002384186,-12.5,-23.5000000521541));
#6549=CARTESIAN_POINT('',(16.0000002384186,-11.2,-22.4000000521541));
#6550=CARTESIAN_POINT('',(16.0000002384186,-11.475,-22.1250000521541));
#6551=CARTESIAN_POINT('',(16.0000002384186,-11.2,-22.6000000521541));
#6552=CARTESIAN_POINT('',(16.0000002384186,-11.2,-23.0000000521541));
#6553=CARTESIAN_POINT('',(16.0000002384186,-12.1,-23.5000000521541));
#6554=CARTESIAN_POINT('',(16.0000002384186,-11.975,-23.3750000521541));
#6555=CARTESIAN_POINT('',(16.0000002384186,-12.5,-23.5000000521541));
#6556=CARTESIAN_POINT('',(16.0000002384186,-12.5,-21.5000000521541));
#6557=CARTESIAN_POINT('Origin',(39.0000002384186,-11.65,-21.9500000521541));
#6558=CARTESIAN_POINT('',(26.0000002384186,-11.2,-22.4000000521541));
#6559=CARTESIAN_POINT('',(26.0000002384186,-11.975,-21.6250000521541));
#6560=CARTESIAN_POINT('',(39.0000002384186,-11.2,-22.4000000521541));
#6561=CARTESIAN_POINT('Origin',(58.2500002384186,-12.4106601717798,-22.2500000521541));
#6562=CARTESIAN_POINT('',(67.0000002384186,-12.4106601717798,-21.5000000521541));
#6563=CARTESIAN_POINT('',(67.0000002384186,-11.8803300858899,-21.7196699662642));
#6564=CARTESIAN_POINT('Origin',(67.0000002384186,-12.4106601717798,-22.2500000521541));
#6565=CARTESIAN_POINT('',(57.0000002384186,-11.8803300858899,-21.7196699662642));
#6566=CARTESIAN_POINT('',(58.2500002384186,-11.8803300858899,-21.7196699662642));
#6567=CARTESIAN_POINT('',(57.0000002384186,-12.4106601717798,-21.5000000521541));
#6568=CARTESIAN_POINT('Origin',(57.0000002384186,-12.4106601717798,-22.2500000521541));
#6569=CARTESIAN_POINT('',(58.2500002384186,-12.4106601717798,-21.5000000521541));
#6570=CARTESIAN_POINT('Origin',(57.0000002384186,-12.5,-23.5000000521541));
#6571=CARTESIAN_POINT('',(57.0000002384186,-11.2,-22.4000000521541));
#6572=CARTESIAN_POINT('',(57.0000002384186,-11.475,-22.1250000521541));
#6573=CARTESIAN_POINT('',(57.0000002384186,-11.2,-22.6000000521541));
#6574=CARTESIAN_POINT('',(57.0000002384186,-11.2,-23.0000000521541));
#6575=CARTESIAN_POINT('',(57.0000002384186,-12.1,-23.5000000521541));
#6576=CARTESIAN_POINT('',(57.0000002384186,-11.975,-23.3750000521541));
#6577=CARTESIAN_POINT('',(57.0000002384186,-12.5,-23.5000000521541));
#6578=CARTESIAN_POINT('',(57.0000002384186,-12.5,-21.5000000521541));
#6579=CARTESIAN_POINT('Origin',(59.5000002384186,-11.65,-21.9500000521541));
#6580=CARTESIAN_POINT('',(67.0000002384186,-11.2,-22.4000000521541));
#6581=CARTESIAN_POINT('',(67.0000002384186,-11.975,-21.6250000521541));
#6582=CARTESIAN_POINT('',(59.5000002384186,-11.2,-22.4000000521541));
#6583=CARTESIAN_POINT('Origin',(65.7500002384186,-71.5893398282202,-22.2500000521541));
#6584=CARTESIAN_POINT('',(57.0000002384186,-71.5893398282202,-21.5000000521541));
#6585=CARTESIAN_POINT('',(57.0000002384186,-72.1196699141101,-21.7196699662641));
#6586=CARTESIAN_POINT('Origin',(57.0000002384186,-71.5893398282202,-22.2500000521541));
#6587=CARTESIAN_POINT('',(67.0000002384186,-72.1196699141101,-21.7196699662641));
#6588=CARTESIAN_POINT('',(65.7500002384186,-72.1196699141101,-21.7196699662641));
#6589=CARTESIAN_POINT('',(67.0000002384186,-71.5893398282202,-21.5000000521541));
#6590=CARTESIAN_POINT('Origin',(67.0000002384186,-71.5893398282202,-22.2500000521541));
#6591=CARTESIAN_POINT('',(65.7500002384186,-71.5893398282202,-21.5000000521541));
#6592=CARTESIAN_POINT('Origin',(67.0000002384186,-71.5,-23.5000000521541));
#6593=CARTESIAN_POINT('',(67.0000002384186,-72.8,-22.4000000521541));
#6594=CARTESIAN_POINT('',(67.0000002384186,-72.525,-22.1250000521541));
#6595=CARTESIAN_POINT('',(67.0000002384186,-72.8,-22.6000000521541));
#6596=CARTESIAN_POINT('',(67.0000002384186,-72.8,-23.5000000521541));
#6597=CARTESIAN_POINT('',(67.0000002384186,-71.9,-23.5000000521541));
#6598=CARTESIAN_POINT('',(67.0000002384186,-72.025,-23.3750000521541));
#6599=CARTESIAN_POINT('',(67.0000002384186,-71.5,-23.5000000521541));
#6600=CARTESIAN_POINT('',(67.0000002384186,-71.5,-23.5000000521541));
#6601=CARTESIAN_POINT('',(67.0000002384186,-71.5,-21.5000000521541));
#6602=CARTESIAN_POINT('',(67.0000002384186,-71.5,-23.745000026077));
#6603=CARTESIAN_POINT('',(67.0000002384186,-71.5,-21.5000000521541));
#6604=CARTESIAN_POINT('Origin',(64.5000002384186,-72.35,-21.9500000521541));
#6605=CARTESIAN_POINT('',(57.0000002384186,-72.8,-22.4000000521541));
#6606=CARTESIAN_POINT('',(57.0000002384186,-72.025,-21.6250000521541));
#6607=CARTESIAN_POINT('',(64.5000002384186,-72.8,-22.4000000521541));
#6608=CARTESIAN_POINT('Origin',(24.7500002384186,-71.5893398282202,-22.2500000521541));
#6609=CARTESIAN_POINT('',(16.0000002384186,-71.5893398282202,-21.5000000521541));
#6610=CARTESIAN_POINT('',(16.0000002384186,-72.1196699141101,-21.7196699662641));
#6611=CARTESIAN_POINT('Origin',(16.0000002384186,-71.5893398282202,-22.2500000521541));
#6612=CARTESIAN_POINT('',(26.0000002384186,-72.1196699141101,-21.7196699662641));
#6613=CARTESIAN_POINT('',(24.7500002384186,-72.1196699141101,-21.7196699662641));
#6614=CARTESIAN_POINT('',(26.0000002384186,-71.5893398282202,-21.5000000521541));
#6615=CARTESIAN_POINT('Origin',(26.0000002384186,-71.5893398282202,-22.2500000521541));
#6616=CARTESIAN_POINT('',(24.7500002384186,-71.5893398282202,-21.5000000521541));
#6617=CARTESIAN_POINT('Origin',(26.0000002384186,-71.5,-23.5000000521541));
#6618=CARTESIAN_POINT('',(26.0000002384186,-72.8,-22.4000000521541));
#6619=CARTESIAN_POINT('',(26.0000002384186,-72.525,-22.1250000521541));
#6620=CARTESIAN_POINT('',(26.0000002384186,-72.8,-22.6000000521541));
#6621=CARTESIAN_POINT('',(26.0000002384186,-72.8,-23.5000000521541));
#6622=CARTESIAN_POINT('',(26.0000002384186,-71.9,-23.5000000521541));
#6623=CARTESIAN_POINT('',(26.0000002384186,-72.025,-23.3750000521541));
#6624=CARTESIAN_POINT('',(26.0000002384186,-71.5,-23.5000000521541));
#6625=CARTESIAN_POINT('',(26.0000002384186,-71.5,-23.5000000521541));
#6626=CARTESIAN_POINT('',(26.0000002384186,-71.5,-21.5000000521541));
#6627=CARTESIAN_POINT('',(26.0000002384186,-71.5,-23.745000026077));
#6628=CARTESIAN_POINT('',(26.0000002384186,-71.5,-21.5000000521541));
#6629=CARTESIAN_POINT('Origin',(23.5000002384186,-72.35,-21.9500000521541));
#6630=CARTESIAN_POINT('',(16.0000002384186,-72.8,-22.4000000521541));
#6631=CARTESIAN_POINT('',(16.0000002384186,-72.025,-21.6250000521541));
#6632=CARTESIAN_POINT('',(23.5000002384186,-72.8,-22.4000000521541));
#6633=CARTESIAN_POINT('Origin',(106.750000238419,-71.5893398282202,-22.2500000521541));
#6634=CARTESIAN_POINT('',(98.0000002384186,-71.5893398282202,-21.5000000521541));
#6635=CARTESIAN_POINT('',(98.0000002384186,-72.1196699141101,-21.7196699662641));
#6636=CARTESIAN_POINT('Origin',(98.0000002384186,-71.5893398282202,-22.2500000521541));
#6637=CARTESIAN_POINT('',(108.000000238419,-72.1196699141101,-21.7196699662641));
#6638=CARTESIAN_POINT('',(106.750000238419,-72.1196699141101,-21.7196699662641));
#6639=CARTESIAN_POINT('',(108.000000238419,-71.5893398282202,-21.5000000521541));
#6640=CARTESIAN_POINT('Origin',(108.000000238419,-71.5893398282202,-22.2500000521541));
#6641=CARTESIAN_POINT('',(106.750000238419,-71.5893398282202,-21.5000000521541));
#6642=CARTESIAN_POINT('Origin',(105.500000238419,-72.35,-21.9500000521541));
#6643=CARTESIAN_POINT('',(98.0000002384186,-72.8,-22.4000000521541));
#6644=CARTESIAN_POINT('',(98.0000002384186,-72.025,-21.6250000521541));
#6645=CARTESIAN_POINT('',(108.000000238419,-72.8,-22.4000000521541));
#6646=CARTESIAN_POINT('',(105.500000238419,-72.8,-22.4000000521541));
#6647=CARTESIAN_POINT('',(108.000000238419,-72.525,-22.1250000521541));
#6648=CARTESIAN_POINT('Origin',(98.0000002384186,-71.5,-21.5000000521541));
#6649=CARTESIAN_POINT('',(98.0000002384186,-71.5,-21.5000000521541));
#6650=CARTESIAN_POINT('',(98.0000002384186,-71.5,-21.5000000521541));
#6651=CARTESIAN_POINT('',(98.0000002384186,-71.5,-23.5000000521541));
#6652=CARTESIAN_POINT('',(98.0000002384186,-71.5,-22.745000026077));
#6653=CARTESIAN_POINT('',(98.0000002384186,-71.9,-23.5000000521541));
#6654=CARTESIAN_POINT('',(98.0000002384186,-71.5,-23.5000000521541));
#6655=CARTESIAN_POINT('',(98.0000002384186,-72.8,-22.6000000521541));
#6656=CARTESIAN_POINT('',(98.0000002384186,-72.525,-22.8750000521541));
#6657=CARTESIAN_POINT('',(98.0000002384186,-72.8,-21.5000000521541));
#6658=CARTESIAN_POINT('Origin',(62.0000002384186,-11.2,-22.5000000521541));
#6659=CARTESIAN_POINT('',(26.0000002384186,-11.2,-22.6000000521541));
#6660=CARTESIAN_POINT('',(26.0000002384186,-11.2,-22.0000000521541));
#6661=CARTESIAN_POINT('',(44.0000002384186,-11.2,-22.6000000521541));
#6662=CARTESIAN_POINT('Origin',(26.0000002384186,-12.5,-21.5000000521541));
#6663=CARTESIAN_POINT('',(26.0000002384186,-12.5,-21.5000000521541));
#6664=CARTESIAN_POINT('',(26.0000002384186,-12.1,-23.5000000521541));
#6665=CARTESIAN_POINT('',(26.0000002384186,-12.5,-23.5000000521541));
#6666=CARTESIAN_POINT('',(26.0000002384186,-11.475,-22.8750000521541));
#6667=CARTESIAN_POINT('Origin',(44.0000002384186,-11.65,-23.0500000521541));
#6668=CARTESIAN_POINT('',(44.0000002384186,-12.1,-23.5000000521541));
#6669=CARTESIAN_POINT('Origin',(26.0000002384186,-12.5,-23.5000000521541));
#6670=CARTESIAN_POINT('Origin',(62.0000002384186,-11.2,-22.5000000521541));
#6671=CARTESIAN_POINT('',(67.0000002384186,-11.2,-22.6000000521541));
#6672=CARTESIAN_POINT('',(67.0000002384186,-11.2,-22.0000000521541));
#6673=CARTESIAN_POINT('',(64.5000002384186,-11.2,-22.6000000521541));
#6674=CARTESIAN_POINT('Origin',(64.5000002384186,-11.65,-23.0500000521541));
#6675=CARTESIAN_POINT('',(67.0000002384186,-12.1,-23.5000000521541));
#6676=CARTESIAN_POINT('',(67.0000002384186,-11.475,-22.8750000521541));
#6677=CARTESIAN_POINT('',(64.5000002384186,-12.1,-23.5000000521541));
#6678=CARTESIAN_POINT('Origin',(62.0000002384186,-72.8,-22.5000000521541));
#6679=CARTESIAN_POINT('',(57.0000002384186,-72.8,-22.6000000521541));
#6680=CARTESIAN_POINT('',(57.0000002384186,-72.8,-21.5000000521541));
#6681=CARTESIAN_POINT('',(59.5000002384186,-72.8,-22.6000000521541));
#6682=CARTESIAN_POINT('Origin',(57.0000002384186,-71.5,-21.5000000521541));
#6683=CARTESIAN_POINT('',(57.0000002384186,-71.5,-21.5000000521541));
#6684=CARTESIAN_POINT('',(57.0000002384186,-71.5,-21.5000000521541));
#6685=CARTESIAN_POINT('',(57.0000002384186,-71.5,-23.5000000521541));
#6686=CARTESIAN_POINT('',(57.0000002384186,-71.5,-22.745000026077));
#6687=CARTESIAN_POINT('',(57.0000002384186,-71.9,-23.5000000521541));
#6688=CARTESIAN_POINT('',(57.0000002384186,-71.5,-23.5000000521541));
#6689=CARTESIAN_POINT('',(57.0000002384186,-72.525,-22.8750000521541));
#6690=CARTESIAN_POINT('Origin',(59.5000002384186,-72.35,-23.0500000521541));
#6691=CARTESIAN_POINT('',(59.5000002384186,-71.9,-23.5000000521541));
#6692=CARTESIAN_POINT('Origin',(57.0000002384186,-71.5,-23.5000000521541));
#6693=CARTESIAN_POINT('',(34.7500001192093,-71.5,-23.5000000521541));
#6694=CARTESIAN_POINT('Origin',(21.0000002384186,-72.8,-22.5000000521541));
#6695=CARTESIAN_POINT('',(16.0000002384186,-72.8,-22.6000000521541));
#6696=CARTESIAN_POINT('',(16.0000002384186,-72.8,-21.5000000521541));
#6697=CARTESIAN_POINT('',(18.5000002384186,-72.8,-22.6000000521541));
#6698=CARTESIAN_POINT('Origin',(18.5000002384186,-72.35,-23.0500000521541));
#6699=CARTESIAN_POINT('',(16.0000002384186,-71.9,-23.5000000521541));
#6700=CARTESIAN_POINT('',(16.0000002384186,-72.525,-22.8750000521541));
#6701=CARTESIAN_POINT('',(18.5000002384186,-71.9,-23.5000000521541));
#6702=CARTESIAN_POINT('Origin',(100.500000238419,-72.35,-23.0500000521541));
#6703=CARTESIAN_POINT('',(108.000000238419,-71.9,-23.5000000521541));
#6704=CARTESIAN_POINT('',(108.000000238419,-72.8,-22.6000000521541));
#6705=CARTESIAN_POINT('',(108.000000238419,-72.025,-23.3750000521541));
#6706=CARTESIAN_POINT('',(100.500000238419,-72.8,-22.6000000521541));
#6707=CARTESIAN_POINT('',(100.500000238419,-71.9,-23.5000000521541));
#6708=CARTESIAN_POINT('Origin',(103.000000238419,-72.8,-22.5000000521541));
#6709=CARTESIAN_POINT('',(108.000000238419,-72.8,-23.5000000521541));
#6710=CARTESIAN_POINT('Origin',(67.0000002384186,-12.5,-23.5000000521541));
#6711=CARTESIAN_POINT('',(67.0000002384186,-12.5,-23.5000000521541));
#6712=CARTESIAN_POINT('Origin',(67.0000002384186,-12.5,-21.5000000521541));
#6713=CARTESIAN_POINT('',(67.0000002384186,-12.5,-21.5000000521541));
#6714=CARTESIAN_POINT('Origin',(57.0000002384186,-12.5,-21.5000000521541));
#6715=CARTESIAN_POINT('Origin',(16.0000002384186,-12.5,-21.5000000521541));
#6716=CARTESIAN_POINT('Origin',(67.0000002384186,-71.5,-21.5000000521541));
#6717=CARTESIAN_POINT('',(39.7500001192093,-71.5,-21.5000000521541));
#6718=CARTESIAN_POINT('Origin',(16.0000002384186,-71.5,-23.5000000521541));
#6719=CARTESIAN_POINT('',(16.0000002384186,-71.5,-23.5000000521541));
#6720=CARTESIAN_POINT('',(16.0000002384186,-71.5,-23.5000000521541));
#6721=CARTESIAN_POINT('',(14.2500001192093,-71.5,-23.5000000521541));
#6722=CARTESIAN_POINT('Origin',(16.0000002384186,-71.5,-21.5000000521541));
#6723=CARTESIAN_POINT('',(16.0000002384186,-71.5,-21.5000000521541));
#6724=CARTESIAN_POINT('',(16.0000002384186,-71.5,-21.5000000521541));
#6725=CARTESIAN_POINT('',(16.0000002384186,-71.5,-22.745000026077));
#6726=CARTESIAN_POINT('Origin',(26.0000002384186,-71.5,-21.5000000521541));
#6727=CARTESIAN_POINT('',(19.2500001192093,-71.5,-21.5000000521541));
#6728=CARTESIAN_POINT('Origin',(98.0000002384186,-71.5,-23.5000000521541));
#6729=CARTESIAN_POINT('',(108.000000238419,-71.5,-23.5000000521541));
#6730=CARTESIAN_POINT('',(55.2500001192093,-71.5,-23.5000000521541));
#6731=CARTESIAN_POINT('',(108.000000238419,-71.5,-23.5000000521541));
#6732=CARTESIAN_POINT('Origin',(108.000000238419,-71.5,-21.5000000521541));
#6733=CARTESIAN_POINT('',(108.000000238419,-71.5,-21.5000000521541));
#6734=CARTESIAN_POINT('',(108.000000238419,-71.5,-21.5000000521541));
#6735=CARTESIAN_POINT('',(60.2500001192093,-71.5,-21.5000000521541));
#6736=CARTESIAN_POINT('Origin',(108.000000238419,-71.5,-23.5000000521541));
#6737=CARTESIAN_POINT('',(108.000000238419,-71.5,-23.745000026077));
#6738=CARTESIAN_POINT('Origin',(12.5,-71.5,-23.99));
#6739=CARTESIAN_POINT('',(12.5,-71.5,-23.99));
#6740=CARTESIAN_POINT('Origin',(12.5,-12.5,-23.99));
#6741=CARTESIAN_POINT('Origin',(111.25,-13.25,-23.99));
#6742=UNCERTAINTY_MEASURE_WITH_UNIT(LENGTH_MEASURE(0.01),#6746,
'DISTANCE_ACCURACY_VALUE',
'Maximum model space distance between geometric entities at asserted c
onnectivities');
#6743=UNCERTAINTY_MEASURE_WITH_UNIT(LENGTH_MEASURE(0.01),#6746,
'DISTANCE_ACCURACY_VALUE',
'Maximum model space distance between geometric entities at asserted c
onnectivities');
#6744=(
GEOMETRIC_REPRESENTATION_CONTEXT(3)
GLOBAL_UNCERTAINTY_ASSIGNED_CONTEXT((#6742))
GLOBAL_UNIT_ASSIGNED_CONTEXT((#6746,#6748,#6749))
REPRESENTATION_CONTEXT('','3D')
);
#6745=(
GEOMETRIC_REPRESENTATION_CONTEXT(3)
GLOBAL_UNCERTAINTY_ASSIGNED_CONTEXT((#6743))
GLOBAL_UNIT_ASSIGNED_CONTEXT((#6746,#6748,#6749))
REPRESENTATION_CONTEXT('','3D')
);
#6746=(
LENGTH_UNIT()
NAMED_UNIT(*)
SI_UNIT(.MILLI.,.METRE.)
);
#6747=(
LENGTH_UNIT()
NAMED_UNIT(*)
SI_UNIT($,.METRE.)
);
#6748=(
NAMED_UNIT(*)
PLANE_ANGLE_UNIT()
SI_UNIT($,.RADIAN.)
);
#6749=(
NAMED_UNIT(*)
SI_UNIT($,.STERADIAN.)
SOLID_ANGLE_UNIT()
);
#6750=SHAPE_DEFINITION_REPRESENTATION(#6751,#6752);
#6751=PRODUCT_DEFINITION_SHAPE('',$,#6754);
#6752=SHAPE_REPRESENTATION('',(#4203),#6744);
#6753=PRODUCT_DEFINITION_CONTEXT('part definition',#6758,'design');
#6754=PRODUCT_DEFINITION('2026-09-28-19-06-41-120','BOTTOM',#6755,#6753);
#6755=PRODUCT_DEFINITION_FORMATION('',$,#6760);
#6756=PRODUCT_RELATED_PRODUCT_CATEGORY('BOTTOM','BOTTOM',(#6760));
#6757=APPLICATION_PROTOCOL_DEFINITION('international standard',
'automotive_design',2009,#6758);
#6758=APPLICATION_CONTEXT(
'Core Data for Automotive Mechanical Design Process');
#6759=PRODUCT_CONTEXT('part definition',#6758,'mechanical');
#6760=PRODUCT('2026-09-28-19-06-41-120','BOTTOM',$,(#6759));
#6761=PRESENTATION_STYLE_ASSIGNMENT((#6763));
#6762=PRESENTATION_STYLE_ASSIGNMENT((#6764));
#6763=SURFACE_STYLE_USAGE(.BOTH.,#6765);
#6764=SURFACE_STYLE_USAGE(.BOTH.,#6766);
#6765=SURFACE_SIDE_STYLE('',(#6767));
#6766=SURFACE_SIDE_STYLE('',(#6768));
#6767=SURFACE_STYLE_FILL_AREA(#6769);
#6768=SURFACE_STYLE_FILL_AREA(#6770);
#6769=FILL_AREA_STYLE('Steel - Satin',(#6771));
#6770=FILL_AREA_STYLE('Opaque(243,203,124)',(#6772));
#6771=FILL_AREA_STYLE_COLOUR('Steel - Satin',#6773);
#6772=FILL_AREA_STYLE_COLOUR('Opaque(243,203,124)',#6774);
#6773=COLOUR_RGB('Steel - Satin',0.627450980392157,0.627450980392157,0.627450980392157);
#6774=COLOUR_RGB('Opaque(243,203,124)',0.952941176470588,0.796078431372549,
0.486274509803922);
ENDSEC;
END-ISO-10303-21;
